timestamp,raw,buttons,analogs
2026-05-16T12:23:29.887,02000100000000000000000000000000000000000000000000000000000000000000000000000000000000000000000000000000000000000000000000000000,"0,1,0,0","0,1,0,0"
2026-05-16T12:23:29.887,02000000000000000000000000000000000000000000000000000000000000000000000000000000000000000000000000000000000000000000000000000000,"0,1,0,0","0,0,0,0"
2026-05-16T12:23:33.893,02000100000000000000000000000000000000000000000000000000000000000000000000000000000000000000000000000000000000000000000000000000,"0,1,0,0","0,1,0,0"
2026-05-16T12:23:34.093,02000000000000000000000000000000000000000000000000000000000000000000000000000000000000000000000000000000000000000000000000000000,"0,1,0,0","0,0,0,0"
2026-05-16T12:23:49.415,02010100000000000000000000000000000000000000000000000000000000000000000000000000000000000000000000000000000000000000000000000000,"0,1,0,0","1,1,0,0"
2026-05-16T12:23:49.615,02010000000000000000000000000000000000000000000000000000000000000000000000000000000000000000000000000000000000000000000000000000,"0,1,0,0","1,0,0,0"
2026-05-16T12:24:02.642,02020100000000000000000000000000000000000000000000000000000000000000000000000000000000000000000000000000000000000000000000000000,"0,1,0,0","2,1,0,0"
2026-05-16T12:24:02.843,02020000000000000000000000000000000000000000000000000000000000000000000000000000000000000000000000000000000000000000000000000000,"0,1,0,0","2,0,0,0"
2026-05-16T12:24:15.373,02030100000000000000000000000000000000000000000000000000000000000000000000000000000000000000000000000000000000000000000000000000,"0,1,0,0","3,1,0,0"
2026-05-16T12:24:15.573,02030000000000000000000000000000000000000000000000000000000000000000000000000000000000000000000000000000000000000000000000000000,"0,1,0,0","3,0,0,0"
2026-05-16T12:24:27.693,02010100000000000000000000000000000000000000000000000000000000000000000000000000000000000000000000000000000000000000000000000000,"0,1,0,0","1,1,0,0"
2026-05-16T12:24:27.793,02010000000000000000000000000000000000000000000000000000000000000000000000000000000000000000000000000000000000000000000000000000,"0,1,0,0","1,0,0,0"
2026-05-16T12:24:28.995,02000100000000000000000000000000000000000000000000000000000000000000000000000000000000000000000000000000000000000000000000000000,"0,1,0,0","0,1,0,0"
2026-05-16T12:24:29.095,02000000000000000000000000000000000000000000000000000000000000000000000000000000000000000000000000000000000000000000000000000000,"0,1,0,0","0,0,0,0"
2026-05-16T12:24:29.796,02020100000000000000000000000000000000000000000000000000000000000000000000000000000000000000000000000000000000000000000000000000,"0,1,0,0","2,1,0,0"
2026-05-16T12:24:29.896,02020000000000000000000000000000000000000000000000000000000000000000000000000000000000000000000000000000000000000000000000000000,"0,1,0,0","2,0,0,0"
2026-05-16T12:24:30.597,02030100000000000000000000000000000000000000000000000000000000000000000000000000000000000000000000000000000000000000000000000000,"0,1,0,0","3,1,0,0"
2026-05-16T12:24:30.698,02030000000000000000000000000000000000000000000000000000000000000000000000000000000000000000000000000000000000000000000000000000,"0,1,0,0","3,0,0,0"
2026-05-16T12:24:35.303,01000100000000000000000000000000000000000000000000000000000000000000000000000000000000000000000000000000000000000000000000000000,"1,0,0,0","0,1,0,0"
2026-05-16T12:24:35.303,01000200000000000000000000000000000000000000000000000000000000000000000000000000000000000000000000000000000000000000000000000000,"1,0,0,0","0,2,0,0"
2026-05-16T12:24:35.303,01000300000000000000000000000000000000000000000000000000000000000000000000000000000000000000000000000000000000000000000000000000,"1,0,0,0","0,3,0,0"
2026-05-16T12:24:35.303,01000400000000000000000000000000000000000000000000000000000000000000000000000000000000000000000000000000000000000000000000000000,"1,0,0,0","0,4,0,0"
2026-05-16T12:24:35.303,01000500000000000000000000000000000000000000000000000000000000000000000000000000000000000000000000000000000000000000000000000000,"1,0,0,0","0,5,0,0"
2026-05-16T12:24:35.304,01000600000000000000000000000000000000000000000000000000000000000000000000000000000000000000000000000000000000000000000000000000,"1,0,0,0","0,6,0,0"
2026-05-16T12:24:35.304,01000700000000000000000000000000000000000000000000000000000000000000000000000000000000000000000000000000000000000000000000000000,"1,0,0,0","0,7,0,0"
2026-05-16T12:24:35.304,01000800000000000000000000000000000000000000000000000000000000000000000000000000000000000000000000000000000000000000000000000000,"1,0,0,0","0,8,0,0"
2026-05-16T12:24:35.304,01000900000000000000000000000000000000000000000000000000000000000000000000000000000000000000000000000000000000000000000000000000,"1,0,0,0","0,9,0,0"
2026-05-16T12:24:35.304,01000a00000000000000000000000000000000000000000000000000000000000000000000000000000000000000000000000000000000000000000000000000,"1,0,0,0","0,10,0,0"
2026-05-16T12:24:35.304,01000b00000000000000000000000000000000000000000000000000000000000000000000000000000000000000000000000000000000000000000000000000,"1,0,0,0","0,11,0,0"
2026-05-16T12:24:35.304,01000c00000000000000000000000000000000000000000000000000000000000000000000000000000000000000000000000000000000000000000000000000,"1,0,0,0","0,12,0,0"
2026-05-16T12:24:35.304,01000d00000000000000000000000000000000000000000000000000000000000000000000000000000000000000000000000000000000000000000000000000,"1,0,0,0","0,13,0,0"
2026-05-16T12:24:35.304,01000e00000000000000000000000000000000000000000000000000000000000000000000000000000000000000000000000000000000000000000000000000,"1,0,0,0","0,14,0,0"
2026-05-16T12:24:35.304,01000f00000000000000000000000000000000000000000000000000000000000000000000000000000000000000000000000000000000000000000000000000,"1,0,0,0","0,15,0,0"
2026-05-16T12:24:35.304,01001000000000000000000000000000000000000000000000000000000000000000000000000000000000000000000000000000000000000000000000000000,"1,0,0,0","0,16,0,0"
2026-05-16T12:24:35.304,01001100000000000000000000000000000000000000000000000000000000000000000000000000000000000000000000000000000000000000000000000000,"1,0,0,0","0,17,0,0"
2026-05-16T12:24:35.304,01001200000000000000000000000000000000000000000000000000000000000000000000000000000000000000000000000000000000000000000000000000,"1,0,0,0","0,18,0,0"
2026-05-16T12:24:35.304,01001300000000000000000000000000000000000000000000000000000000000000000000000000000000000000000000000000000000000000000000000000,"1,0,0,0","0,19,0,0"
2026-05-16T12:24:35.304,01001400000000000000000000000000000000000000000000000000000000000000000000000000000000000000000000000000000000000000000000000000,"1,0,0,0","0,20,0,0"
2026-05-16T12:24:35.304,01001500000000000000000000000000000000000000000000000000000000000000000000000000000000000000000000000000000000000000000000000000,"1,0,0,0","0,21,0,0"
2026-05-16T12:24:35.304,01001600000000000000000000000000000000000000000000000000000000000000000000000000000000000000000000000000000000000000000000000000,"1,0,0,0","0,22,0,0"
2026-05-16T12:24:35.304,01001700000000000000000000000000000000000000000000000000000000000000000000000000000000000000000000000000000000000000000000000000,"1,0,0,0","0,23,0,0"
2026-05-16T12:24:35.404,01001800000000000000000000000000000000000000000000000000000000000000000000000000000000000000000000000000000000000000000000000000,"1,0,0,0","0,24,0,0"
2026-05-16T12:24:35.404,01001900000000000000000000000000000000000000000000000000000000000000000000000000000000000000000000000000000000000000000000000000,"1,0,0,0","0,25,0,0"
2026-05-16T12:24:35.404,01001a00000000000000000000000000000000000000000000000000000000000000000000000000000000000000000000000000000000000000000000000000,"1,0,0,0","0,26,0,0"
2026-05-16T12:24:35.404,01001b00000000000000000000000000000000000000000000000000000000000000000000000000000000000000000000000000000000000000000000000000,"1,0,0,0","0,27,0,0"
2026-05-16T12:24:35.404,01001c00000000000000000000000000000000000000000000000000000000000000000000000000000000000000000000000000000000000000000000000000,"1,0,0,0","0,28,0,0"
2026-05-16T12:24:35.404,01001d00000000000000000000000000000000000000000000000000000000000000000000000000000000000000000000000000000000000000000000000000,"1,0,0,0","0,29,0,0"
2026-05-16T12:24:35.404,01001e00000000000000000000000000000000000000000000000000000000000000000000000000000000000000000000000000000000000000000000000000,"1,0,0,0","0,30,0,0"
2026-05-16T12:24:35.404,01001f00000000000000000000000000000000000000000000000000000000000000000000000000000000000000000000000000000000000000000000000000,"1,0,0,0","0,31,0,0"
2026-05-16T12:24:35.404,01002000000000000000000000000000000000000000000000000000000000000000000000000000000000000000000000000000000000000000000000000000,"1,0,0,0","0,32,0,0"
2026-05-16T12:24:35.404,01002100000000000000000000000000000000000000000000000000000000000000000000000000000000000000000000000000000000000000000000000000,"1,0,0,0","0,33,0,0"
2026-05-16T12:24:35.404,01002200000000000000000000000000000000000000000000000000000000000000000000000000000000000000000000000000000000000000000000000000,"1,0,0,0","0,34,0,0"
2026-05-16T12:24:35.404,01002300000000000000000000000000000000000000000000000000000000000000000000000000000000000000000000000000000000000000000000000000,"1,0,0,0","0,35,0,0"
2026-05-16T12:24:35.404,01002400000000000000000000000000000000000000000000000000000000000000000000000000000000000000000000000000000000000000000000000000,"1,0,0,0","0,36,0,0"
2026-05-16T12:24:35.405,01002500000000000000000000000000000000000000000000000000000000000000000000000000000000000000000000000000000000000000000000000000,"1,0,0,0","0,37,0,0"
2026-05-16T12:24:35.405,01002600000000000000000000000000000000000000000000000000000000000000000000000000000000000000000000000000000000000000000000000000,"1,0,0,0","0,38,0,0"
2026-05-16T12:24:35.405,01002700000000000000000000000000000000000000000000000000000000000000000000000000000000000000000000000000000000000000000000000000,"1,0,0,0","0,39,0,0"
2026-05-16T12:24:35.405,01002800000000000000000000000000000000000000000000000000000000000000000000000000000000000000000000000000000000000000000000000000,"1,0,0,0","0,40,0,0"
2026-05-16T12:24:35.405,01002900000000000000000000000000000000000000000000000000000000000000000000000000000000000000000000000000000000000000000000000000,"1,0,0,0","0,41,0,0"
2026-05-16T12:24:35.405,01002a00000000000000000000000000000000000000000000000000000000000000000000000000000000000000000000000000000000000000000000000000,"1,0,0,0","0,42,0,0"
2026-05-16T12:24:35.405,01002b00000000000000000000000000000000000000000000000000000000000000000000000000000000000000000000000000000000000000000000000000,"1,0,0,0","0,43,0,0"
2026-05-16T12:24:35.405,01002c00000000000000000000000000000000000000000000000000000000000000000000000000000000000000000000000000000000000000000000000000,"1,0,0,0","0,44,0,0"
2026-05-16T12:24:35.405,01002d00000000000000000000000000000000000000000000000000000000000000000000000000000000000000000000000000000000000000000000000000,"1,0,0,0","0,45,0,0"
2026-05-16T12:24:35.405,01002e00000000000000000000000000000000000000000000000000000000000000000000000000000000000000000000000000000000000000000000000000,"1,0,0,0","0,46,0,0"
2026-05-16T12:24:35.405,01002f00000000000000000000000000000000000000000000000000000000000000000000000000000000000000000000000000000000000000000000000000,"1,0,0,0","0,47,0,0"
2026-05-16T12:24:35.405,01003000000000000000000000000000000000000000000000000000000000000000000000000000000000000000000000000000000000000000000000000000,"1,0,0,0","0,48,0,0"
2026-05-16T12:24:35.405,01003100000000000000000000000000000000000000000000000000000000000000000000000000000000000000000000000000000000000000000000000000,"1,0,0,0","0,49,0,0"
2026-05-16T12:24:35.505,01003200000000000000000000000000000000000000000000000000000000000000000000000000000000000000000000000000000000000000000000000000,"1,0,0,0","0,50,0,0"
2026-05-16T12:24:35.505,01003300000000000000000000000000000000000000000000000000000000000000000000000000000000000000000000000000000000000000000000000000,"1,0,0,0","0,51,0,0"
2026-05-16T12:24:35.505,01003400000000000000000000000000000000000000000000000000000000000000000000000000000000000000000000000000000000000000000000000000,"1,0,0,0","0,52,0,0"
2026-05-16T12:24:35.505,01003500000000000000000000000000000000000000000000000000000000000000000000000000000000000000000000000000000000000000000000000000,"1,0,0,0","0,53,0,0"
2026-05-16T12:24:35.505,01003600000000000000000000000000000000000000000000000000000000000000000000000000000000000000000000000000000000000000000000000000,"1,0,0,0","0,54,0,0"
2026-05-16T12:24:35.505,01003700000000000000000000000000000000000000000000000000000000000000000000000000000000000000000000000000000000000000000000000000,"1,0,0,0","0,55,0,0"
2026-05-16T12:24:35.505,01003800000000000000000000000000000000000000000000000000000000000000000000000000000000000000000000000000000000000000000000000000,"1,0,0,0","0,56,0,0"
2026-05-16T12:24:35.505,01003900000000000000000000000000000000000000000000000000000000000000000000000000000000000000000000000000000000000000000000000000,"1,0,0,0","0,57,0,0"
2026-05-16T12:24:35.505,01003a00000000000000000000000000000000000000000000000000000000000000000000000000000000000000000000000000000000000000000000000000,"1,0,0,0","0,58,0,0"
2026-05-16T12:24:35.505,01003b00000000000000000000000000000000000000000000000000000000000000000000000000000000000000000000000000000000000000000000000000,"1,0,0,0","0,59,0,0"
2026-05-16T12:24:35.505,01003c00000000000000000000000000000000000000000000000000000000000000000000000000000000000000000000000000000000000000000000000000,"1,0,0,0","0,60,0,0"
2026-05-16T12:24:35.505,01003d00000000000000000000000000000000000000000000000000000000000000000000000000000000000000000000000000000000000000000000000000,"1,0,0,0","0,61,0,0"
2026-05-16T12:24:35.505,01003e00000000000000000000000000000000000000000000000000000000000000000000000000000000000000000000000000000000000000000000000000,"1,0,0,0","0,62,0,0"
2026-05-16T12:24:35.505,01003f00000000000000000000000000000000000000000000000000000000000000000000000000000000000000000000000000000000000000000000000000,"1,0,0,0","0,63,0,0"
2026-05-16T12:24:35.505,01004000000000000000000000000000000000000000000000000000000000000000000000000000000000000000000000000000000000000000000000000000,"1,0,0,0","0,64,0,0"
2026-05-16T12:24:35.505,01004100000000000000000000000000000000000000000000000000000000000000000000000000000000000000000000000000000000000000000000000000,"1,0,0,0","0,65,0,0"
2026-05-16T12:24:35.505,01004200000000000000000000000000000000000000000000000000000000000000000000000000000000000000000000000000000000000000000000000000,"1,0,0,0","0,66,0,0"
2026-05-16T12:24:35.505,01004300000000000000000000000000000000000000000000000000000000000000000000000000000000000000000000000000000000000000000000000000,"1,0,0,0","0,67,0,0"
2026-05-16T12:24:35.505,01004400000000000000000000000000000000000000000000000000000000000000000000000000000000000000000000000000000000000000000000000000,"1,0,0,0","0,68,0,0"
2026-05-16T12:24:35.606,01004500000000000000000000000000000000000000000000000000000000000000000000000000000000000000000000000000000000000000000000000000,"1,0,0,0","0,69,0,0"
2026-05-16T12:24:35.606,01004600000000000000000000000000000000000000000000000000000000000000000000000000000000000000000000000000000000000000000000000000,"1,0,0,0","0,70,0,0"
2026-05-16T12:24:35.606,01004700000000000000000000000000000000000000000000000000000000000000000000000000000000000000000000000000000000000000000000000000,"1,0,0,0","0,71,0,0"
2026-05-16T12:24:35.606,01004800000000000000000000000000000000000000000000000000000000000000000000000000000000000000000000000000000000000000000000000000,"1,0,0,0","0,72,0,0"
2026-05-16T12:24:35.606,01004900000000000000000000000000000000000000000000000000000000000000000000000000000000000000000000000000000000000000000000000000,"1,0,0,0","0,73,0,0"
2026-05-16T12:24:35.606,01004a00000000000000000000000000000000000000000000000000000000000000000000000000000000000000000000000000000000000000000000000000,"1,0,0,0","0,74,0,0"
2026-05-16T12:24:35.606,01004b00000000000000000000000000000000000000000000000000000000000000000000000000000000000000000000000000000000000000000000000000,"1,0,0,0","0,75,0,0"
2026-05-16T12:24:35.606,01004c00000000000000000000000000000000000000000000000000000000000000000000000000000000000000000000000000000000000000000000000000,"1,0,0,0","0,76,0,0"
2026-05-16T12:24:35.606,01004d00000000000000000000000000000000000000000000000000000000000000000000000000000000000000000000000000000000000000000000000000,"1,0,0,0","0,77,0,0"
2026-05-16T12:24:35.606,01004e00000000000000000000000000000000000000000000000000000000000000000000000000000000000000000000000000000000000000000000000000,"1,0,0,0","0,78,0,0"
2026-05-16T12:24:35.606,01004f00000000000000000000000000000000000000000000000000000000000000000000000000000000000000000000000000000000000000000000000000,"1,0,0,0","0,79,0,0"
2026-05-16T12:24:35.606,01005000000000000000000000000000000000000000000000000000000000000000000000000000000000000000000000000000000000000000000000000000,"1,0,0,0","0,80,0,0"
2026-05-16T12:24:35.606,01005100000000000000000000000000000000000000000000000000000000000000000000000000000000000000000000000000000000000000000000000000,"1,0,0,0","0,81,0,0"
2026-05-16T12:24:35.606,01005200000000000000000000000000000000000000000000000000000000000000000000000000000000000000000000000000000000000000000000000000,"1,0,0,0","0,82,0,0"
2026-05-16T12:24:35.606,01005300000000000000000000000000000000000000000000000000000000000000000000000000000000000000000000000000000000000000000000000000,"1,0,0,0","0,83,0,0"
2026-05-16T12:24:35.606,01005500000000000000000000000000000000000000000000000000000000000000000000000000000000000000000000000000000000000000000000000000,"1,0,0,0","0,85,0,0"
2026-05-16T12:24:35.606,01005600000000000000000000000000000000000000000000000000000000000000000000000000000000000000000000000000000000000000000000000000,"1,0,0,0","0,86,0,0"
2026-05-16T12:24:35.606,01005700000000000000000000000000000000000000000000000000000000000000000000000000000000000000000000000000000000000000000000000000,"1,0,0,0","0,87,0,0"
2026-05-16T12:24:35.606,01005800000000000000000000000000000000000000000000000000000000000000000000000000000000000000000000000000000000000000000000000000,"1,0,0,0","0,88,0,0"
2026-05-16T12:24:35.606,01005900000000000000000000000000000000000000000000000000000000000000000000000000000000000000000000000000000000000000000000000000,"1,0,0,0","0,89,0,0"
2026-05-16T12:24:35.606,01005a00000000000000000000000000000000000000000000000000000000000000000000000000000000000000000000000000000000000000000000000000,"1,0,0,0","0,90,0,0"
2026-05-16T12:24:35.606,01005b00000000000000000000000000000000000000000000000000000000000000000000000000000000000000000000000000000000000000000000000000,"1,0,0,0","0,91,0,0"
2026-05-16T12:24:35.606,01005c00000000000000000000000000000000000000000000000000000000000000000000000000000000000000000000000000000000000000000000000000,"1,0,0,0","0,92,0,0"
2026-05-16T12:24:35.606,01005d00000000000000000000000000000000000000000000000000000000000000000000000000000000000000000000000000000000000000000000000000,"1,0,0,0","0,93,0,0"
2026-05-16T12:24:35.606,01005e00000000000000000000000000000000000000000000000000000000000000000000000000000000000000000000000000000000000000000000000000,"1,0,0,0","0,94,0,0"
2026-05-16T12:24:35.606,01005f00000000000000000000000000000000000000000000000000000000000000000000000000000000000000000000000000000000000000000000000000,"1,0,0,0","0,95,0,0"
2026-05-16T12:24:35.606,01006000000000000000000000000000000000000000000000000000000000000000000000000000000000000000000000000000000000000000000000000000,"1,0,0,0","0,96,0,0"
2026-05-16T12:24:35.606,01006100000000000000000000000000000000000000000000000000000000000000000000000000000000000000000000000000000000000000000000000000,"1,0,0,0","0,97,0,0"
2026-05-16T12:24:35.606,01006200000000000000000000000000000000000000000000000000000000000000000000000000000000000000000000000000000000000000000000000000,"1,0,0,0","0,98,0,0"
2026-05-16T12:24:35.606,01006300000000000000000000000000000000000000000000000000000000000000000000000000000000000000000000000000000000000000000000000000,"1,0,0,0","0,99,0,0"
2026-05-16T12:24:35.606,01006400000000000000000000000000000000000000000000000000000000000000000000000000000000000000000000000000000000000000000000000000,"1,0,0,0","0,100,0,0"
2026-05-16T12:24:35.606,01006600000000000000000000000000000000000000000000000000000000000000000000000000000000000000000000000000000000000000000000000000,"1,0,0,0","0,102,0,0"
2026-05-16T12:24:35.606,01006700000000000000000000000000000000000000000000000000000000000000000000000000000000000000000000000000000000000000000000000000,"1,0,0,0","0,103,0,0"
2026-05-16T12:24:35.606,01006800000000000000000000000000000000000000000000000000000000000000000000000000000000000000000000000000000000000000000000000000,"1,0,0,0","0,104,0,0"
2026-05-16T12:24:35.606,01006900000000000000000000000000000000000000000000000000000000000000000000000000000000000000000000000000000000000000000000000000,"1,0,0,0","0,105,0,0"
2026-05-16T12:24:35.606,01006a00000000000000000000000000000000000000000000000000000000000000000000000000000000000000000000000000000000000000000000000000,"1,0,0,0","0,106,0,0"
2026-05-16T12:24:35.606,01006b00000000000000000000000000000000000000000000000000000000000000000000000000000000000000000000000000000000000000000000000000,"1,0,0,0","0,107,0,0"
2026-05-16T12:24:35.606,01006c00000000000000000000000000000000000000000000000000000000000000000000000000000000000000000000000000000000000000000000000000,"1,0,0,0","0,108,0,0"
2026-05-16T12:24:35.606,01006d00000000000000000000000000000000000000000000000000000000000000000000000000000000000000000000000000000000000000000000000000,"1,0,0,0","0,109,0,0"
2026-05-16T12:24:35.606,01006e00000000000000000000000000000000000000000000000000000000000000000000000000000000000000000000000000000000000000000000000000,"1,0,0,0","0,110,0,0"
2026-05-16T12:24:35.606,01006f00000000000000000000000000000000000000000000000000000000000000000000000000000000000000000000000000000000000000000000000000,"1,0,0,0","0,111,0,0"
2026-05-16T12:24:35.606,01007000000000000000000000000000000000000000000000000000000000000000000000000000000000000000000000000000000000000000000000000000,"1,0,0,0","0,112,0,0"
2026-05-16T12:24:35.606,01007100000000000000000000000000000000000000000000000000000000000000000000000000000000000000000000000000000000000000000000000000,"1,0,0,0","0,113,0,0"
2026-05-16T12:24:35.606,01007200000000000000000000000000000000000000000000000000000000000000000000000000000000000000000000000000000000000000000000000000,"1,0,0,0","0,114,0,0"
2026-05-16T12:24:35.606,01007300000000000000000000000000000000000000000000000000000000000000000000000000000000000000000000000000000000000000000000000000,"1,0,0,0","0,115,0,0"
2026-05-16T12:24:35.707,01007400000000000000000000000000000000000000000000000000000000000000000000000000000000000000000000000000000000000000000000000000,"1,0,0,0","0,116,0,0"
2026-05-16T12:24:35.707,01007500000000000000000000000000000000000000000000000000000000000000000000000000000000000000000000000000000000000000000000000000,"1,0,0,0","0,117,0,0"
2026-05-16T12:24:35.707,01007600000000000000000000000000000000000000000000000000000000000000000000000000000000000000000000000000000000000000000000000000,"1,0,0,0","0,118,0,0"
2026-05-16T12:24:35.707,01007700000000000000000000000000000000000000000000000000000000000000000000000000000000000000000000000000000000000000000000000000,"1,0,0,0","0,119,0,0"
2026-05-16T12:24:35.707,01007800000000000000000000000000000000000000000000000000000000000000000000000000000000000000000000000000000000000000000000000000,"1,0,0,0","0,120,0,0"
2026-05-16T12:24:35.707,01007900000000000000000000000000000000000000000000000000000000000000000000000000000000000000000000000000000000000000000000000000,"1,0,0,0","0,121,0,0"
2026-05-16T12:24:35.707,01007a00000000000000000000000000000000000000000000000000000000000000000000000000000000000000000000000000000000000000000000000000,"1,0,0,0","0,122,0,0"
2026-05-16T12:24:35.707,01007b00000000000000000000000000000000000000000000000000000000000000000000000000000000000000000000000000000000000000000000000000,"1,0,0,0","0,123,0,0"
2026-05-16T12:24:35.707,01007c00000000000000000000000000000000000000000000000000000000000000000000000000000000000000000000000000000000000000000000000000,"1,0,0,0","0,124,0,0"
2026-05-16T12:24:35.707,01007d00000000000000000000000000000000000000000000000000000000000000000000000000000000000000000000000000000000000000000000000000,"1,0,0,0","0,125,0,0"
2026-05-16T12:24:35.707,01007e00000000000000000000000000000000000000000000000000000000000000000000000000000000000000000000000000000000000000000000000000,"1,0,0,0","0,126,0,0"
2026-05-16T12:24:35.707,01007f00000000000000000000000000000000000000000000000000000000000000000000000000000000000000000000000000000000000000000000000000,"1,0,0,0","0,127,0,0"
2026-05-16T12:24:35.707,01008000000000000000000000000000000000000000000000000000000000000000000000000000000000000000000000000000000000000000000000000000,"1,0,0,0","0,128,0,0"
2026-05-16T12:24:35.707,01008100000000000000000000000000000000000000000000000000000000000000000000000000000000000000000000000000000000000000000000000000,"1,0,0,0","0,129,0,0"
2026-05-16T12:24:35.707,01008200000000000000000000000000000000000000000000000000000000000000000000000000000000000000000000000000000000000000000000000000,"1,0,0,0","0,130,0,0"
2026-05-16T12:24:35.707,01008300000000000000000000000000000000000000000000000000000000000000000000000000000000000000000000000000000000000000000000000000,"1,0,0,0","0,131,0,0"
2026-05-16T12:24:35.707,01008400000000000000000000000000000000000000000000000000000000000000000000000000000000000000000000000000000000000000000000000000,"1,0,0,0","0,132,0,0"
2026-05-16T12:24:35.707,01008500000000000000000000000000000000000000000000000000000000000000000000000000000000000000000000000000000000000000000000000000,"1,0,0,0","0,133,0,0"
2026-05-16T12:24:35.707,01008600000000000000000000000000000000000000000000000000000000000000000000000000000000000000000000000000000000000000000000000000,"1,0,0,0","0,134,0,0"
2026-05-16T12:24:35.707,01008700000000000000000000000000000000000000000000000000000000000000000000000000000000000000000000000000000000000000000000000000,"1,0,0,0","0,135,0,0"
2026-05-16T12:24:35.707,01008800000000000000000000000000000000000000000000000000000000000000000000000000000000000000000000000000000000000000000000000000,"1,0,0,0","0,136,0,0"
2026-05-16T12:24:35.707,01008900000000000000000000000000000000000000000000000000000000000000000000000000000000000000000000000000000000000000000000000000,"1,0,0,0","0,137,0,0"
2026-05-16T12:24:35.707,01008a00000000000000000000000000000000000000000000000000000000000000000000000000000000000000000000000000000000000000000000000000,"1,0,0,0","0,138,0,0"
2026-05-16T12:24:35.707,01008b00000000000000000000000000000000000000000000000000000000000000000000000000000000000000000000000000000000000000000000000000,"1,0,0,0","0,139,0,0"
2026-05-16T12:24:35.707,01008c00000000000000000000000000000000000000000000000000000000000000000000000000000000000000000000000000000000000000000000000000,"1,0,0,0","0,140,0,0"
2026-05-16T12:24:35.707,01008d00000000000000000000000000000000000000000000000000000000000000000000000000000000000000000000000000000000000000000000000000,"1,0,0,0","0,141,0,0"
2026-05-16T12:24:35.707,01008e00000000000000000000000000000000000000000000000000000000000000000000000000000000000000000000000000000000000000000000000000,"1,0,0,0","0,142,0,0"
2026-05-16T12:24:35.707,01008f00000000000000000000000000000000000000000000000000000000000000000000000000000000000000000000000000000000000000000000000000,"1,0,0,0","0,143,0,0"
2026-05-16T12:24:35.707,01009000000000000000000000000000000000000000000000000000000000000000000000000000000000000000000000000000000000000000000000000000,"1,0,0,0","0,144,0,0"
2026-05-16T12:24:35.707,01009100000000000000000000000000000000000000000000000000000000000000000000000000000000000000000000000000000000000000000000000000,"1,0,0,0","0,145,0,0"
2026-05-16T12:24:35.707,01009200000000000000000000000000000000000000000000000000000000000000000000000000000000000000000000000000000000000000000000000000,"1,0,0,0","0,146,0,0"
2026-05-16T12:24:35.707,01009300000000000000000000000000000000000000000000000000000000000000000000000000000000000000000000000000000000000000000000000000,"1,0,0,0","0,147,0,0"
2026-05-16T12:24:35.707,01009400000000000000000000000000000000000000000000000000000000000000000000000000000000000000000000000000000000000000000000000000,"1,0,0,0","0,148,0,0"
2026-05-16T12:24:35.707,01009500000000000000000000000000000000000000000000000000000000000000000000000000000000000000000000000000000000000000000000000000,"1,0,0,0","0,149,0,0"
2026-05-16T12:24:35.707,01009600000000000000000000000000000000000000000000000000000000000000000000000000000000000000000000000000000000000000000000000000,"1,0,0,0","0,150,0,0"
2026-05-16T12:24:35.707,01009700000000000000000000000000000000000000000000000000000000000000000000000000000000000000000000000000000000000000000000000000,"1,0,0,0","0,151,0,0"
2026-05-16T12:24:35.707,01009800000000000000000000000000000000000000000000000000000000000000000000000000000000000000000000000000000000000000000000000000,"1,0,0,0","0,152,0,0"
2026-05-16T12:24:35.808,01009900000000000000000000000000000000000000000000000000000000000000000000000000000000000000000000000000000000000000000000000000,"1,0,0,0","0,153,0,0"
2026-05-16T12:24:35.808,01009a00000000000000000000000000000000000000000000000000000000000000000000000000000000000000000000000000000000000000000000000000,"1,0,0,0","0,154,0,0"
2026-05-16T12:24:35.808,01009b00000000000000000000000000000000000000000000000000000000000000000000000000000000000000000000000000000000000000000000000000,"1,0,0,0","0,155,0,0"
2026-05-16T12:24:35.808,01009c00000000000000000000000000000000000000000000000000000000000000000000000000000000000000000000000000000000000000000000000000,"1,0,0,0","0,156,0,0"
2026-05-16T12:24:35.808,01009d00000000000000000000000000000000000000000000000000000000000000000000000000000000000000000000000000000000000000000000000000,"1,0,0,0","0,157,0,0"
2026-05-16T12:24:35.808,01009e00000000000000000000000000000000000000000000000000000000000000000000000000000000000000000000000000000000000000000000000000,"1,0,0,0","0,158,0,0"
2026-05-16T12:24:35.808,01009f00000000000000000000000000000000000000000000000000000000000000000000000000000000000000000000000000000000000000000000000000,"1,0,0,0","0,159,0,0"
2026-05-16T12:24:35.808,0100a000000000000000000000000000000000000000000000000000000000000000000000000000000000000000000000000000000000000000000000000000,"1,0,0,0","0,160,0,0"
2026-05-16T12:24:35.808,0100a100000000000000000000000000000000000000000000000000000000000000000000000000000000000000000000000000000000000000000000000000,"1,0,0,0","0,161,0,0"
2026-05-16T12:24:35.908,0100a200000000000000000000000000000000000000000000000000000000000000000000000000000000000000000000000000000000000000000000000000,"1,0,0,0","0,162,0,0"
2026-05-16T12:24:35.908,0100a300000000000000000000000000000000000000000000000000000000000000000000000000000000000000000000000000000000000000000000000000,"1,0,0,0","0,163,0,0"
2026-05-16T12:24:35.908,0100a400000000000000000000000000000000000000000000000000000000000000000000000000000000000000000000000000000000000000000000000000,"1,0,0,0","0,164,0,0"
2026-05-16T12:24:35.908,0100a500000000000000000000000000000000000000000000000000000000000000000000000000000000000000000000000000000000000000000000000000,"1,0,0,0","0,165,0,0"
2026-05-16T12:24:35.908,0100a600000000000000000000000000000000000000000000000000000000000000000000000000000000000000000000000000000000000000000000000000,"1,0,0,0","0,166,0,0"
2026-05-16T12:24:35.908,0100a700000000000000000000000000000000000000000000000000000000000000000000000000000000000000000000000000000000000000000000000000,"1,0,0,0","0,167,0,0"
2026-05-16T12:24:35.908,0100a800000000000000000000000000000000000000000000000000000000000000000000000000000000000000000000000000000000000000000000000000,"1,0,0,0","0,168,0,0"
2026-05-16T12:24:35.908,0100a900000000000000000000000000000000000000000000000000000000000000000000000000000000000000000000000000000000000000000000000000,"1,0,0,0","0,169,0,0"
2026-05-16T12:24:35.908,0100aa00000000000000000000000000000000000000000000000000000000000000000000000000000000000000000000000000000000000000000000000000,"1,0,0,0","0,170,0,0"
2026-05-16T12:24:36.008,0100ab00000000000000000000000000000000000000000000000000000000000000000000000000000000000000000000000000000000000000000000000000,"1,0,0,0","0,171,0,0"
2026-05-16T12:24:36.008,0100ac00000000000000000000000000000000000000000000000000000000000000000000000000000000000000000000000000000000000000000000000000,"1,0,0,0","0,172,0,0"
2026-05-16T12:24:36.008,0100ad00000000000000000000000000000000000000000000000000000000000000000000000000000000000000000000000000000000000000000000000000,"1,0,0,0","0,173,0,0"
2026-05-16T12:24:36.008,0100ae00000000000000000000000000000000000000000000000000000000000000000000000000000000000000000000000000000000000000000000000000,"1,0,0,0","0,174,0,0"
2026-05-16T12:24:36.009,0100af00000000000000000000000000000000000000000000000000000000000000000000000000000000000000000000000000000000000000000000000000,"1,0,0,0","0,175,0,0"
2026-05-16T12:24:36.009,0100b000000000000000000000000000000000000000000000000000000000000000000000000000000000000000000000000000000000000000000000000000,"1,0,0,0","0,176,0,0"
2026-05-16T12:24:36.009,0100b100000000000000000000000000000000000000000000000000000000000000000000000000000000000000000000000000000000000000000000000000,"1,0,0,0","0,177,0,0"
2026-05-16T12:24:36.009,0100b200000000000000000000000000000000000000000000000000000000000000000000000000000000000000000000000000000000000000000000000000,"1,0,0,0","0,178,0,0"
2026-05-16T12:24:36.009,0100b300000000000000000000000000000000000000000000000000000000000000000000000000000000000000000000000000000000000000000000000000,"1,0,0,0","0,179,0,0"
2026-05-16T12:24:36.009,0100b400000000000000000000000000000000000000000000000000000000000000000000000000000000000000000000000000000000000000000000000000,"1,0,0,0","0,180,0,0"
2026-05-16T12:24:36.009,0100b500000000000000000000000000000000000000000000000000000000000000000000000000000000000000000000000000000000000000000000000000,"1,0,0,0","0,181,0,0"
2026-05-16T12:24:36.009,0100b600000000000000000000000000000000000000000000000000000000000000000000000000000000000000000000000000000000000000000000000000,"1,0,0,0","0,182,0,0"
2026-05-16T12:24:36.009,0100b700000000000000000000000000000000000000000000000000000000000000000000000000000000000000000000000000000000000000000000000000,"1,0,0,0","0,183,0,0"
2026-05-16T12:24:36.009,0100b800000000000000000000000000000000000000000000000000000000000000000000000000000000000000000000000000000000000000000000000000,"1,0,0,0","0,184,0,0"
2026-05-16T12:24:36.109,0100b900000000000000000000000000000000000000000000000000000000000000000000000000000000000000000000000000000000000000000000000000,"1,0,0,0","0,185,0,0"
2026-05-16T12:24:36.109,0100ba00000000000000000000000000000000000000000000000000000000000000000000000000000000000000000000000000000000000000000000000000,"1,0,0,0","0,186,0,0"
2026-05-16T12:24:36.109,0100bb00000000000000000000000000000000000000000000000000000000000000000000000000000000000000000000000000000000000000000000000000,"1,0,0,0","0,187,0,0"
2026-05-16T12:24:36.109,0100bc00000000000000000000000000000000000000000000000000000000000000000000000000000000000000000000000000000000000000000000000000,"1,0,0,0","0,188,0,0"
2026-05-16T12:24:36.109,0100bd00000000000000000000000000000000000000000000000000000000000000000000000000000000000000000000000000000000000000000000000000,"1,0,0,0","0,189,0,0"
2026-05-16T12:24:36.209,0100be00000000000000000000000000000000000000000000000000000000000000000000000000000000000000000000000000000000000000000000000000,"1,0,0,0","0,190,0,0"
2026-05-16T12:24:36.710,0100bf00000000000000000000000000000000000000000000000000000000000000000000000000000000000000000000000000000000000000000000000000,"1,0,0,0","0,191,0,0"
2026-05-16T12:24:36.710,0100c000000000000000000000000000000000000000000000000000000000000000000000000000000000000000000000000000000000000000000000000000,"1,0,0,0","0,192,0,0"
2026-05-16T12:24:36.710,0100c100000000000000000000000000000000000000000000000000000000000000000000000000000000000000000000000000000000000000000000000000,"1,0,0,0","0,193,0,0"
2026-05-16T12:24:36.710,0100c200000000000000000000000000000000000000000000000000000000000000000000000000000000000000000000000000000000000000000000000000,"1,0,0,0","0,194,0,0"
2026-05-16T12:24:36.710,0100c300000000000000000000000000000000000000000000000000000000000000000000000000000000000000000000000000000000000000000000000000,"1,0,0,0","0,195,0,0"
2026-05-16T12:24:36.710,0100c400000000000000000000000000000000000000000000000000000000000000000000000000000000000000000000000000000000000000000000000000,"1,0,0,0","0,196,0,0"
2026-05-16T12:24:36.710,0100c500000000000000000000000000000000000000000000000000000000000000000000000000000000000000000000000000000000000000000000000000,"1,0,0,0","0,197,0,0"
2026-05-16T12:24:36.710,0100c600000000000000000000000000000000000000000000000000000000000000000000000000000000000000000000000000000000000000000000000000,"1,0,0,0","0,198,0,0"
2026-05-16T12:24:36.710,0100c700000000000000000000000000000000000000000000000000000000000000000000000000000000000000000000000000000000000000000000000000,"1,0,0,0","0,199,0,0"
2026-05-16T12:24:36.710,0100c800000000000000000000000000000000000000000000000000000000000000000000000000000000000000000000000000000000000000000000000000,"1,0,0,0","0,200,0,0"
2026-05-16T12:24:36.710,0100c900000000000000000000000000000000000000000000000000000000000000000000000000000000000000000000000000000000000000000000000000,"1,0,0,0","0,201,0,0"
2026-05-16T12:24:36.710,0100ca00000000000000000000000000000000000000000000000000000000000000000000000000000000000000000000000000000000000000000000000000,"1,0,0,0","0,202,0,0"
2026-05-16T12:24:36.710,0100cb00000000000000000000000000000000000000000000000000000000000000000000000000000000000000000000000000000000000000000000000000,"1,0,0,0","0,203,0,0"
2026-05-16T12:24:36.710,0100cc00000000000000000000000000000000000000000000000000000000000000000000000000000000000000000000000000000000000000000000000000,"1,0,0,0","0,204,0,0"
2026-05-16T12:24:36.710,0100cd00000000000000000000000000000000000000000000000000000000000000000000000000000000000000000000000000000000000000000000000000,"1,0,0,0","0,205,0,0"
2026-05-16T12:24:36.710,0100ce00000000000000000000000000000000000000000000000000000000000000000000000000000000000000000000000000000000000000000000000000,"1,0,0,0","0,206,0,0"
2026-05-16T12:24:36.710,0100cf00000000000000000000000000000000000000000000000000000000000000000000000000000000000000000000000000000000000000000000000000,"1,0,0,0","0,207,0,0"
2026-05-16T12:24:36.710,0100d000000000000000000000000000000000000000000000000000000000000000000000000000000000000000000000000000000000000000000000000000,"1,0,0,0","0,208,0,0"
2026-05-16T12:24:36.710,0100d100000000000000000000000000000000000000000000000000000000000000000000000000000000000000000000000000000000000000000000000000,"1,0,0,0","0,209,0,0"
2026-05-16T12:24:36.710,0100d200000000000000000000000000000000000000000000000000000000000000000000000000000000000000000000000000000000000000000000000000,"1,0,0,0","0,210,0,0"
2026-05-16T12:24:36.710,0100d300000000000000000000000000000000000000000000000000000000000000000000000000000000000000000000000000000000000000000000000000,"1,0,0,0","0,211,0,0"
2026-05-16T12:24:36.710,0100d400000000000000000000000000000000000000000000000000000000000000000000000000000000000000000000000000000000000000000000000000,"1,0,0,0","0,212,0,0"
2026-05-16T12:24:36.710,0100d500000000000000000000000000000000000000000000000000000000000000000000000000000000000000000000000000000000000000000000000000,"1,0,0,0","0,213,0,0"
2026-05-16T12:24:36.710,0100d600000000000000000000000000000000000000000000000000000000000000000000000000000000000000000000000000000000000000000000000000,"1,0,0,0","0,214,0,0"
2026-05-16T12:24:36.711,0100d700000000000000000000000000000000000000000000000000000000000000000000000000000000000000000000000000000000000000000000000000,"1,0,0,0","0,215,0,0"
2026-05-16T12:24:36.711,0100d800000000000000000000000000000000000000000000000000000000000000000000000000000000000000000000000000000000000000000000000000,"1,0,0,0","0,216,0,0"
2026-05-16T12:24:36.711,0100d900000000000000000000000000000000000000000000000000000000000000000000000000000000000000000000000000000000000000000000000000,"1,0,0,0","0,217,0,0"
2026-05-16T12:24:36.711,0100da00000000000000000000000000000000000000000000000000000000000000000000000000000000000000000000000000000000000000000000000000,"1,0,0,0","0,218,0,0"
2026-05-16T12:24:36.711,0100db00000000000000000000000000000000000000000000000000000000000000000000000000000000000000000000000000000000000000000000000000,"1,0,0,0","0,219,0,0"
2026-05-16T12:24:36.711,0100dc00000000000000000000000000000000000000000000000000000000000000000000000000000000000000000000000000000000000000000000000000,"1,0,0,0","0,220,0,0"
2026-05-16T12:24:36.711,0100dd00000000000000000000000000000000000000000000000000000000000000000000000000000000000000000000000000000000000000000000000000,"1,0,0,0","0,221,0,0"
2026-05-16T12:24:36.711,0100de00000000000000000000000000000000000000000000000000000000000000000000000000000000000000000000000000000000000000000000000000,"1,0,0,0","0,222,0,0"
2026-05-16T12:24:36.711,0100df00000000000000000000000000000000000000000000000000000000000000000000000000000000000000000000000000000000000000000000000000,"1,0,0,0","0,223,0,0"
2026-05-16T12:24:36.711,0100e000000000000000000000000000000000000000000000000000000000000000000000000000000000000000000000000000000000000000000000000000,"1,0,0,0","0,224,0,0"
2026-05-16T12:24:36.711,0100e100000000000000000000000000000000000000000000000000000000000000000000000000000000000000000000000000000000000000000000000000,"1,0,0,0","0,225,0,0"
2026-05-16T12:24:36.711,0100e200000000000000000000000000000000000000000000000000000000000000000000000000000000000000000000000000000000000000000000000000,"1,0,0,0","0,226,0,0"
2026-05-16T12:24:36.711,0100e300000000000000000000000000000000000000000000000000000000000000000000000000000000000000000000000000000000000000000000000000,"1,0,0,0","0,227,0,0"
2026-05-16T12:24:36.711,0100e400000000000000000000000000000000000000000000000000000000000000000000000000000000000000000000000000000000000000000000000000,"1,0,0,0","0,228,0,0"
2026-05-16T12:24:36.711,0100e500000000000000000000000000000000000000000000000000000000000000000000000000000000000000000000000000000000000000000000000000,"1,0,0,0","0,229,0,0"
2026-05-16T12:24:36.811,0100e600000000000000000000000000000000000000000000000000000000000000000000000000000000000000000000000000000000000000000000000000,"1,0,0,0","0,230,0,0"
2026-05-16T12:24:36.811,0100e700000000000000000000000000000000000000000000000000000000000000000000000000000000000000000000000000000000000000000000000000,"1,0,0,0","0,231,0,0"
2026-05-16T12:24:36.811,0100e800000000000000000000000000000000000000000000000000000000000000000000000000000000000000000000000000000000000000000000000000,"1,0,0,0","0,232,0,0"
2026-05-16T12:24:36.811,0100e900000000000000000000000000000000000000000000000000000000000000000000000000000000000000000000000000000000000000000000000000,"1,0,0,0","0,233,0,0"
2026-05-16T12:24:36.811,0100ea00000000000000000000000000000000000000000000000000000000000000000000000000000000000000000000000000000000000000000000000000,"1,0,0,0","0,234,0,0"
2026-05-16T12:24:36.811,0100eb00000000000000000000000000000000000000000000000000000000000000000000000000000000000000000000000000000000000000000000000000,"1,0,0,0","0,235,0,0"
2026-05-16T12:24:36.811,0100ec00000000000000000000000000000000000000000000000000000000000000000000000000000000000000000000000000000000000000000000000000,"1,0,0,0","0,236,0,0"
2026-05-16T12:24:36.811,0100ed00000000000000000000000000000000000000000000000000000000000000000000000000000000000000000000000000000000000000000000000000,"1,0,0,0","0,237,0,0"
2026-05-16T12:24:36.811,0100ee00000000000000000000000000000000000000000000000000000000000000000000000000000000000000000000000000000000000000000000000000,"1,0,0,0","0,238,0,0"
2026-05-16T12:24:36.811,0100ef00000000000000000000000000000000000000000000000000000000000000000000000000000000000000000000000000000000000000000000000000,"1,0,0,0","0,239,0,0"
2026-05-16T12:24:36.811,0100f000000000000000000000000000000000000000000000000000000000000000000000000000000000000000000000000000000000000000000000000000,"1,0,0,0","0,240,0,0"
2026-05-16T12:24:36.811,0100f100000000000000000000000000000000000000000000000000000000000000000000000000000000000000000000000000000000000000000000000000,"1,0,0,0","0,241,0,0"
2026-05-16T12:24:36.811,0100f200000000000000000000000000000000000000000000000000000000000000000000000000000000000000000000000000000000000000000000000000,"1,0,0,0","0,242,0,0"
2026-05-16T12:24:36.811,0100f300000000000000000000000000000000000000000000000000000000000000000000000000000000000000000000000000000000000000000000000000,"1,0,0,0","0,243,0,0"
2026-05-16T12:24:36.811,0100f400000000000000000000000000000000000000000000000000000000000000000000000000000000000000000000000000000000000000000000000000,"1,0,0,0","0,244,0,0"
2026-05-16T12:24:36.811,0100f500000000000000000000000000000000000000000000000000000000000000000000000000000000000000000000000000000000000000000000000000,"1,0,0,0","0,245,0,0"
2026-05-16T12:24:36.811,0100f600000000000000000000000000000000000000000000000000000000000000000000000000000000000000000000000000000000000000000000000000,"1,0,0,0","0,246,0,0"
2026-05-16T12:24:36.811,0100f700000000000000000000000000000000000000000000000000000000000000000000000000000000000000000000000000000000000000000000000000,"1,0,0,0","0,247,0,0"
2026-05-16T12:24:36.811,0100f800000000000000000000000000000000000000000000000000000000000000000000000000000000000000000000000000000000000000000000000000,"1,0,0,0","0,248,0,0"
2026-05-16T12:24:36.811,0100f900000000000000000000000000000000000000000000000000000000000000000000000000000000000000000000000000000000000000000000000000,"1,0,0,0","0,249,0,0"
2026-05-16T12:24:36.811,0100fa00000000000000000000000000000000000000000000000000000000000000000000000000000000000000000000000000000000000000000000000000,"1,0,0,0","0,250,0,0"
2026-05-16T12:24:36.811,0100fb00000000000000000000000000000000000000000000000000000000000000000000000000000000000000000000000000000000000000000000000000,"1,0,0,0","0,251,0,0"
2026-05-16T12:24:36.811,0100fc00000000000000000000000000000000000000000000000000000000000000000000000000000000000000000000000000000000000000000000000000,"1,0,0,0","0,252,0,0"
2026-05-16T12:24:36.811,0100fd00000000000000000000000000000000000000000000000000000000000000000000000000000000000000000000000000000000000000000000000000,"1,0,0,0","0,253,0,0"
2026-05-16T12:24:36.811,0100fe00000000000000000000000000000000000000000000000000000000000000000000000000000000000000000000000000000000000000000000000000,"1,0,0,0","0,254,0,0"
2026-05-16T12:24:36.811,0100ff00000000000000000000000000000000000000000000000000000000000000000000000000000000000000000000000000000000000000000000000000,"1,0,0,0","0,255,0,0"
2026-05-16T12:24:49.231,0100fe00000000000000000000000000000000000000000000000000000000000000000000000000000000000000000000000000000000000000000000000000,"1,0,0,0","0,254,0,0"
2026-05-16T12:24:49.231,0100fd00000000000000000000000000000000000000000000000000000000000000000000000000000000000000000000000000000000000000000000000000,"1,0,0,0","0,253,0,0"
2026-05-16T12:24:49.231,0100fc00000000000000000000000000000000000000000000000000000000000000000000000000000000000000000000000000000000000000000000000000,"1,0,0,0","0,252,0,0"
2026-05-16T12:24:49.332,0100fb00000000000000000000000000000000000000000000000000000000000000000000000000000000000000000000000000000000000000000000000000,"1,0,0,0","0,251,0,0"
2026-05-16T12:24:49.332,0100fa00000000000000000000000000000000000000000000000000000000000000000000000000000000000000000000000000000000000000000000000000,"1,0,0,0","0,250,0,0"
2026-05-16T12:24:49.332,0100f900000000000000000000000000000000000000000000000000000000000000000000000000000000000000000000000000000000000000000000000000,"1,0,0,0","0,249,0,0"
2026-05-16T12:24:49.332,0100f800000000000000000000000000000000000000000000000000000000000000000000000000000000000000000000000000000000000000000000000000,"1,0,0,0","0,248,0,0"
2026-05-16T12:24:49.332,0100f700000000000000000000000000000000000000000000000000000000000000000000000000000000000000000000000000000000000000000000000000,"1,0,0,0","0,247,0,0"
2026-05-16T12:24:49.332,0100f600000000000000000000000000000000000000000000000000000000000000000000000000000000000000000000000000000000000000000000000000,"1,0,0,0","0,246,0,0"
2026-05-16T12:24:49.332,0100f500000000000000000000000000000000000000000000000000000000000000000000000000000000000000000000000000000000000000000000000000,"1,0,0,0","0,245,0,0"
2026-05-16T12:24:49.332,0100f400000000000000000000000000000000000000000000000000000000000000000000000000000000000000000000000000000000000000000000000000,"1,0,0,0","0,244,0,0"
2026-05-16T12:24:49.332,0100f300000000000000000000000000000000000000000000000000000000000000000000000000000000000000000000000000000000000000000000000000,"1,0,0,0","0,243,0,0"
2026-05-16T12:24:49.332,0100f200000000000000000000000000000000000000000000000000000000000000000000000000000000000000000000000000000000000000000000000000,"1,0,0,0","0,242,0,0"
2026-05-16T12:24:49.332,0100f100000000000000000000000000000000000000000000000000000000000000000000000000000000000000000000000000000000000000000000000000,"1,0,0,0","0,241,0,0"
2026-05-16T12:24:49.332,0100f000000000000000000000000000000000000000000000000000000000000000000000000000000000000000000000000000000000000000000000000000,"1,0,0,0","0,240,0,0"
2026-05-16T12:24:49.332,0100ef00000000000000000000000000000000000000000000000000000000000000000000000000000000000000000000000000000000000000000000000000,"1,0,0,0","0,239,0,0"
2026-05-16T12:24:49.332,0100ee00000000000000000000000000000000000000000000000000000000000000000000000000000000000000000000000000000000000000000000000000,"1,0,0,0","0,238,0,0"
2026-05-16T12:24:49.332,0100ed00000000000000000000000000000000000000000000000000000000000000000000000000000000000000000000000000000000000000000000000000,"1,0,0,0","0,237,0,0"
2026-05-16T12:24:49.332,0100ec00000000000000000000000000000000000000000000000000000000000000000000000000000000000000000000000000000000000000000000000000,"1,0,0,0","0,236,0,0"
2026-05-16T12:24:49.332,0100eb00000000000000000000000000000000000000000000000000000000000000000000000000000000000000000000000000000000000000000000000000,"1,0,0,0","0,235,0,0"
2026-05-16T12:24:49.332,0100ea00000000000000000000000000000000000000000000000000000000000000000000000000000000000000000000000000000000000000000000000000,"1,0,0,0","0,234,0,0"
2026-05-16T12:24:49.332,0100e900000000000000000000000000000000000000000000000000000000000000000000000000000000000000000000000000000000000000000000000000,"1,0,0,0","0,233,0,0"
2026-05-16T12:24:49.332,0100e800000000000000000000000000000000000000000000000000000000000000000000000000000000000000000000000000000000000000000000000000,"1,0,0,0","0,232,0,0"
2026-05-16T12:24:49.332,0100e700000000000000000000000000000000000000000000000000000000000000000000000000000000000000000000000000000000000000000000000000,"1,0,0,0","0,231,0,0"
2026-05-16T12:24:49.332,0100e600000000000000000000000000000000000000000000000000000000000000000000000000000000000000000000000000000000000000000000000000,"1,0,0,0","0,230,0,0"
2026-05-16T12:24:49.332,0100e500000000000000000000000000000000000000000000000000000000000000000000000000000000000000000000000000000000000000000000000000,"1,0,0,0","0,229,0,0"
2026-05-16T12:24:49.332,0100e400000000000000000000000000000000000000000000000000000000000000000000000000000000000000000000000000000000000000000000000000,"1,0,0,0","0,228,0,0"
2026-05-16T12:24:49.332,0100e300000000000000000000000000000000000000000000000000000000000000000000000000000000000000000000000000000000000000000000000000,"1,0,0,0","0,227,0,0"
2026-05-16T12:24:49.332,0100e200000000000000000000000000000000000000000000000000000000000000000000000000000000000000000000000000000000000000000000000000,"1,0,0,0","0,226,0,0"
2026-05-16T12:24:49.332,0100e100000000000000000000000000000000000000000000000000000000000000000000000000000000000000000000000000000000000000000000000000,"1,0,0,0","0,225,0,0"
2026-05-16T12:24:49.432,0100e000000000000000000000000000000000000000000000000000000000000000000000000000000000000000000000000000000000000000000000000000,"1,0,0,0","0,224,0,0"
2026-05-16T12:24:49.432,0100df00000000000000000000000000000000000000000000000000000000000000000000000000000000000000000000000000000000000000000000000000,"1,0,0,0","0,223,0,0"
2026-05-16T12:24:49.432,0100de00000000000000000000000000000000000000000000000000000000000000000000000000000000000000000000000000000000000000000000000000,"1,0,0,0","0,222,0,0"
2026-05-16T12:24:49.432,0100dd00000000000000000000000000000000000000000000000000000000000000000000000000000000000000000000000000000000000000000000000000,"1,0,0,0","0,221,0,0"
2026-05-16T12:24:49.432,0100dc00000000000000000000000000000000000000000000000000000000000000000000000000000000000000000000000000000000000000000000000000,"1,0,0,0","0,220,0,0"
2026-05-16T12:24:49.432,0100db00000000000000000000000000000000000000000000000000000000000000000000000000000000000000000000000000000000000000000000000000,"1,0,0,0","0,219,0,0"
2026-05-16T12:24:49.432,0100da00000000000000000000000000000000000000000000000000000000000000000000000000000000000000000000000000000000000000000000000000,"1,0,0,0","0,218,0,0"
2026-05-16T12:24:49.432,0100d900000000000000000000000000000000000000000000000000000000000000000000000000000000000000000000000000000000000000000000000000,"1,0,0,0","0,217,0,0"
2026-05-16T12:24:49.433,0100d800000000000000000000000000000000000000000000000000000000000000000000000000000000000000000000000000000000000000000000000000,"1,0,0,0","0,216,0,0"
2026-05-16T12:24:49.433,0100d700000000000000000000000000000000000000000000000000000000000000000000000000000000000000000000000000000000000000000000000000,"1,0,0,0","0,215,0,0"
2026-05-16T12:24:49.433,0100d600000000000000000000000000000000000000000000000000000000000000000000000000000000000000000000000000000000000000000000000000,"1,0,0,0","0,214,0,0"
2026-05-16T12:24:49.433,0100d500000000000000000000000000000000000000000000000000000000000000000000000000000000000000000000000000000000000000000000000000,"1,0,0,0","0,213,0,0"
2026-05-16T12:24:49.433,0100d400000000000000000000000000000000000000000000000000000000000000000000000000000000000000000000000000000000000000000000000000,"1,0,0,0","0,212,0,0"
2026-05-16T12:24:49.433,0100d300000000000000000000000000000000000000000000000000000000000000000000000000000000000000000000000000000000000000000000000000,"1,0,0,0","0,211,0,0"
2026-05-16T12:24:49.433,0100d200000000000000000000000000000000000000000000000000000000000000000000000000000000000000000000000000000000000000000000000000,"1,0,0,0","0,210,0,0"
2026-05-16T12:24:49.433,0100d100000000000000000000000000000000000000000000000000000000000000000000000000000000000000000000000000000000000000000000000000,"1,0,0,0","0,209,0,0"
2026-05-16T12:24:49.433,0100d000000000000000000000000000000000000000000000000000000000000000000000000000000000000000000000000000000000000000000000000000,"1,0,0,0","0,208,0,0"
2026-05-16T12:24:49.433,0100cf00000000000000000000000000000000000000000000000000000000000000000000000000000000000000000000000000000000000000000000000000,"1,0,0,0","0,207,0,0"
2026-05-16T12:24:49.433,0100ce00000000000000000000000000000000000000000000000000000000000000000000000000000000000000000000000000000000000000000000000000,"1,0,0,0","0,206,0,0"
2026-05-16T12:24:49.433,0100cd00000000000000000000000000000000000000000000000000000000000000000000000000000000000000000000000000000000000000000000000000,"1,0,0,0","0,205,0,0"
2026-05-16T12:24:49.433,0100cc00000000000000000000000000000000000000000000000000000000000000000000000000000000000000000000000000000000000000000000000000,"1,0,0,0","0,204,0,0"
2026-05-16T12:24:49.433,0100cb00000000000000000000000000000000000000000000000000000000000000000000000000000000000000000000000000000000000000000000000000,"1,0,0,0","0,203,0,0"
2026-05-16T12:24:49.433,0100ca00000000000000000000000000000000000000000000000000000000000000000000000000000000000000000000000000000000000000000000000000,"1,0,0,0","0,202,0,0"
2026-05-16T12:24:49.433,0100c900000000000000000000000000000000000000000000000000000000000000000000000000000000000000000000000000000000000000000000000000,"1,0,0,0","0,201,0,0"
2026-05-16T12:24:49.433,0100c800000000000000000000000000000000000000000000000000000000000000000000000000000000000000000000000000000000000000000000000000,"1,0,0,0","0,200,0,0"
2026-05-16T12:24:49.433,0100c700000000000000000000000000000000000000000000000000000000000000000000000000000000000000000000000000000000000000000000000000,"1,0,0,0","0,199,0,0"
2026-05-16T12:24:49.433,0100c600000000000000000000000000000000000000000000000000000000000000000000000000000000000000000000000000000000000000000000000000,"1,0,0,0","0,198,0,0"
2026-05-16T12:24:49.433,0100c500000000000000000000000000000000000000000000000000000000000000000000000000000000000000000000000000000000000000000000000000,"1,0,0,0","0,197,0,0"
2026-05-16T12:24:49.433,0100c400000000000000000000000000000000000000000000000000000000000000000000000000000000000000000000000000000000000000000000000000,"1,0,0,0","0,196,0,0"
2026-05-16T12:24:49.433,0100c300000000000000000000000000000000000000000000000000000000000000000000000000000000000000000000000000000000000000000000000000,"1,0,0,0","0,195,0,0"
2026-05-16T12:24:49.433,0100c200000000000000000000000000000000000000000000000000000000000000000000000000000000000000000000000000000000000000000000000000,"1,0,0,0","0,194,0,0"
2026-05-16T12:24:49.433,0100c100000000000000000000000000000000000000000000000000000000000000000000000000000000000000000000000000000000000000000000000000,"1,0,0,0","0,193,0,0"
2026-05-16T12:24:49.433,0100c000000000000000000000000000000000000000000000000000000000000000000000000000000000000000000000000000000000000000000000000000,"1,0,0,0","0,192,0,0"
2026-05-16T12:24:49.533,0100bf00000000000000000000000000000000000000000000000000000000000000000000000000000000000000000000000000000000000000000000000000,"1,0,0,0","0,191,0,0"
2026-05-16T12:24:49.533,0100be00000000000000000000000000000000000000000000000000000000000000000000000000000000000000000000000000000000000000000000000000,"1,0,0,0","0,190,0,0"
2026-05-16T12:24:49.533,0100bd00000000000000000000000000000000000000000000000000000000000000000000000000000000000000000000000000000000000000000000000000,"1,0,0,0","0,189,0,0"
2026-05-16T12:24:49.533,0100bc00000000000000000000000000000000000000000000000000000000000000000000000000000000000000000000000000000000000000000000000000,"1,0,0,0","0,188,0,0"
2026-05-16T12:24:49.533,0100bb00000000000000000000000000000000000000000000000000000000000000000000000000000000000000000000000000000000000000000000000000,"1,0,0,0","0,187,0,0"
2026-05-16T12:24:49.533,0100ba00000000000000000000000000000000000000000000000000000000000000000000000000000000000000000000000000000000000000000000000000,"1,0,0,0","0,186,0,0"
2026-05-16T12:24:49.533,0100b900000000000000000000000000000000000000000000000000000000000000000000000000000000000000000000000000000000000000000000000000,"1,0,0,0","0,185,0,0"
2026-05-16T12:24:49.533,0100b800000000000000000000000000000000000000000000000000000000000000000000000000000000000000000000000000000000000000000000000000,"1,0,0,0","0,184,0,0"
2026-05-16T12:24:49.533,0100b700000000000000000000000000000000000000000000000000000000000000000000000000000000000000000000000000000000000000000000000000,"1,0,0,0","0,183,0,0"
2026-05-16T12:24:49.533,0100b600000000000000000000000000000000000000000000000000000000000000000000000000000000000000000000000000000000000000000000000000,"1,0,0,0","0,182,0,0"
2026-05-16T12:24:49.533,0100b500000000000000000000000000000000000000000000000000000000000000000000000000000000000000000000000000000000000000000000000000,"1,0,0,0","0,181,0,0"
2026-05-16T12:24:49.533,0100b400000000000000000000000000000000000000000000000000000000000000000000000000000000000000000000000000000000000000000000000000,"1,0,0,0","0,180,0,0"
2026-05-16T12:24:49.533,0100b300000000000000000000000000000000000000000000000000000000000000000000000000000000000000000000000000000000000000000000000000,"1,0,0,0","0,179,0,0"
2026-05-16T12:24:49.533,0100b200000000000000000000000000000000000000000000000000000000000000000000000000000000000000000000000000000000000000000000000000,"1,0,0,0","0,178,0,0"
2026-05-16T12:24:49.533,0100b100000000000000000000000000000000000000000000000000000000000000000000000000000000000000000000000000000000000000000000000000,"1,0,0,0","0,177,0,0"
2026-05-16T12:24:49.533,0100b000000000000000000000000000000000000000000000000000000000000000000000000000000000000000000000000000000000000000000000000000,"1,0,0,0","0,176,0,0"
2026-05-16T12:24:49.533,0100af00000000000000000000000000000000000000000000000000000000000000000000000000000000000000000000000000000000000000000000000000,"1,0,0,0","0,175,0,0"
2026-05-16T12:24:49.533,0100ae00000000000000000000000000000000000000000000000000000000000000000000000000000000000000000000000000000000000000000000000000,"1,0,0,0","0,174,0,0"
2026-05-16T12:24:49.533,0100ad00000000000000000000000000000000000000000000000000000000000000000000000000000000000000000000000000000000000000000000000000,"1,0,0,0","0,173,0,0"
2026-05-16T12:24:49.534,0100ac00000000000000000000000000000000000000000000000000000000000000000000000000000000000000000000000000000000000000000000000000,"1,0,0,0","0,172,0,0"
2026-05-16T12:24:49.534,0100ab00000000000000000000000000000000000000000000000000000000000000000000000000000000000000000000000000000000000000000000000000,"1,0,0,0","0,171,0,0"
2026-05-16T12:24:49.534,0100aa00000000000000000000000000000000000000000000000000000000000000000000000000000000000000000000000000000000000000000000000000,"1,0,0,0","0,170,0,0"
2026-05-16T12:24:49.534,0100a900000000000000000000000000000000000000000000000000000000000000000000000000000000000000000000000000000000000000000000000000,"1,0,0,0","0,169,0,0"
2026-05-16T12:24:49.534,0100a800000000000000000000000000000000000000000000000000000000000000000000000000000000000000000000000000000000000000000000000000,"1,0,0,0","0,168,0,0"
2026-05-16T12:24:49.534,0100a700000000000000000000000000000000000000000000000000000000000000000000000000000000000000000000000000000000000000000000000000,"1,0,0,0","0,167,0,0"
2026-05-16T12:24:49.534,0100a600000000000000000000000000000000000000000000000000000000000000000000000000000000000000000000000000000000000000000000000000,"1,0,0,0","0,166,0,0"
2026-05-16T12:24:49.634,0100a500000000000000000000000000000000000000000000000000000000000000000000000000000000000000000000000000000000000000000000000000,"1,0,0,0","0,165,0,0"
2026-05-16T12:24:49.634,0100a400000000000000000000000000000000000000000000000000000000000000000000000000000000000000000000000000000000000000000000000000,"1,0,0,0","0,164,0,0"
2026-05-16T12:24:49.634,0100a300000000000000000000000000000000000000000000000000000000000000000000000000000000000000000000000000000000000000000000000000,"1,0,0,0","0,163,0,0"
2026-05-16T12:24:49.634,0100a200000000000000000000000000000000000000000000000000000000000000000000000000000000000000000000000000000000000000000000000000,"1,0,0,0","0,162,0,0"
2026-05-16T12:24:49.634,0100a100000000000000000000000000000000000000000000000000000000000000000000000000000000000000000000000000000000000000000000000000,"1,0,0,0","0,161,0,0"
2026-05-16T12:24:49.634,0100a000000000000000000000000000000000000000000000000000000000000000000000000000000000000000000000000000000000000000000000000000,"1,0,0,0","0,160,0,0"
2026-05-16T12:24:49.634,01009f00000000000000000000000000000000000000000000000000000000000000000000000000000000000000000000000000000000000000000000000000,"1,0,0,0","0,159,0,0"
2026-05-16T12:24:49.634,01009e00000000000000000000000000000000000000000000000000000000000000000000000000000000000000000000000000000000000000000000000000,"1,0,0,0","0,158,0,0"
2026-05-16T12:24:49.634,01009d00000000000000000000000000000000000000000000000000000000000000000000000000000000000000000000000000000000000000000000000000,"1,0,0,0","0,157,0,0"
2026-05-16T12:24:49.634,01009c00000000000000000000000000000000000000000000000000000000000000000000000000000000000000000000000000000000000000000000000000,"1,0,0,0","0,156,0,0"
2026-05-16T12:24:49.634,01009b00000000000000000000000000000000000000000000000000000000000000000000000000000000000000000000000000000000000000000000000000,"1,0,0,0","0,155,0,0"
2026-05-16T12:24:49.634,01009a00000000000000000000000000000000000000000000000000000000000000000000000000000000000000000000000000000000000000000000000000,"1,0,0,0","0,154,0,0"
2026-05-16T12:24:49.634,01009900000000000000000000000000000000000000000000000000000000000000000000000000000000000000000000000000000000000000000000000000,"1,0,0,0","0,153,0,0"
2026-05-16T12:24:49.634,01009800000000000000000000000000000000000000000000000000000000000000000000000000000000000000000000000000000000000000000000000000,"1,0,0,0","0,152,0,0"
2026-05-16T12:24:49.634,01009700000000000000000000000000000000000000000000000000000000000000000000000000000000000000000000000000000000000000000000000000,"1,0,0,0","0,151,0,0"
2026-05-16T12:24:49.634,01009600000000000000000000000000000000000000000000000000000000000000000000000000000000000000000000000000000000000000000000000000,"1,0,0,0","0,150,0,0"
2026-05-16T12:24:49.634,01009500000000000000000000000000000000000000000000000000000000000000000000000000000000000000000000000000000000000000000000000000,"1,0,0,0","0,149,0,0"
2026-05-16T12:24:49.634,01009400000000000000000000000000000000000000000000000000000000000000000000000000000000000000000000000000000000000000000000000000,"1,0,0,0","0,148,0,0"
2026-05-16T12:24:49.634,01009300000000000000000000000000000000000000000000000000000000000000000000000000000000000000000000000000000000000000000000000000,"1,0,0,0","0,147,0,0"
2026-05-16T12:24:49.634,01009200000000000000000000000000000000000000000000000000000000000000000000000000000000000000000000000000000000000000000000000000,"1,0,0,0","0,146,0,0"
2026-05-16T12:24:49.634,01009100000000000000000000000000000000000000000000000000000000000000000000000000000000000000000000000000000000000000000000000000,"1,0,0,0","0,145,0,0"
2026-05-16T12:24:49.634,01009000000000000000000000000000000000000000000000000000000000000000000000000000000000000000000000000000000000000000000000000000,"1,0,0,0","0,144,0,0"
2026-05-16T12:24:49.635,01008f00000000000000000000000000000000000000000000000000000000000000000000000000000000000000000000000000000000000000000000000000,"1,0,0,0","0,143,0,0"
2026-05-16T12:24:49.735,01008e00000000000000000000000000000000000000000000000000000000000000000000000000000000000000000000000000000000000000000000000000,"1,0,0,0","0,142,0,0"
2026-05-16T12:24:49.735,01008d00000000000000000000000000000000000000000000000000000000000000000000000000000000000000000000000000000000000000000000000000,"1,0,0,0","0,141,0,0"
2026-05-16T12:24:49.735,01008c00000000000000000000000000000000000000000000000000000000000000000000000000000000000000000000000000000000000000000000000000,"1,0,0,0","0,140,0,0"
2026-05-16T12:24:49.735,01008b00000000000000000000000000000000000000000000000000000000000000000000000000000000000000000000000000000000000000000000000000,"1,0,0,0","0,139,0,0"
2026-05-16T12:24:49.735,01008a00000000000000000000000000000000000000000000000000000000000000000000000000000000000000000000000000000000000000000000000000,"1,0,0,0","0,138,0,0"
2026-05-16T12:24:49.735,01008900000000000000000000000000000000000000000000000000000000000000000000000000000000000000000000000000000000000000000000000000,"1,0,0,0","0,137,0,0"
2026-05-16T12:24:49.735,01008800000000000000000000000000000000000000000000000000000000000000000000000000000000000000000000000000000000000000000000000000,"1,0,0,0","0,136,0,0"
2026-05-16T12:24:49.735,01008700000000000000000000000000000000000000000000000000000000000000000000000000000000000000000000000000000000000000000000000000,"1,0,0,0","0,135,0,0"
2026-05-16T12:24:49.735,01008600000000000000000000000000000000000000000000000000000000000000000000000000000000000000000000000000000000000000000000000000,"1,0,0,0","0,134,0,0"
2026-05-16T12:24:49.735,01008500000000000000000000000000000000000000000000000000000000000000000000000000000000000000000000000000000000000000000000000000,"1,0,0,0","0,133,0,0"
2026-05-16T12:24:49.735,01008400000000000000000000000000000000000000000000000000000000000000000000000000000000000000000000000000000000000000000000000000,"1,0,0,0","0,132,0,0"
2026-05-16T12:24:49.735,01008300000000000000000000000000000000000000000000000000000000000000000000000000000000000000000000000000000000000000000000000000,"1,0,0,0","0,131,0,0"
2026-05-16T12:24:49.735,01008200000000000000000000000000000000000000000000000000000000000000000000000000000000000000000000000000000000000000000000000000,"1,0,0,0","0,130,0,0"
2026-05-16T12:24:49.735,01008100000000000000000000000000000000000000000000000000000000000000000000000000000000000000000000000000000000000000000000000000,"1,0,0,0","0,129,0,0"
2026-05-16T12:24:49.735,01008000000000000000000000000000000000000000000000000000000000000000000000000000000000000000000000000000000000000000000000000000,"1,0,0,0","0,128,0,0"
2026-05-16T12:24:49.735,01007f00000000000000000000000000000000000000000000000000000000000000000000000000000000000000000000000000000000000000000000000000,"1,0,0,0","0,127,0,0"
2026-05-16T12:24:49.735,01007e00000000000000000000000000000000000000000000000000000000000000000000000000000000000000000000000000000000000000000000000000,"1,0,0,0","0,126,0,0"
2026-05-16T12:24:49.735,01007d00000000000000000000000000000000000000000000000000000000000000000000000000000000000000000000000000000000000000000000000000,"1,0,0,0","0,125,0,0"
2026-05-16T12:24:49.835,01007c00000000000000000000000000000000000000000000000000000000000000000000000000000000000000000000000000000000000000000000000000,"1,0,0,0","0,124,0,0"
2026-05-16T12:24:49.835,01007b00000000000000000000000000000000000000000000000000000000000000000000000000000000000000000000000000000000000000000000000000,"1,0,0,0","0,123,0,0"
2026-05-16T12:24:49.835,01007a00000000000000000000000000000000000000000000000000000000000000000000000000000000000000000000000000000000000000000000000000,"1,0,0,0","0,122,0,0"
2026-05-16T12:24:50.236,01007900000000000000000000000000000000000000000000000000000000000000000000000000000000000000000000000000000000000000000000000000,"1,0,0,0","0,121,0,0"
2026-05-16T12:24:50.336,01007800000000000000000000000000000000000000000000000000000000000000000000000000000000000000000000000000000000000000000000000000,"1,0,0,0","0,120,0,0"
2026-05-16T12:24:50.336,01007700000000000000000000000000000000000000000000000000000000000000000000000000000000000000000000000000000000000000000000000000,"1,0,0,0","0,119,0,0"
2026-05-16T12:24:50.336,01007600000000000000000000000000000000000000000000000000000000000000000000000000000000000000000000000000000000000000000000000000,"1,0,0,0","0,118,0,0"
2026-05-16T12:24:50.336,01007500000000000000000000000000000000000000000000000000000000000000000000000000000000000000000000000000000000000000000000000000,"1,0,0,0","0,117,0,0"
2026-05-16T12:24:50.336,01007400000000000000000000000000000000000000000000000000000000000000000000000000000000000000000000000000000000000000000000000000,"1,0,0,0","0,116,0,0"
2026-05-16T12:24:50.336,01007300000000000000000000000000000000000000000000000000000000000000000000000000000000000000000000000000000000000000000000000000,"1,0,0,0","0,115,0,0"
2026-05-16T12:24:50.336,01007200000000000000000000000000000000000000000000000000000000000000000000000000000000000000000000000000000000000000000000000000,"1,0,0,0","0,114,0,0"
2026-05-16T12:24:50.336,01007100000000000000000000000000000000000000000000000000000000000000000000000000000000000000000000000000000000000000000000000000,"1,0,0,0","0,113,0,0"
2026-05-16T12:24:50.336,01007000000000000000000000000000000000000000000000000000000000000000000000000000000000000000000000000000000000000000000000000000,"1,0,0,0","0,112,0,0"
2026-05-16T12:24:50.336,01006f00000000000000000000000000000000000000000000000000000000000000000000000000000000000000000000000000000000000000000000000000,"1,0,0,0","0,111,0,0"
2026-05-16T12:24:50.336,01006e00000000000000000000000000000000000000000000000000000000000000000000000000000000000000000000000000000000000000000000000000,"1,0,0,0","0,110,0,0"
2026-05-16T12:24:50.336,01006d00000000000000000000000000000000000000000000000000000000000000000000000000000000000000000000000000000000000000000000000000,"1,0,0,0","0,109,0,0"
2026-05-16T12:24:50.336,01006c00000000000000000000000000000000000000000000000000000000000000000000000000000000000000000000000000000000000000000000000000,"1,0,0,0","0,108,0,0"
2026-05-16T12:24:50.336,01006b00000000000000000000000000000000000000000000000000000000000000000000000000000000000000000000000000000000000000000000000000,"1,0,0,0","0,107,0,0"
2026-05-16T12:24:50.337,01006a00000000000000000000000000000000000000000000000000000000000000000000000000000000000000000000000000000000000000000000000000,"1,0,0,0","0,106,0,0"
2026-05-16T12:24:50.337,01006900000000000000000000000000000000000000000000000000000000000000000000000000000000000000000000000000000000000000000000000000,"1,0,0,0","0,105,0,0"
2026-05-16T12:24:50.337,01006800000000000000000000000000000000000000000000000000000000000000000000000000000000000000000000000000000000000000000000000000,"1,0,0,0","0,104,0,0"
2026-05-16T12:24:50.337,01006700000000000000000000000000000000000000000000000000000000000000000000000000000000000000000000000000000000000000000000000000,"1,0,0,0","0,103,0,0"
2026-05-16T12:24:50.337,01006600000000000000000000000000000000000000000000000000000000000000000000000000000000000000000000000000000000000000000000000000,"1,0,0,0","0,102,0,0"
2026-05-16T12:24:50.337,01006400000000000000000000000000000000000000000000000000000000000000000000000000000000000000000000000000000000000000000000000000,"1,0,0,0","0,100,0,0"
2026-05-16T12:24:50.337,01006300000000000000000000000000000000000000000000000000000000000000000000000000000000000000000000000000000000000000000000000000,"1,0,0,0","0,99,0,0"
2026-05-16T12:24:50.337,01006200000000000000000000000000000000000000000000000000000000000000000000000000000000000000000000000000000000000000000000000000,"1,0,0,0","0,98,0,0"
2026-05-16T12:24:50.337,01006100000000000000000000000000000000000000000000000000000000000000000000000000000000000000000000000000000000000000000000000000,"1,0,0,0","0,97,0,0"
2026-05-16T12:24:50.337,01006000000000000000000000000000000000000000000000000000000000000000000000000000000000000000000000000000000000000000000000000000,"1,0,0,0","0,96,0,0"
2026-05-16T12:24:50.337,01005f00000000000000000000000000000000000000000000000000000000000000000000000000000000000000000000000000000000000000000000000000,"1,0,0,0","0,95,0,0"
2026-05-16T12:24:50.337,01005e00000000000000000000000000000000000000000000000000000000000000000000000000000000000000000000000000000000000000000000000000,"1,0,0,0","0,94,0,0"
2026-05-16T12:24:50.337,01005d00000000000000000000000000000000000000000000000000000000000000000000000000000000000000000000000000000000000000000000000000,"1,0,0,0","0,93,0,0"
2026-05-16T12:24:50.337,01005c00000000000000000000000000000000000000000000000000000000000000000000000000000000000000000000000000000000000000000000000000,"1,0,0,0","0,92,0,0"
2026-05-16T12:24:50.437,01005b00000000000000000000000000000000000000000000000000000000000000000000000000000000000000000000000000000000000000000000000000,"1,0,0,0","0,91,0,0"
2026-05-16T12:24:50.437,01005a00000000000000000000000000000000000000000000000000000000000000000000000000000000000000000000000000000000000000000000000000,"1,0,0,0","0,90,0,0"
2026-05-16T12:24:50.437,01005900000000000000000000000000000000000000000000000000000000000000000000000000000000000000000000000000000000000000000000000000,"1,0,0,0","0,89,0,0"
2026-05-16T12:24:50.437,01005800000000000000000000000000000000000000000000000000000000000000000000000000000000000000000000000000000000000000000000000000,"1,0,0,0","0,88,0,0"
2026-05-16T12:24:50.437,01005700000000000000000000000000000000000000000000000000000000000000000000000000000000000000000000000000000000000000000000000000,"1,0,0,0","0,87,0,0"
2026-05-16T12:24:50.437,01005600000000000000000000000000000000000000000000000000000000000000000000000000000000000000000000000000000000000000000000000000,"1,0,0,0","0,86,0,0"
2026-05-16T12:24:50.437,01005500000000000000000000000000000000000000000000000000000000000000000000000000000000000000000000000000000000000000000000000000,"1,0,0,0","0,85,0,0"
2026-05-16T12:24:50.437,01005400000000000000000000000000000000000000000000000000000000000000000000000000000000000000000000000000000000000000000000000000,"1,0,0,0","0,84,0,0"
2026-05-16T12:24:50.437,01005300000000000000000000000000000000000000000000000000000000000000000000000000000000000000000000000000000000000000000000000000,"1,0,0,0","0,83,0,0"
2026-05-16T12:24:50.437,01005200000000000000000000000000000000000000000000000000000000000000000000000000000000000000000000000000000000000000000000000000,"1,0,0,0","0,82,0,0"
2026-05-16T12:24:50.437,01005100000000000000000000000000000000000000000000000000000000000000000000000000000000000000000000000000000000000000000000000000,"1,0,0,0","0,81,0,0"
2026-05-16T12:24:50.437,01005000000000000000000000000000000000000000000000000000000000000000000000000000000000000000000000000000000000000000000000000000,"1,0,0,0","0,80,0,0"
2026-05-16T12:24:50.437,01004f00000000000000000000000000000000000000000000000000000000000000000000000000000000000000000000000000000000000000000000000000,"1,0,0,0","0,79,0,0"
2026-05-16T12:24:50.437,01004e00000000000000000000000000000000000000000000000000000000000000000000000000000000000000000000000000000000000000000000000000,"1,0,0,0","0,78,0,0"
2026-05-16T12:24:50.437,01004d00000000000000000000000000000000000000000000000000000000000000000000000000000000000000000000000000000000000000000000000000,"1,0,0,0","0,77,0,0"
2026-05-16T12:24:50.437,01004c00000000000000000000000000000000000000000000000000000000000000000000000000000000000000000000000000000000000000000000000000,"1,0,0,0","0,76,0,0"
2026-05-16T12:24:50.437,01004b00000000000000000000000000000000000000000000000000000000000000000000000000000000000000000000000000000000000000000000000000,"1,0,0,0","0,75,0,0"
2026-05-16T12:24:50.438,01004a00000000000000000000000000000000000000000000000000000000000000000000000000000000000000000000000000000000000000000000000000,"1,0,0,0","0,74,0,0"
2026-05-16T12:24:50.438,01004900000000000000000000000000000000000000000000000000000000000000000000000000000000000000000000000000000000000000000000000000,"1,0,0,0","0,73,0,0"
2026-05-16T12:24:50.438,01004800000000000000000000000000000000000000000000000000000000000000000000000000000000000000000000000000000000000000000000000000,"1,0,0,0","0,72,0,0"
2026-05-16T12:24:50.438,01004700000000000000000000000000000000000000000000000000000000000000000000000000000000000000000000000000000000000000000000000000,"1,0,0,0","0,71,0,0"
2026-05-16T12:24:50.438,01004600000000000000000000000000000000000000000000000000000000000000000000000000000000000000000000000000000000000000000000000000,"1,0,0,0","0,70,0,0"
2026-05-16T12:24:50.438,01004500000000000000000000000000000000000000000000000000000000000000000000000000000000000000000000000000000000000000000000000000,"1,0,0,0","0,69,0,0"
2026-05-16T12:24:50.438,01004400000000000000000000000000000000000000000000000000000000000000000000000000000000000000000000000000000000000000000000000000,"1,0,0,0","0,68,0,0"
2026-05-16T12:24:50.438,01004300000000000000000000000000000000000000000000000000000000000000000000000000000000000000000000000000000000000000000000000000,"1,0,0,0","0,67,0,0"
2026-05-16T12:24:50.438,01004200000000000000000000000000000000000000000000000000000000000000000000000000000000000000000000000000000000000000000000000000,"1,0,0,0","0,66,0,0"
2026-05-16T12:24:50.438,01004100000000000000000000000000000000000000000000000000000000000000000000000000000000000000000000000000000000000000000000000000,"1,0,0,0","0,65,0,0"
2026-05-16T12:24:50.438,01004000000000000000000000000000000000000000000000000000000000000000000000000000000000000000000000000000000000000000000000000000,"1,0,0,0","0,64,0,0"
2026-05-16T12:24:50.438,01003f00000000000000000000000000000000000000000000000000000000000000000000000000000000000000000000000000000000000000000000000000,"1,0,0,0","0,63,0,0"
2026-05-16T12:24:50.438,01003e00000000000000000000000000000000000000000000000000000000000000000000000000000000000000000000000000000000000000000000000000,"1,0,0,0","0,62,0,0"
2026-05-16T12:24:50.438,01003d00000000000000000000000000000000000000000000000000000000000000000000000000000000000000000000000000000000000000000000000000,"1,0,0,0","0,61,0,0"
2026-05-16T12:24:50.438,01003c00000000000000000000000000000000000000000000000000000000000000000000000000000000000000000000000000000000000000000000000000,"1,0,0,0","0,60,0,0"
2026-05-16T12:24:50.438,01003b00000000000000000000000000000000000000000000000000000000000000000000000000000000000000000000000000000000000000000000000000,"1,0,0,0","0,59,0,0"
2026-05-16T12:24:50.438,01003a00000000000000000000000000000000000000000000000000000000000000000000000000000000000000000000000000000000000000000000000000,"1,0,0,0","0,58,0,0"
2026-05-16T12:24:50.438,01003900000000000000000000000000000000000000000000000000000000000000000000000000000000000000000000000000000000000000000000000000,"1,0,0,0","0,57,0,0"
2026-05-16T12:24:50.438,01003800000000000000000000000000000000000000000000000000000000000000000000000000000000000000000000000000000000000000000000000000,"1,0,0,0","0,56,0,0"
2026-05-16T12:24:50.438,01003700000000000000000000000000000000000000000000000000000000000000000000000000000000000000000000000000000000000000000000000000,"1,0,0,0","0,55,0,0"
2026-05-16T12:24:50.538,01003600000000000000000000000000000000000000000000000000000000000000000000000000000000000000000000000000000000000000000000000000,"1,0,0,0","0,54,0,0"
2026-05-16T12:24:50.538,01003500000000000000000000000000000000000000000000000000000000000000000000000000000000000000000000000000000000000000000000000000,"1,0,0,0","0,53,0,0"
2026-05-16T12:24:50.538,01003400000000000000000000000000000000000000000000000000000000000000000000000000000000000000000000000000000000000000000000000000,"1,0,0,0","0,52,0,0"
2026-05-16T12:24:50.538,01003300000000000000000000000000000000000000000000000000000000000000000000000000000000000000000000000000000000000000000000000000,"1,0,0,0","0,51,0,0"
2026-05-16T12:24:50.538,01003200000000000000000000000000000000000000000000000000000000000000000000000000000000000000000000000000000000000000000000000000,"1,0,0,0","0,50,0,0"
2026-05-16T12:24:50.538,01003100000000000000000000000000000000000000000000000000000000000000000000000000000000000000000000000000000000000000000000000000,"1,0,0,0","0,49,0,0"
2026-05-16T12:24:50.538,01003000000000000000000000000000000000000000000000000000000000000000000000000000000000000000000000000000000000000000000000000000,"1,0,0,0","0,48,0,0"
2026-05-16T12:24:50.538,01002f00000000000000000000000000000000000000000000000000000000000000000000000000000000000000000000000000000000000000000000000000,"1,0,0,0","0,47,0,0"
2026-05-16T12:24:50.538,01002e00000000000000000000000000000000000000000000000000000000000000000000000000000000000000000000000000000000000000000000000000,"1,0,0,0","0,46,0,0"
2026-05-16T12:24:50.538,01002d00000000000000000000000000000000000000000000000000000000000000000000000000000000000000000000000000000000000000000000000000,"1,0,0,0","0,45,0,0"
2026-05-16T12:24:50.538,01002c00000000000000000000000000000000000000000000000000000000000000000000000000000000000000000000000000000000000000000000000000,"1,0,0,0","0,44,0,0"
2026-05-16T12:24:50.538,01002b00000000000000000000000000000000000000000000000000000000000000000000000000000000000000000000000000000000000000000000000000,"1,0,0,0","0,43,0,0"
2026-05-16T12:24:50.538,01002a00000000000000000000000000000000000000000000000000000000000000000000000000000000000000000000000000000000000000000000000000,"1,0,0,0","0,42,0,0"
2026-05-16T12:24:50.538,01002900000000000000000000000000000000000000000000000000000000000000000000000000000000000000000000000000000000000000000000000000,"1,0,0,0","0,41,0,0"
2026-05-16T12:24:50.538,01002800000000000000000000000000000000000000000000000000000000000000000000000000000000000000000000000000000000000000000000000000,"1,0,0,0","0,40,0,0"
2026-05-16T12:24:50.538,01002700000000000000000000000000000000000000000000000000000000000000000000000000000000000000000000000000000000000000000000000000,"1,0,0,0","0,39,0,0"
2026-05-16T12:24:50.538,01002600000000000000000000000000000000000000000000000000000000000000000000000000000000000000000000000000000000000000000000000000,"1,0,0,0","0,38,0,0"
2026-05-16T12:24:50.538,01002500000000000000000000000000000000000000000000000000000000000000000000000000000000000000000000000000000000000000000000000000,"1,0,0,0","0,37,0,0"
2026-05-16T12:24:50.539,01002400000000000000000000000000000000000000000000000000000000000000000000000000000000000000000000000000000000000000000000000000,"1,0,0,0","0,36,0,0"
2026-05-16T12:24:50.539,01002300000000000000000000000000000000000000000000000000000000000000000000000000000000000000000000000000000000000000000000000000,"1,0,0,0","0,35,0,0"
2026-05-16T12:24:50.539,01002200000000000000000000000000000000000000000000000000000000000000000000000000000000000000000000000000000000000000000000000000,"1,0,0,0","0,34,0,0"
2026-05-16T12:24:50.539,01002100000000000000000000000000000000000000000000000000000000000000000000000000000000000000000000000000000000000000000000000000,"1,0,0,0","0,33,0,0"
2026-05-16T12:24:50.539,01002000000000000000000000000000000000000000000000000000000000000000000000000000000000000000000000000000000000000000000000000000,"1,0,0,0","0,32,0,0"
2026-05-16T12:24:50.539,01001f00000000000000000000000000000000000000000000000000000000000000000000000000000000000000000000000000000000000000000000000000,"1,0,0,0","0,31,0,0"
2026-05-16T12:24:50.539,01001e00000000000000000000000000000000000000000000000000000000000000000000000000000000000000000000000000000000000000000000000000,"1,0,0,0","0,30,0,0"
2026-05-16T12:24:50.539,01001d00000000000000000000000000000000000000000000000000000000000000000000000000000000000000000000000000000000000000000000000000,"1,0,0,0","0,29,0,0"
2026-05-16T12:24:50.539,01001c00000000000000000000000000000000000000000000000000000000000000000000000000000000000000000000000000000000000000000000000000,"1,0,0,0","0,28,0,0"
2026-05-16T12:24:50.539,01001b00000000000000000000000000000000000000000000000000000000000000000000000000000000000000000000000000000000000000000000000000,"1,0,0,0","0,27,0,0"
2026-05-16T12:24:50.539,01001a00000000000000000000000000000000000000000000000000000000000000000000000000000000000000000000000000000000000000000000000000,"1,0,0,0","0,26,0,0"
2026-05-16T12:24:50.539,01001900000000000000000000000000000000000000000000000000000000000000000000000000000000000000000000000000000000000000000000000000,"1,0,0,0","0,25,0,0"
2026-05-16T12:24:50.539,01001800000000000000000000000000000000000000000000000000000000000000000000000000000000000000000000000000000000000000000000000000,"1,0,0,0","0,24,0,0"
2026-05-16T12:24:50.539,01001700000000000000000000000000000000000000000000000000000000000000000000000000000000000000000000000000000000000000000000000000,"1,0,0,0","0,23,0,0"
2026-05-16T12:24:50.539,01001600000000000000000000000000000000000000000000000000000000000000000000000000000000000000000000000000000000000000000000000000,"1,0,0,0","0,22,0,0"
2026-05-16T12:24:50.539,01001500000000000000000000000000000000000000000000000000000000000000000000000000000000000000000000000000000000000000000000000000,"1,0,0,0","0,21,0,0"
2026-05-16T12:24:50.539,01001400000000000000000000000000000000000000000000000000000000000000000000000000000000000000000000000000000000000000000000000000,"1,0,0,0","0,20,0,0"
2026-05-16T12:24:50.539,01001300000000000000000000000000000000000000000000000000000000000000000000000000000000000000000000000000000000000000000000000000,"1,0,0,0","0,19,0,0"
2026-05-16T12:24:50.539,01001200000000000000000000000000000000000000000000000000000000000000000000000000000000000000000000000000000000000000000000000000,"1,0,0,0","0,18,0,0"
2026-05-16T12:24:50.539,01001100000000000000000000000000000000000000000000000000000000000000000000000000000000000000000000000000000000000000000000000000,"1,0,0,0","0,17,0,0"
2026-05-16T12:24:50.539,01001000000000000000000000000000000000000000000000000000000000000000000000000000000000000000000000000000000000000000000000000000,"1,0,0,0","0,16,0,0"
2026-05-16T12:24:50.539,01000f00000000000000000000000000000000000000000000000000000000000000000000000000000000000000000000000000000000000000000000000000,"1,0,0,0","0,15,0,0"
2026-05-16T12:24:50.639,01000e00000000000000000000000000000000000000000000000000000000000000000000000000000000000000000000000000000000000000000000000000,"1,0,0,0","0,14,0,0"
2026-05-16T12:24:50.639,01000d00000000000000000000000000000000000000000000000000000000000000000000000000000000000000000000000000000000000000000000000000,"1,0,0,0","0,13,0,0"
2026-05-16T12:24:50.639,01000c00000000000000000000000000000000000000000000000000000000000000000000000000000000000000000000000000000000000000000000000000,"1,0,0,0","0,12,0,0"
2026-05-16T12:24:50.639,01000b00000000000000000000000000000000000000000000000000000000000000000000000000000000000000000000000000000000000000000000000000,"1,0,0,0","0,11,0,0"
2026-05-16T12:24:50.639,01000a00000000000000000000000000000000000000000000000000000000000000000000000000000000000000000000000000000000000000000000000000,"1,0,0,0","0,10,0,0"
2026-05-16T12:24:50.639,01000900000000000000000000000000000000000000000000000000000000000000000000000000000000000000000000000000000000000000000000000000,"1,0,0,0","0,9,0,0"
2026-05-16T12:24:50.639,01000800000000000000000000000000000000000000000000000000000000000000000000000000000000000000000000000000000000000000000000000000,"1,0,0,0","0,8,0,0"
2026-05-16T12:24:50.639,01000700000000000000000000000000000000000000000000000000000000000000000000000000000000000000000000000000000000000000000000000000,"1,0,0,0","0,7,0,0"
2026-05-16T12:24:50.639,01000600000000000000000000000000000000000000000000000000000000000000000000000000000000000000000000000000000000000000000000000000,"1,0,0,0","0,6,0,0"
2026-05-16T12:24:50.639,01000500000000000000000000000000000000000000000000000000000000000000000000000000000000000000000000000000000000000000000000000000,"1,0,0,0","0,5,0,0"
2026-05-16T12:24:50.639,01000400000000000000000000000000000000000000000000000000000000000000000000000000000000000000000000000000000000000000000000000000,"1,0,0,0","0,4,0,0"
2026-05-16T12:24:50.639,01000300000000000000000000000000000000000000000000000000000000000000000000000000000000000000000000000000000000000000000000000000,"1,0,0,0","0,3,0,0"
2026-05-16T12:24:50.639,01000200000000000000000000000000000000000000000000000000000000000000000000000000000000000000000000000000000000000000000000000000,"1,0,0,0","0,2,0,0"
2026-05-16T12:24:50.639,01000100000000000000000000000000000000000000000000000000000000000000000000000000000000000000000000000000000000000000000000000000,"1,0,0,0","0,1,0,0"
2026-05-16T12:24:50.639,01000000000000000000000000000000000000000000000000000000000000000000000000000000000000000000000000000000000000000000000000000000,"1,0,0,0","0,0,0,0"
2026-05-16T12:25:00.051,01010100000000000000000000000000000000000000000000000000000000000000000000000000000000000000000000000000000000000000000000000000,"1,0,0,0","1,1,0,0"
2026-05-16T12:25:00.051,01010200000000000000000000000000000000000000000000000000000000000000000000000000000000000000000000000000000000000000000000000000,"1,0,0,0","1,2,0,0"
2026-05-16T12:25:00.051,01010300000000000000000000000000000000000000000000000000000000000000000000000000000000000000000000000000000000000000000000000000,"1,0,0,0","1,3,0,0"
2026-05-16T12:25:00.153,01010400000000000000000000000000000000000000000000000000000000000000000000000000000000000000000000000000000000000000000000000000,"1,0,0,0","1,4,0,0"
2026-05-16T12:25:00.153,01010500000000000000000000000000000000000000000000000000000000000000000000000000000000000000000000000000000000000000000000000000,"1,0,0,0","1,5,0,0"
2026-05-16T12:25:00.153,01010600000000000000000000000000000000000000000000000000000000000000000000000000000000000000000000000000000000000000000000000000,"1,0,0,0","1,6,0,0"
2026-05-16T12:25:00.153,01010700000000000000000000000000000000000000000000000000000000000000000000000000000000000000000000000000000000000000000000000000,"1,0,0,0","1,7,0,0"
2026-05-16T12:25:00.153,01010800000000000000000000000000000000000000000000000000000000000000000000000000000000000000000000000000000000000000000000000000,"1,0,0,0","1,8,0,0"
2026-05-16T12:25:00.153,01010900000000000000000000000000000000000000000000000000000000000000000000000000000000000000000000000000000000000000000000000000,"1,0,0,0","1,9,0,0"
2026-05-16T12:25:00.153,01010a00000000000000000000000000000000000000000000000000000000000000000000000000000000000000000000000000000000000000000000000000,"1,0,0,0","1,10,0,0"
2026-05-16T12:25:00.153,01010b00000000000000000000000000000000000000000000000000000000000000000000000000000000000000000000000000000000000000000000000000,"1,0,0,0","1,11,0,0"
2026-05-16T12:25:00.153,01010c00000000000000000000000000000000000000000000000000000000000000000000000000000000000000000000000000000000000000000000000000,"1,0,0,0","1,12,0,0"
2026-05-16T12:25:00.153,01010d00000000000000000000000000000000000000000000000000000000000000000000000000000000000000000000000000000000000000000000000000,"1,0,0,0","1,13,0,0"
2026-05-16T12:25:00.153,01010e00000000000000000000000000000000000000000000000000000000000000000000000000000000000000000000000000000000000000000000000000,"1,0,0,0","1,14,0,0"
2026-05-16T12:25:00.153,01010f00000000000000000000000000000000000000000000000000000000000000000000000000000000000000000000000000000000000000000000000000,"1,0,0,0","1,15,0,0"
2026-05-16T12:25:00.153,01011000000000000000000000000000000000000000000000000000000000000000000000000000000000000000000000000000000000000000000000000000,"1,0,0,0","1,16,0,0"
2026-05-16T12:25:00.153,01011100000000000000000000000000000000000000000000000000000000000000000000000000000000000000000000000000000000000000000000000000,"1,0,0,0","1,17,0,0"
2026-05-16T12:25:00.153,01011200000000000000000000000000000000000000000000000000000000000000000000000000000000000000000000000000000000000000000000000000,"1,0,0,0","1,18,0,0"
2026-05-16T12:25:00.153,01011300000000000000000000000000000000000000000000000000000000000000000000000000000000000000000000000000000000000000000000000000,"1,0,0,0","1,19,0,0"
2026-05-16T12:25:00.153,01011400000000000000000000000000000000000000000000000000000000000000000000000000000000000000000000000000000000000000000000000000,"1,0,0,0","1,20,0,0"
2026-05-16T12:25:00.153,01011500000000000000000000000000000000000000000000000000000000000000000000000000000000000000000000000000000000000000000000000000,"1,0,0,0","1,21,0,0"
2026-05-16T12:25:00.154,01011600000000000000000000000000000000000000000000000000000000000000000000000000000000000000000000000000000000000000000000000000,"1,0,0,0","1,22,0,0"
2026-05-16T12:25:00.254,01011700000000000000000000000000000000000000000000000000000000000000000000000000000000000000000000000000000000000000000000000000,"1,0,0,0","1,23,0,0"
2026-05-16T12:25:00.254,01011800000000000000000000000000000000000000000000000000000000000000000000000000000000000000000000000000000000000000000000000000,"1,0,0,0","1,24,0,0"
2026-05-16T12:25:00.254,01011900000000000000000000000000000000000000000000000000000000000000000000000000000000000000000000000000000000000000000000000000,"1,0,0,0","1,25,0,0"
2026-05-16T12:25:00.254,01011a00000000000000000000000000000000000000000000000000000000000000000000000000000000000000000000000000000000000000000000000000,"1,0,0,0","1,26,0,0"
2026-05-16T12:25:00.254,01011b00000000000000000000000000000000000000000000000000000000000000000000000000000000000000000000000000000000000000000000000000,"1,0,0,0","1,27,0,0"
2026-05-16T12:25:00.254,01011c00000000000000000000000000000000000000000000000000000000000000000000000000000000000000000000000000000000000000000000000000,"1,0,0,0","1,28,0,0"
2026-05-16T12:25:00.254,01011d00000000000000000000000000000000000000000000000000000000000000000000000000000000000000000000000000000000000000000000000000,"1,0,0,0","1,29,0,0"
2026-05-16T12:25:00.254,01011e00000000000000000000000000000000000000000000000000000000000000000000000000000000000000000000000000000000000000000000000000,"1,0,0,0","1,30,0,0"
2026-05-16T12:25:00.254,01011f00000000000000000000000000000000000000000000000000000000000000000000000000000000000000000000000000000000000000000000000000,"1,0,0,0","1,31,0,0"
2026-05-16T12:25:00.254,01012000000000000000000000000000000000000000000000000000000000000000000000000000000000000000000000000000000000000000000000000000,"1,0,0,0","1,32,0,0"
2026-05-16T12:25:00.254,01012100000000000000000000000000000000000000000000000000000000000000000000000000000000000000000000000000000000000000000000000000,"1,0,0,0","1,33,0,0"
2026-05-16T12:25:00.254,01012200000000000000000000000000000000000000000000000000000000000000000000000000000000000000000000000000000000000000000000000000,"1,0,0,0","1,34,0,0"
2026-05-16T12:25:00.254,01012300000000000000000000000000000000000000000000000000000000000000000000000000000000000000000000000000000000000000000000000000,"1,0,0,0","1,35,0,0"
2026-05-16T12:25:00.254,01012400000000000000000000000000000000000000000000000000000000000000000000000000000000000000000000000000000000000000000000000000,"1,0,0,0","1,36,0,0"
2026-05-16T12:25:00.254,01012500000000000000000000000000000000000000000000000000000000000000000000000000000000000000000000000000000000000000000000000000,"1,0,0,0","1,37,0,0"
2026-05-16T12:25:00.254,01012600000000000000000000000000000000000000000000000000000000000000000000000000000000000000000000000000000000000000000000000000,"1,0,0,0","1,38,0,0"
2026-05-16T12:25:00.254,01012700000000000000000000000000000000000000000000000000000000000000000000000000000000000000000000000000000000000000000000000000,"1,0,0,0","1,39,0,0"
2026-05-16T12:25:00.254,01012800000000000000000000000000000000000000000000000000000000000000000000000000000000000000000000000000000000000000000000000000,"1,0,0,0","1,40,0,0"
2026-05-16T12:25:00.254,01012900000000000000000000000000000000000000000000000000000000000000000000000000000000000000000000000000000000000000000000000000,"1,0,0,0","1,41,0,0"
2026-05-16T12:25:00.254,01012a00000000000000000000000000000000000000000000000000000000000000000000000000000000000000000000000000000000000000000000000000,"1,0,0,0","1,42,0,0"
2026-05-16T12:25:00.254,01012b00000000000000000000000000000000000000000000000000000000000000000000000000000000000000000000000000000000000000000000000000,"1,0,0,0","1,43,0,0"
2026-05-16T12:25:00.254,01012c00000000000000000000000000000000000000000000000000000000000000000000000000000000000000000000000000000000000000000000000000,"1,0,0,0","1,44,0,0"
2026-05-16T12:25:00.254,01012d00000000000000000000000000000000000000000000000000000000000000000000000000000000000000000000000000000000000000000000000000,"1,0,0,0","1,45,0,0"
2026-05-16T12:25:00.355,01012e00000000000000000000000000000000000000000000000000000000000000000000000000000000000000000000000000000000000000000000000000,"1,0,0,0","1,46,0,0"
2026-05-16T12:25:00.355,01012f00000000000000000000000000000000000000000000000000000000000000000000000000000000000000000000000000000000000000000000000000,"1,0,0,0","1,47,0,0"
2026-05-16T12:25:00.355,01013000000000000000000000000000000000000000000000000000000000000000000000000000000000000000000000000000000000000000000000000000,"1,0,0,0","1,48,0,0"
2026-05-16T12:25:00.355,01013100000000000000000000000000000000000000000000000000000000000000000000000000000000000000000000000000000000000000000000000000,"1,0,0,0","1,49,0,0"
2026-05-16T12:25:00.355,01013200000000000000000000000000000000000000000000000000000000000000000000000000000000000000000000000000000000000000000000000000,"1,0,0,0","1,50,0,0"
2026-05-16T12:25:00.355,01013300000000000000000000000000000000000000000000000000000000000000000000000000000000000000000000000000000000000000000000000000,"1,0,0,0","1,51,0,0"
2026-05-16T12:25:00.355,01013400000000000000000000000000000000000000000000000000000000000000000000000000000000000000000000000000000000000000000000000000,"1,0,0,0","1,52,0,0"
2026-05-16T12:25:00.355,01013500000000000000000000000000000000000000000000000000000000000000000000000000000000000000000000000000000000000000000000000000,"1,0,0,0","1,53,0,0"
2026-05-16T12:25:00.355,01013600000000000000000000000000000000000000000000000000000000000000000000000000000000000000000000000000000000000000000000000000,"1,0,0,0","1,54,0,0"
2026-05-16T12:25:00.355,01013700000000000000000000000000000000000000000000000000000000000000000000000000000000000000000000000000000000000000000000000000,"1,0,0,0","1,55,0,0"
2026-05-16T12:25:00.355,01013800000000000000000000000000000000000000000000000000000000000000000000000000000000000000000000000000000000000000000000000000,"1,0,0,0","1,56,0,0"
2026-05-16T12:25:00.355,01013900000000000000000000000000000000000000000000000000000000000000000000000000000000000000000000000000000000000000000000000000,"1,0,0,0","1,57,0,0"
2026-05-16T12:25:00.355,01013a00000000000000000000000000000000000000000000000000000000000000000000000000000000000000000000000000000000000000000000000000,"1,0,0,0","1,58,0,0"
2026-05-16T12:25:00.355,01013b00000000000000000000000000000000000000000000000000000000000000000000000000000000000000000000000000000000000000000000000000,"1,0,0,0","1,59,0,0"
2026-05-16T12:25:00.355,01013c00000000000000000000000000000000000000000000000000000000000000000000000000000000000000000000000000000000000000000000000000,"1,0,0,0","1,60,0,0"
2026-05-16T12:25:00.355,01013d00000000000000000000000000000000000000000000000000000000000000000000000000000000000000000000000000000000000000000000000000,"1,0,0,0","1,61,0,0"
2026-05-16T12:25:00.355,01013e00000000000000000000000000000000000000000000000000000000000000000000000000000000000000000000000000000000000000000000000000,"1,0,0,0","1,62,0,0"
2026-05-16T12:25:00.355,01013f00000000000000000000000000000000000000000000000000000000000000000000000000000000000000000000000000000000000000000000000000,"1,0,0,0","1,63,0,0"
2026-05-16T12:25:00.355,01014000000000000000000000000000000000000000000000000000000000000000000000000000000000000000000000000000000000000000000000000000,"1,0,0,0","1,64,0,0"
2026-05-16T12:25:00.355,01014100000000000000000000000000000000000000000000000000000000000000000000000000000000000000000000000000000000000000000000000000,"1,0,0,0","1,65,0,0"
2026-05-16T12:25:00.355,01014200000000000000000000000000000000000000000000000000000000000000000000000000000000000000000000000000000000000000000000000000,"1,0,0,0","1,66,0,0"
2026-05-16T12:25:00.757,01014300000000000000000000000000000000000000000000000000000000000000000000000000000000000000000000000000000000000000000000000000,"1,0,0,0","1,67,0,0"
2026-05-16T12:25:00.757,01014400000000000000000000000000000000000000000000000000000000000000000000000000000000000000000000000000000000000000000000000000,"1,0,0,0","1,68,0,0"
2026-05-16T12:25:00.757,01014500000000000000000000000000000000000000000000000000000000000000000000000000000000000000000000000000000000000000000000000000,"1,0,0,0","1,69,0,0"
2026-05-16T12:25:00.757,01014600000000000000000000000000000000000000000000000000000000000000000000000000000000000000000000000000000000000000000000000000,"1,0,0,0","1,70,0,0"
2026-05-16T12:25:00.757,01014700000000000000000000000000000000000000000000000000000000000000000000000000000000000000000000000000000000000000000000000000,"1,0,0,0","1,71,0,0"
2026-05-16T12:25:00.757,01014800000000000000000000000000000000000000000000000000000000000000000000000000000000000000000000000000000000000000000000000000,"1,0,0,0","1,72,0,0"
2026-05-16T12:25:00.757,01014900000000000000000000000000000000000000000000000000000000000000000000000000000000000000000000000000000000000000000000000000,"1,0,0,0","1,73,0,0"
2026-05-16T12:25:00.757,01014a00000000000000000000000000000000000000000000000000000000000000000000000000000000000000000000000000000000000000000000000000,"1,0,0,0","1,74,0,0"
2026-05-16T12:25:00.757,01014b00000000000000000000000000000000000000000000000000000000000000000000000000000000000000000000000000000000000000000000000000,"1,0,0,0","1,75,0,0"
2026-05-16T12:25:00.757,01014c00000000000000000000000000000000000000000000000000000000000000000000000000000000000000000000000000000000000000000000000000,"1,0,0,0","1,76,0,0"
2026-05-16T12:25:00.757,01014d00000000000000000000000000000000000000000000000000000000000000000000000000000000000000000000000000000000000000000000000000,"1,0,0,0","1,77,0,0"
2026-05-16T12:25:00.757,01014e00000000000000000000000000000000000000000000000000000000000000000000000000000000000000000000000000000000000000000000000000,"1,0,0,0","1,78,0,0"
2026-05-16T12:25:00.757,01014f00000000000000000000000000000000000000000000000000000000000000000000000000000000000000000000000000000000000000000000000000,"1,0,0,0","1,79,0,0"
2026-05-16T12:25:00.757,01015000000000000000000000000000000000000000000000000000000000000000000000000000000000000000000000000000000000000000000000000000,"1,0,0,0","1,80,0,0"
2026-05-16T12:25:00.857,01015100000000000000000000000000000000000000000000000000000000000000000000000000000000000000000000000000000000000000000000000000,"1,0,0,0","1,81,0,0"
2026-05-16T12:25:00.857,01015200000000000000000000000000000000000000000000000000000000000000000000000000000000000000000000000000000000000000000000000000,"1,0,0,0","1,82,0,0"
2026-05-16T12:25:00.857,01015300000000000000000000000000000000000000000000000000000000000000000000000000000000000000000000000000000000000000000000000000,"1,0,0,0","1,83,0,0"
2026-05-16T12:25:00.857,01015400000000000000000000000000000000000000000000000000000000000000000000000000000000000000000000000000000000000000000000000000,"1,0,0,0","1,84,0,0"
2026-05-16T12:25:00.857,01015500000000000000000000000000000000000000000000000000000000000000000000000000000000000000000000000000000000000000000000000000,"1,0,0,0","1,85,0,0"
2026-05-16T12:25:00.857,01015600000000000000000000000000000000000000000000000000000000000000000000000000000000000000000000000000000000000000000000000000,"1,0,0,0","1,86,0,0"
2026-05-16T12:25:00.857,01015700000000000000000000000000000000000000000000000000000000000000000000000000000000000000000000000000000000000000000000000000,"1,0,0,0","1,87,0,0"
2026-05-16T12:25:00.857,01015800000000000000000000000000000000000000000000000000000000000000000000000000000000000000000000000000000000000000000000000000,"1,0,0,0","1,88,0,0"
2026-05-16T12:25:00.857,01015900000000000000000000000000000000000000000000000000000000000000000000000000000000000000000000000000000000000000000000000000,"1,0,0,0","1,89,0,0"
2026-05-16T12:25:00.857,01015a00000000000000000000000000000000000000000000000000000000000000000000000000000000000000000000000000000000000000000000000000,"1,0,0,0","1,90,0,0"
2026-05-16T12:25:00.857,01015b00000000000000000000000000000000000000000000000000000000000000000000000000000000000000000000000000000000000000000000000000,"1,0,0,0","1,91,0,0"
2026-05-16T12:25:00.857,01015c00000000000000000000000000000000000000000000000000000000000000000000000000000000000000000000000000000000000000000000000000,"1,0,0,0","1,92,0,0"
2026-05-16T12:25:00.857,01015d00000000000000000000000000000000000000000000000000000000000000000000000000000000000000000000000000000000000000000000000000,"1,0,0,0","1,93,0,0"
2026-05-16T12:25:00.858,01015e00000000000000000000000000000000000000000000000000000000000000000000000000000000000000000000000000000000000000000000000000,"1,0,0,0","1,94,0,0"
2026-05-16T12:25:00.858,01015f00000000000000000000000000000000000000000000000000000000000000000000000000000000000000000000000000000000000000000000000000,"1,0,0,0","1,95,0,0"
2026-05-16T12:25:00.858,01016000000000000000000000000000000000000000000000000000000000000000000000000000000000000000000000000000000000000000000000000000,"1,0,0,0","1,96,0,0"
2026-05-16T12:25:00.858,01016100000000000000000000000000000000000000000000000000000000000000000000000000000000000000000000000000000000000000000000000000,"1,0,0,0","1,97,0,0"
2026-05-16T12:25:00.858,01016200000000000000000000000000000000000000000000000000000000000000000000000000000000000000000000000000000000000000000000000000,"1,0,0,0","1,98,0,0"
2026-05-16T12:25:00.858,01016300000000000000000000000000000000000000000000000000000000000000000000000000000000000000000000000000000000000000000000000000,"1,0,0,0","1,99,0,0"
2026-05-16T12:25:00.858,01016400000000000000000000000000000000000000000000000000000000000000000000000000000000000000000000000000000000000000000000000000,"1,0,0,0","1,100,0,0"
2026-05-16T12:25:00.858,01016500000000000000000000000000000000000000000000000000000000000000000000000000000000000000000000000000000000000000000000000000,"1,0,0,0","1,101,0,0"
2026-05-16T12:25:00.858,01016600000000000000000000000000000000000000000000000000000000000000000000000000000000000000000000000000000000000000000000000000,"1,0,0,0","1,102,0,0"
2026-05-16T12:25:00.858,01016700000000000000000000000000000000000000000000000000000000000000000000000000000000000000000000000000000000000000000000000000,"1,0,0,0","1,103,0,0"
2026-05-16T12:25:00.858,01016800000000000000000000000000000000000000000000000000000000000000000000000000000000000000000000000000000000000000000000000000,"1,0,0,0","1,104,0,0"
2026-05-16T12:25:00.858,01016900000000000000000000000000000000000000000000000000000000000000000000000000000000000000000000000000000000000000000000000000,"1,0,0,0","1,105,0,0"
2026-05-16T12:25:00.858,01016a00000000000000000000000000000000000000000000000000000000000000000000000000000000000000000000000000000000000000000000000000,"1,0,0,0","1,106,0,0"
2026-05-16T12:25:00.858,01016b00000000000000000000000000000000000000000000000000000000000000000000000000000000000000000000000000000000000000000000000000,"1,0,0,0","1,107,0,0"
2026-05-16T12:25:00.858,01016c00000000000000000000000000000000000000000000000000000000000000000000000000000000000000000000000000000000000000000000000000,"1,0,0,0","1,108,0,0"
2026-05-16T12:25:00.858,01016d00000000000000000000000000000000000000000000000000000000000000000000000000000000000000000000000000000000000000000000000000,"1,0,0,0","1,109,0,0"
2026-05-16T12:25:00.858,01016e00000000000000000000000000000000000000000000000000000000000000000000000000000000000000000000000000000000000000000000000000,"1,0,0,0","1,110,0,0"
2026-05-16T12:25:00.858,01016f00000000000000000000000000000000000000000000000000000000000000000000000000000000000000000000000000000000000000000000000000,"1,0,0,0","1,111,0,0"
2026-05-16T12:25:00.858,01017000000000000000000000000000000000000000000000000000000000000000000000000000000000000000000000000000000000000000000000000000,"1,0,0,0","1,112,0,0"
2026-05-16T12:25:00.858,01017100000000000000000000000000000000000000000000000000000000000000000000000000000000000000000000000000000000000000000000000000,"1,0,0,0","1,113,0,0"
2026-05-16T12:25:00.858,01017200000000000000000000000000000000000000000000000000000000000000000000000000000000000000000000000000000000000000000000000000,"1,0,0,0","1,114,0,0"
2026-05-16T12:25:00.958,01017300000000000000000000000000000000000000000000000000000000000000000000000000000000000000000000000000000000000000000000000000,"1,0,0,0","1,115,0,0"
2026-05-16T12:25:00.958,01017400000000000000000000000000000000000000000000000000000000000000000000000000000000000000000000000000000000000000000000000000,"1,0,0,0","1,116,0,0"
2026-05-16T12:25:00.958,01017500000000000000000000000000000000000000000000000000000000000000000000000000000000000000000000000000000000000000000000000000,"1,0,0,0","1,117,0,0"
2026-05-16T12:25:00.958,01017600000000000000000000000000000000000000000000000000000000000000000000000000000000000000000000000000000000000000000000000000,"1,0,0,0","1,118,0,0"
2026-05-16T12:25:00.958,01017700000000000000000000000000000000000000000000000000000000000000000000000000000000000000000000000000000000000000000000000000,"1,0,0,0","1,119,0,0"
2026-05-16T12:25:00.958,01017800000000000000000000000000000000000000000000000000000000000000000000000000000000000000000000000000000000000000000000000000,"1,0,0,0","1,120,0,0"
2026-05-16T12:25:00.958,01017900000000000000000000000000000000000000000000000000000000000000000000000000000000000000000000000000000000000000000000000000,"1,0,0,0","1,121,0,0"
2026-05-16T12:25:00.958,01017a00000000000000000000000000000000000000000000000000000000000000000000000000000000000000000000000000000000000000000000000000,"1,0,0,0","1,122,0,0"
2026-05-16T12:25:00.958,01017b00000000000000000000000000000000000000000000000000000000000000000000000000000000000000000000000000000000000000000000000000,"1,0,0,0","1,123,0,0"
2026-05-16T12:25:00.958,01017c00000000000000000000000000000000000000000000000000000000000000000000000000000000000000000000000000000000000000000000000000,"1,0,0,0","1,124,0,0"
2026-05-16T12:25:00.958,01017d00000000000000000000000000000000000000000000000000000000000000000000000000000000000000000000000000000000000000000000000000,"1,0,0,0","1,125,0,0"
2026-05-16T12:25:00.959,01017e00000000000000000000000000000000000000000000000000000000000000000000000000000000000000000000000000000000000000000000000000,"1,0,0,0","1,126,0,0"
2026-05-16T12:25:00.959,01017f00000000000000000000000000000000000000000000000000000000000000000000000000000000000000000000000000000000000000000000000000,"1,0,0,0","1,127,0,0"
2026-05-16T12:25:00.959,01018000000000000000000000000000000000000000000000000000000000000000000000000000000000000000000000000000000000000000000000000000,"1,0,0,0","1,128,0,0"
2026-05-16T12:25:00.959,01018100000000000000000000000000000000000000000000000000000000000000000000000000000000000000000000000000000000000000000000000000,"1,0,0,0","1,129,0,0"
2026-05-16T12:25:00.959,01018200000000000000000000000000000000000000000000000000000000000000000000000000000000000000000000000000000000000000000000000000,"1,0,0,0","1,130,0,0"
2026-05-16T12:25:00.959,01018300000000000000000000000000000000000000000000000000000000000000000000000000000000000000000000000000000000000000000000000000,"1,0,0,0","1,131,0,0"
2026-05-16T12:25:00.959,01018400000000000000000000000000000000000000000000000000000000000000000000000000000000000000000000000000000000000000000000000000,"1,0,0,0","1,132,0,0"
2026-05-16T12:25:00.959,01018500000000000000000000000000000000000000000000000000000000000000000000000000000000000000000000000000000000000000000000000000,"1,0,0,0","1,133,0,0"
2026-05-16T12:25:00.959,01018600000000000000000000000000000000000000000000000000000000000000000000000000000000000000000000000000000000000000000000000000,"1,0,0,0","1,134,0,0"
2026-05-16T12:25:00.959,01018700000000000000000000000000000000000000000000000000000000000000000000000000000000000000000000000000000000000000000000000000,"1,0,0,0","1,135,0,0"
2026-05-16T12:25:01.060,01018800000000000000000000000000000000000000000000000000000000000000000000000000000000000000000000000000000000000000000000000000,"1,0,0,0","1,136,0,0"
2026-05-16T12:25:01.060,01018900000000000000000000000000000000000000000000000000000000000000000000000000000000000000000000000000000000000000000000000000,"1,0,0,0","1,137,0,0"
2026-05-16T12:25:01.060,01018a00000000000000000000000000000000000000000000000000000000000000000000000000000000000000000000000000000000000000000000000000,"1,0,0,0","1,138,0,0"
2026-05-16T12:25:01.060,01018b00000000000000000000000000000000000000000000000000000000000000000000000000000000000000000000000000000000000000000000000000,"1,0,0,0","1,139,0,0"
2026-05-16T12:25:01.060,01018c00000000000000000000000000000000000000000000000000000000000000000000000000000000000000000000000000000000000000000000000000,"1,0,0,0","1,140,0,0"
2026-05-16T12:25:01.060,01018d00000000000000000000000000000000000000000000000000000000000000000000000000000000000000000000000000000000000000000000000000,"1,0,0,0","1,141,0,0"
2026-05-16T12:25:01.060,01018e00000000000000000000000000000000000000000000000000000000000000000000000000000000000000000000000000000000000000000000000000,"1,0,0,0","1,142,0,0"
2026-05-16T12:25:01.060,01018f00000000000000000000000000000000000000000000000000000000000000000000000000000000000000000000000000000000000000000000000000,"1,0,0,0","1,143,0,0"
2026-05-16T12:25:01.060,01019000000000000000000000000000000000000000000000000000000000000000000000000000000000000000000000000000000000000000000000000000,"1,0,0,0","1,144,0,0"
2026-05-16T12:25:01.060,01019100000000000000000000000000000000000000000000000000000000000000000000000000000000000000000000000000000000000000000000000000,"1,0,0,0","1,145,0,0"
2026-05-16T12:25:01.060,01019200000000000000000000000000000000000000000000000000000000000000000000000000000000000000000000000000000000000000000000000000,"1,0,0,0","1,146,0,0"
2026-05-16T12:25:01.060,01019300000000000000000000000000000000000000000000000000000000000000000000000000000000000000000000000000000000000000000000000000,"1,0,0,0","1,147,0,0"
2026-05-16T12:25:01.060,01019400000000000000000000000000000000000000000000000000000000000000000000000000000000000000000000000000000000000000000000000000,"1,0,0,0","1,148,0,0"
2026-05-16T12:25:01.060,01019500000000000000000000000000000000000000000000000000000000000000000000000000000000000000000000000000000000000000000000000000,"1,0,0,0","1,149,0,0"
2026-05-16T12:25:01.060,01019600000000000000000000000000000000000000000000000000000000000000000000000000000000000000000000000000000000000000000000000000,"1,0,0,0","1,150,0,0"
2026-05-16T12:25:01.060,01019700000000000000000000000000000000000000000000000000000000000000000000000000000000000000000000000000000000000000000000000000,"1,0,0,0","1,151,0,0"
2026-05-16T12:25:01.060,01019800000000000000000000000000000000000000000000000000000000000000000000000000000000000000000000000000000000000000000000000000,"1,0,0,0","1,152,0,0"
2026-05-16T12:25:01.060,01019900000000000000000000000000000000000000000000000000000000000000000000000000000000000000000000000000000000000000000000000000,"1,0,0,0","1,153,0,0"
2026-05-16T12:25:01.060,01019a00000000000000000000000000000000000000000000000000000000000000000000000000000000000000000000000000000000000000000000000000,"1,0,0,0","1,154,0,0"
2026-05-16T12:25:01.060,01019b00000000000000000000000000000000000000000000000000000000000000000000000000000000000000000000000000000000000000000000000000,"1,0,0,0","1,155,0,0"
2026-05-16T12:25:01.060,01019c00000000000000000000000000000000000000000000000000000000000000000000000000000000000000000000000000000000000000000000000000,"1,0,0,0","1,156,0,0"
2026-05-16T12:25:01.060,01019d00000000000000000000000000000000000000000000000000000000000000000000000000000000000000000000000000000000000000000000000000,"1,0,0,0","1,157,0,0"
2026-05-16T12:25:01.060,01019e00000000000000000000000000000000000000000000000000000000000000000000000000000000000000000000000000000000000000000000000000,"1,0,0,0","1,158,0,0"
2026-05-16T12:25:01.060,01019f00000000000000000000000000000000000000000000000000000000000000000000000000000000000000000000000000000000000000000000000000,"1,0,0,0","1,159,0,0"
2026-05-16T12:25:01.060,0101a000000000000000000000000000000000000000000000000000000000000000000000000000000000000000000000000000000000000000000000000000,"1,0,0,0","1,160,0,0"
2026-05-16T12:25:01.060,0101a100000000000000000000000000000000000000000000000000000000000000000000000000000000000000000000000000000000000000000000000000,"1,0,0,0","1,161,0,0"
2026-05-16T12:25:01.060,0101a200000000000000000000000000000000000000000000000000000000000000000000000000000000000000000000000000000000000000000000000000,"1,0,0,0","1,162,0,0"
2026-05-16T12:25:01.060,0101a300000000000000000000000000000000000000000000000000000000000000000000000000000000000000000000000000000000000000000000000000,"1,0,0,0","1,163,0,0"
2026-05-16T12:25:01.160,0101a400000000000000000000000000000000000000000000000000000000000000000000000000000000000000000000000000000000000000000000000000,"1,0,0,0","1,164,0,0"
2026-05-16T12:25:01.161,0101a500000000000000000000000000000000000000000000000000000000000000000000000000000000000000000000000000000000000000000000000000,"1,0,0,0","1,165,0,0"
2026-05-16T12:25:01.161,0101a600000000000000000000000000000000000000000000000000000000000000000000000000000000000000000000000000000000000000000000000000,"1,0,0,0","1,166,0,0"
2026-05-16T12:25:01.161,0101a700000000000000000000000000000000000000000000000000000000000000000000000000000000000000000000000000000000000000000000000000,"1,0,0,0","1,167,0,0"
2026-05-16T12:25:01.161,0101a800000000000000000000000000000000000000000000000000000000000000000000000000000000000000000000000000000000000000000000000000,"1,0,0,0","1,168,0,0"
2026-05-16T12:25:01.161,0101a900000000000000000000000000000000000000000000000000000000000000000000000000000000000000000000000000000000000000000000000000,"1,0,0,0","1,169,0,0"
2026-05-16T12:25:01.161,0101aa00000000000000000000000000000000000000000000000000000000000000000000000000000000000000000000000000000000000000000000000000,"1,0,0,0","1,170,0,0"
2026-05-16T12:25:01.161,0101ab00000000000000000000000000000000000000000000000000000000000000000000000000000000000000000000000000000000000000000000000000,"1,0,0,0","1,171,0,0"
2026-05-16T12:25:01.161,0101ac00000000000000000000000000000000000000000000000000000000000000000000000000000000000000000000000000000000000000000000000000,"1,0,0,0","1,172,0,0"
2026-05-16T12:25:01.161,0101ad00000000000000000000000000000000000000000000000000000000000000000000000000000000000000000000000000000000000000000000000000,"1,0,0,0","1,173,0,0"
2026-05-16T12:25:01.161,0101ae00000000000000000000000000000000000000000000000000000000000000000000000000000000000000000000000000000000000000000000000000,"1,0,0,0","1,174,0,0"
2026-05-16T12:25:01.161,0101af00000000000000000000000000000000000000000000000000000000000000000000000000000000000000000000000000000000000000000000000000,"1,0,0,0","1,175,0,0"
2026-05-16T12:25:01.161,0101b000000000000000000000000000000000000000000000000000000000000000000000000000000000000000000000000000000000000000000000000000,"1,0,0,0","1,176,0,0"
2026-05-16T12:25:01.161,0101b100000000000000000000000000000000000000000000000000000000000000000000000000000000000000000000000000000000000000000000000000,"1,0,0,0","1,177,0,0"
2026-05-16T12:25:01.161,0101b200000000000000000000000000000000000000000000000000000000000000000000000000000000000000000000000000000000000000000000000000,"1,0,0,0","1,178,0,0"
2026-05-16T12:25:01.161,0101b300000000000000000000000000000000000000000000000000000000000000000000000000000000000000000000000000000000000000000000000000,"1,0,0,0","1,179,0,0"
2026-05-16T12:25:01.161,0101b400000000000000000000000000000000000000000000000000000000000000000000000000000000000000000000000000000000000000000000000000,"1,0,0,0","1,180,0,0"
2026-05-16T12:25:01.161,0101b500000000000000000000000000000000000000000000000000000000000000000000000000000000000000000000000000000000000000000000000000,"1,0,0,0","1,181,0,0"
2026-05-16T12:25:01.461,0101b600000000000000000000000000000000000000000000000000000000000000000000000000000000000000000000000000000000000000000000000000,"1,0,0,0","1,182,0,0"
2026-05-16T12:25:01.461,0101b700000000000000000000000000000000000000000000000000000000000000000000000000000000000000000000000000000000000000000000000000,"1,0,0,0","1,183,0,0"
2026-05-16T12:25:01.462,0101b800000000000000000000000000000000000000000000000000000000000000000000000000000000000000000000000000000000000000000000000000,"1,0,0,0","1,184,0,0"
2026-05-16T12:25:01.462,0101b900000000000000000000000000000000000000000000000000000000000000000000000000000000000000000000000000000000000000000000000000,"1,0,0,0","1,185,0,0"
2026-05-16T12:25:01.462,0101ba00000000000000000000000000000000000000000000000000000000000000000000000000000000000000000000000000000000000000000000000000,"1,0,0,0","1,186,0,0"
2026-05-16T12:25:01.462,0101bb00000000000000000000000000000000000000000000000000000000000000000000000000000000000000000000000000000000000000000000000000,"1,0,0,0","1,187,0,0"
2026-05-16T12:25:01.462,0101bc00000000000000000000000000000000000000000000000000000000000000000000000000000000000000000000000000000000000000000000000000,"1,0,0,0","1,188,0,0"
2026-05-16T12:25:01.462,0101bd00000000000000000000000000000000000000000000000000000000000000000000000000000000000000000000000000000000000000000000000000,"1,0,0,0","1,189,0,0"
2026-05-16T12:25:01.562,0101be00000000000000000000000000000000000000000000000000000000000000000000000000000000000000000000000000000000000000000000000000,"1,0,0,0","1,190,0,0"
2026-05-16T12:25:01.562,0101bf00000000000000000000000000000000000000000000000000000000000000000000000000000000000000000000000000000000000000000000000000,"1,0,0,0","1,191,0,0"
2026-05-16T12:25:01.562,0101c000000000000000000000000000000000000000000000000000000000000000000000000000000000000000000000000000000000000000000000000000,"1,0,0,0","1,192,0,0"
2026-05-16T12:25:01.562,0101c100000000000000000000000000000000000000000000000000000000000000000000000000000000000000000000000000000000000000000000000000,"1,0,0,0","1,193,0,0"
2026-05-16T12:25:01.562,0101c200000000000000000000000000000000000000000000000000000000000000000000000000000000000000000000000000000000000000000000000000,"1,0,0,0","1,194,0,0"
2026-05-16T12:25:01.562,0101c300000000000000000000000000000000000000000000000000000000000000000000000000000000000000000000000000000000000000000000000000,"1,0,0,0","1,195,0,0"
2026-05-16T12:25:01.562,0101c400000000000000000000000000000000000000000000000000000000000000000000000000000000000000000000000000000000000000000000000000,"1,0,0,0","1,196,0,0"
2026-05-16T12:25:01.562,0101c500000000000000000000000000000000000000000000000000000000000000000000000000000000000000000000000000000000000000000000000000,"1,0,0,0","1,197,0,0"
2026-05-16T12:25:01.562,0101c600000000000000000000000000000000000000000000000000000000000000000000000000000000000000000000000000000000000000000000000000,"1,0,0,0","1,198,0,0"
2026-05-16T12:25:01.562,0101c700000000000000000000000000000000000000000000000000000000000000000000000000000000000000000000000000000000000000000000000000,"1,0,0,0","1,199,0,0"
2026-05-16T12:25:01.562,0101c800000000000000000000000000000000000000000000000000000000000000000000000000000000000000000000000000000000000000000000000000,"1,0,0,0","1,200,0,0"
2026-05-16T12:25:01.562,0101c900000000000000000000000000000000000000000000000000000000000000000000000000000000000000000000000000000000000000000000000000,"1,0,0,0","1,201,0,0"
2026-05-16T12:25:01.562,0101ca00000000000000000000000000000000000000000000000000000000000000000000000000000000000000000000000000000000000000000000000000,"1,0,0,0","1,202,0,0"
2026-05-16T12:25:01.562,0101cb00000000000000000000000000000000000000000000000000000000000000000000000000000000000000000000000000000000000000000000000000,"1,0,0,0","1,203,0,0"
2026-05-16T12:25:01.562,0101cc00000000000000000000000000000000000000000000000000000000000000000000000000000000000000000000000000000000000000000000000000,"1,0,0,0","1,204,0,0"
2026-05-16T12:25:01.562,0101cd00000000000000000000000000000000000000000000000000000000000000000000000000000000000000000000000000000000000000000000000000,"1,0,0,0","1,205,0,0"
2026-05-16T12:25:01.562,0101ce00000000000000000000000000000000000000000000000000000000000000000000000000000000000000000000000000000000000000000000000000,"1,0,0,0","1,206,0,0"
2026-05-16T12:25:01.562,0101cf00000000000000000000000000000000000000000000000000000000000000000000000000000000000000000000000000000000000000000000000000,"1,0,0,0","1,207,0,0"
2026-05-16T12:25:01.562,0101d000000000000000000000000000000000000000000000000000000000000000000000000000000000000000000000000000000000000000000000000000,"1,0,0,0","1,208,0,0"
2026-05-16T12:25:01.562,0101d100000000000000000000000000000000000000000000000000000000000000000000000000000000000000000000000000000000000000000000000000,"1,0,0,0","1,209,0,0"
2026-05-16T12:25:01.562,0101d200000000000000000000000000000000000000000000000000000000000000000000000000000000000000000000000000000000000000000000000000,"1,0,0,0","1,210,0,0"
2026-05-16T12:25:01.562,0101d300000000000000000000000000000000000000000000000000000000000000000000000000000000000000000000000000000000000000000000000000,"1,0,0,0","1,211,0,0"
2026-05-16T12:25:01.562,0101d400000000000000000000000000000000000000000000000000000000000000000000000000000000000000000000000000000000000000000000000000,"1,0,0,0","1,212,0,0"
2026-05-16T12:25:01.562,0101d500000000000000000000000000000000000000000000000000000000000000000000000000000000000000000000000000000000000000000000000000,"1,0,0,0","1,213,0,0"
2026-05-16T12:25:01.562,0101d600000000000000000000000000000000000000000000000000000000000000000000000000000000000000000000000000000000000000000000000000,"1,0,0,0","1,214,0,0"
2026-05-16T12:25:01.562,0101d700000000000000000000000000000000000000000000000000000000000000000000000000000000000000000000000000000000000000000000000000,"1,0,0,0","1,215,0,0"
2026-05-16T12:25:01.562,0101d800000000000000000000000000000000000000000000000000000000000000000000000000000000000000000000000000000000000000000000000000,"1,0,0,0","1,216,0,0"
2026-05-16T12:25:01.562,0101d900000000000000000000000000000000000000000000000000000000000000000000000000000000000000000000000000000000000000000000000000,"1,0,0,0","1,217,0,0"
2026-05-16T12:25:01.562,0101da00000000000000000000000000000000000000000000000000000000000000000000000000000000000000000000000000000000000000000000000000,"1,0,0,0","1,218,0,0"
2026-05-16T12:25:01.562,0101db00000000000000000000000000000000000000000000000000000000000000000000000000000000000000000000000000000000000000000000000000,"1,0,0,0","1,219,0,0"
2026-05-16T12:25:01.562,0101dc00000000000000000000000000000000000000000000000000000000000000000000000000000000000000000000000000000000000000000000000000,"1,0,0,0","1,220,0,0"
2026-05-16T12:25:01.563,0101dd00000000000000000000000000000000000000000000000000000000000000000000000000000000000000000000000000000000000000000000000000,"1,0,0,0","1,221,0,0"
2026-05-16T12:25:01.563,0101de00000000000000000000000000000000000000000000000000000000000000000000000000000000000000000000000000000000000000000000000000,"1,0,0,0","1,222,0,0"
2026-05-16T12:25:01.563,0101df00000000000000000000000000000000000000000000000000000000000000000000000000000000000000000000000000000000000000000000000000,"1,0,0,0","1,223,0,0"
2026-05-16T12:25:01.563,0101e000000000000000000000000000000000000000000000000000000000000000000000000000000000000000000000000000000000000000000000000000,"1,0,0,0","1,224,0,0"
2026-05-16T12:25:01.563,0101e100000000000000000000000000000000000000000000000000000000000000000000000000000000000000000000000000000000000000000000000000,"1,0,0,0","1,225,0,0"
2026-05-16T12:25:01.563,0101e200000000000000000000000000000000000000000000000000000000000000000000000000000000000000000000000000000000000000000000000000,"1,0,0,0","1,226,0,0"
2026-05-16T12:25:01.563,0101e300000000000000000000000000000000000000000000000000000000000000000000000000000000000000000000000000000000000000000000000000,"1,0,0,0","1,227,0,0"
2026-05-16T12:25:01.563,0101e400000000000000000000000000000000000000000000000000000000000000000000000000000000000000000000000000000000000000000000000000,"1,0,0,0","1,228,0,0"
2026-05-16T12:25:01.563,0101e500000000000000000000000000000000000000000000000000000000000000000000000000000000000000000000000000000000000000000000000000,"1,0,0,0","1,229,0,0"
2026-05-16T12:25:01.563,0101e600000000000000000000000000000000000000000000000000000000000000000000000000000000000000000000000000000000000000000000000000,"1,0,0,0","1,230,0,0"
2026-05-16T12:25:01.563,0101e700000000000000000000000000000000000000000000000000000000000000000000000000000000000000000000000000000000000000000000000000,"1,0,0,0","1,231,0,0"
2026-05-16T12:25:01.563,0101e800000000000000000000000000000000000000000000000000000000000000000000000000000000000000000000000000000000000000000000000000,"1,0,0,0","1,232,0,0"
2026-05-16T12:25:01.563,0101e900000000000000000000000000000000000000000000000000000000000000000000000000000000000000000000000000000000000000000000000000,"1,0,0,0","1,233,0,0"
2026-05-16T12:25:01.563,0101ea00000000000000000000000000000000000000000000000000000000000000000000000000000000000000000000000000000000000000000000000000,"1,0,0,0","1,234,0,0"
2026-05-16T12:25:01.663,0101eb00000000000000000000000000000000000000000000000000000000000000000000000000000000000000000000000000000000000000000000000000,"1,0,0,0","1,235,0,0"
2026-05-16T12:25:01.663,0101ec00000000000000000000000000000000000000000000000000000000000000000000000000000000000000000000000000000000000000000000000000,"1,0,0,0","1,236,0,0"
2026-05-16T12:25:01.663,0101ed00000000000000000000000000000000000000000000000000000000000000000000000000000000000000000000000000000000000000000000000000,"1,0,0,0","1,237,0,0"
2026-05-16T12:25:01.663,0101ee00000000000000000000000000000000000000000000000000000000000000000000000000000000000000000000000000000000000000000000000000,"1,0,0,0","1,238,0,0"
2026-05-16T12:25:01.663,0101ef00000000000000000000000000000000000000000000000000000000000000000000000000000000000000000000000000000000000000000000000000,"1,0,0,0","1,239,0,0"
2026-05-16T12:25:01.663,0101f000000000000000000000000000000000000000000000000000000000000000000000000000000000000000000000000000000000000000000000000000,"1,0,0,0","1,240,0,0"
2026-05-16T12:25:01.663,0101f100000000000000000000000000000000000000000000000000000000000000000000000000000000000000000000000000000000000000000000000000,"1,0,0,0","1,241,0,0"
2026-05-16T12:25:01.663,0101f200000000000000000000000000000000000000000000000000000000000000000000000000000000000000000000000000000000000000000000000000,"1,0,0,0","1,242,0,0"
2026-05-16T12:25:01.663,0101f300000000000000000000000000000000000000000000000000000000000000000000000000000000000000000000000000000000000000000000000000,"1,0,0,0","1,243,0,0"
2026-05-16T12:25:01.663,0101f400000000000000000000000000000000000000000000000000000000000000000000000000000000000000000000000000000000000000000000000000,"1,0,0,0","1,244,0,0"
2026-05-16T12:25:01.663,0101f500000000000000000000000000000000000000000000000000000000000000000000000000000000000000000000000000000000000000000000000000,"1,0,0,0","1,245,0,0"
2026-05-16T12:25:01.663,0101f600000000000000000000000000000000000000000000000000000000000000000000000000000000000000000000000000000000000000000000000000,"1,0,0,0","1,246,0,0"
2026-05-16T12:25:01.663,0101f700000000000000000000000000000000000000000000000000000000000000000000000000000000000000000000000000000000000000000000000000,"1,0,0,0","1,247,0,0"
2026-05-16T12:25:01.663,0101f800000000000000000000000000000000000000000000000000000000000000000000000000000000000000000000000000000000000000000000000000,"1,0,0,0","1,248,0,0"
2026-05-16T12:25:01.664,0101f900000000000000000000000000000000000000000000000000000000000000000000000000000000000000000000000000000000000000000000000000,"1,0,0,0","1,249,0,0"
2026-05-16T12:25:01.664,0101fa00000000000000000000000000000000000000000000000000000000000000000000000000000000000000000000000000000000000000000000000000,"1,0,0,0","1,250,0,0"
2026-05-16T12:25:01.664,0101fb00000000000000000000000000000000000000000000000000000000000000000000000000000000000000000000000000000000000000000000000000,"1,0,0,0","1,251,0,0"
2026-05-16T12:25:01.664,0101fc00000000000000000000000000000000000000000000000000000000000000000000000000000000000000000000000000000000000000000000000000,"1,0,0,0","1,252,0,0"
2026-05-16T12:25:01.664,0101fd00000000000000000000000000000000000000000000000000000000000000000000000000000000000000000000000000000000000000000000000000,"1,0,0,0","1,253,0,0"
2026-05-16T12:25:01.664,0101fe00000000000000000000000000000000000000000000000000000000000000000000000000000000000000000000000000000000000000000000000000,"1,0,0,0","1,254,0,0"
2026-05-16T12:25:01.664,0101ff00000000000000000000000000000000000000000000000000000000000000000000000000000000000000000000000000000000000000000000000000,"1,0,0,0","1,255,0,0"
