timestamp,raw,buttons,analogs
2026-05-16T12:23:29.887,02000100000000000000000000000000000000000000000000000000000000000000000000000000000000000000000000000000000000000000000000000000,"0,1,0,0","0,1,0,0"
2026-05-16T12:23:29.887,02000000000000000000000000000000000000000000000000000000000000000000000000000000000000000000000000000000000000000000000000000000,"0,1,0,0","0,0,0,0"
2026-05-16T12:23:33.893,02000100000000000000000000000000000000000000000000000000000000000000000000000000000000000000000000000000000000000000000000000000,"0,1,0,0","0,1,0,0"
2026-05-16T12:23:34.093,02000000000000000000000000000000000000000000000000000000000000000000000000000000000000000000000000000000000000000000000000000000,"0,1,0,0","0,0,0,0"
2026-05-16T12:23:49.415,02010100000000000000000000000000000000000000000000000000000000000000000000000000000000000000000000000000000000000000000000000000,"0,1,0,0","1,1,0,0"
2026-05-16T12:23:49.615,02010000000000000000000000000000000000000000000000000000000000000000000000000000000000000000000000000000000000000000000000000000,"0,1,0,0","1,0,0,0"
2026-05-16T12:24:02.642,02020100000000000000000000000000000000000000000000000000000000000000000000000000000000000000000000000000000000000000000000000000,"0,1,0,0","2,1,0,0"
2026-05-16T12:24:02.843,02020000000000000000000000000000000000000000000000000000000000000000000000000000000000000000000000000000000000000000000000000000,"0,1,0,0","2,0,0,0"
2026-05-16T12:24:15.373,02030100000000000000000000000000000000000000000000000000000000000000000000000000000000000000000000000000000000000000000000000000,"0,1,0,0","3,1,0,0"
2026-05-16T12:24:15.573,02030000000000000000000000000000000000000000000000000000000000000000000000000000000000000000000000000000000000000000000000000000,"0,1,0,0","3,0,0,0"
2026-05-16T12:24:27.693,02010100000000000000000000000000000000000000000000000000000000000000000000000000000000000000000000000000000000000000000000000000,"0,1,0,0","1,1,0,0"
2026-05-16T12:24:27.793,02010000000000000000000000000000000000000000000000000000000000000000000000000000000000000000000000000000000000000000000000000000,"0,1,0,0","1,0,0,0"
2026-05-16T12:24:28.995,02000100000000000000000000000000000000000000000000000000000000000000000000000000000000000000000000000000000000000000000000000000,"0,1,0,0","0,1,0,0"
2026-05-16T12:24:29.095,02000000000000000000000000000000000000000000000000000000000000000000000000000000000000000000000000000000000000000000000000000000,"0,1,0,0","0,0,0,0"
2026-05-16T12:24:29.796,02020100000000000000000000000000000000000000000000000000000000000000000000000000000000000000000000000000000000000000000000000000,"0,1,0,0","2,1,0,0"
2026-05-16T12:24:29.896,02020000000000000000000000000000000000000000000000000000000000000000000000000000000000000000000000000000000000000000000000000000,"0,1,0,0","2,0,0,0"
2026-05-16T12:24:30.597,02030100000000000000000000000000000000000000000000000000000000000000000000000000000000000000000000000000000000000000000000000000,"0,1,0,0","3,1,0,0"
2026-05-16T12:24:30.698,02030000000000000000000000000000000000000000000000000000000000000000000000000000000000000000000000000000000000000000000000000000,"0,1,0,0","3,0,0,0"
2026-05-16T12:24:35.303,01000100000000000000000000000000000000000000000000000000000000000000000000000000000000000000000000000000000000000000000000000000,"1,0,0,0","0,1,0,0"
2026-05-16T12:24:35.303,01000200000000000000000000000000000000000000000000000000000000000000000000000000000000000000000000000000000000000000000000000000,"1,0,0,0","0,2,0,0"
2026-05-16T12:24:35.303,01000300000000000000000000000000000000000000000000000000000000000000000000000000000000000000000000000000000000000000000000000000,"1,0,0,0","0,3,0,0"
2026-05-16T12:24:35.303,01000400000000000000000000000000000000000000000000000000000000000000000000000000000000000000000000000000000000000000000000000000,"1,0,0,0","0,4,0,0"
2026-05-16T12:24:35.303,01000500000000000000000000000000000000000000000000000000000000000000000000000000000000000000000000000000000000000000000000000000,"1,0,0,0","0,5,0,0"
2026-05-16T12:24:35.304,01000600000000000000000000000000000000000000000000000000000000000000000000000000000000000000000000000000000000000000000000000000,"1,0,0,0","0,6,0,0"
2026-05-16T12:24:35.304,01000700000000000000000000000000000000000000000000000000000000000000000000000000000000000000000000000000000000000000000000000000,"1,0,0,0","0,7,0,0"
2026-05-16T12:24:35.304,01000800000000000000000000000000000000000000000000000000000000000000000000000000000000000000000000000000000000000000000000000000,"1,0,0,0","0,8,0,0"
2026-05-16T12:24:35.304,01000900000000000000000000000000000000000000000000000000000000000000000000000000000000000000000000000000000000000000000000000000,"1,0,0,0","0,9,0,0"
2026-05-16T12:24:35.304,01000a00000000000000000000000000000000000000000000000000000000000000000000000000000000000000000000000000000000000000000000000000,"1,0,0,0","0,10,0,0"
2026-05-16T12:24:35.304,01000b00000000000000000000000000000000000000000000000000000000000000000000000000000000000000000000000000000000000000000000000000,"1,0,0,0","0,11,0,0"
2026-05-16T12:24:35.304,01000c00000000000000000000000000000000000000000000000000000000000000000000000000000000000000000000000000000000000000000000000000,"1,0,0,0","0,12,0,0"
2026-05-16T12:24:35.304,01000d00000000000000000000000000000000000000000000000000000000000000000000000000000000000000000000000000000000000000000000000000,"1,0,0,0","0,13,0,0"
2026-05-16T12:24:35.304,01000e00000000000000000000000000000000000000000000000000000000000000000000000000000000000000000000000000000000000000000000000000,"1,0,0,0","0,14,0,0"
2026-05-16T12:24:35.304,01000f00000000000000000000000000000000000000000000000000000000000000000000000000000000000000000000000000000000000000000000000000,"1,0,0,0","0,15,0,0"
2026-05-16T12:24:35.304,01001000000000000000000000000000000000000000000000000000000000000000000000000000000000000000000000000000000000000000000000000000,"1,0,0,0","0,16,0,0"
2026-05-16T12:24:35.304,01001100000000000000000000000000000000000000000000000000000000000000000000000000000000000000000000000000000000000000000000000000,"1,0,0,0","0,17,0,0"
2026-05-16T12:24:35.304,01001200000000000000000000000000000000000000000000000000000000000000000000000000000000000000000000000000000000000000000000000000,"1,0,0,0","0,18,0,0"
2026-05-16T12:24:35.304,01001300000000000000000000000000000000000000000000000000000000000000000000000000000000000000000000000000000000000000000000000000,"1,0,0,0","0,19,0,0"
2026-05-16T12:24:35.304,01001400000000000000000000000000000000000000000000000000000000000000000000000000000000000000000000000000000000000000000000000000,"1,0,0,0","0,20,0,0"
2026-05-16T12:24:35.304,01001500000000000000000000000000000000000000000000000000000000000000000000000000000000000000000000000000000000000000000000000000,"1,0,0,0","0,21,0,0"
2026-05-16T12:24:35.304,01001600000000000000000000000000000000000000000000000000000000000000000000000000000000000000000000000000000000000000000000000000,"1,0,0,0","0,22,0,0"
2026-05-16T12:24:35.304,01001700000000000000000000000000000000000000000000000000000000000000000000000000000000000000000000000000000000000000000000000000,"1,0,0,0","0,23,0,0"
2026-05-16T12:24:35.404,01001800000000000000000000000000000000000000000000000000000000000000000000000000000000000000000000000000000000000000000000000000,"1,0,0,0","0,24,0,0"
2026-05-16T12:24:35.404,01001900000000000000000000000000000000000000000000000000000000000000000000000000000000000000000000000000000000000000000000000000,"1,0,0,0","0,25,0,0"
2026-05-16T12:24:35.404,01001a00000000000000000000000000000000000000000000000000000000000000000000000000000000000000000000000000000000000000000000000000,"1,0,0,0","0,26,0,0"
2026-05-16T12:24:35.404,01001b00000000000000000000000000000000000000000000000000000000000000000000000000000000000000000000000000000000000000000000000000,"1,0,0,0","0,27,0,0"
2026-05-16T12:24:35.404,01001c00000000000000000000000000000000000000000000000000000000000000000000000000000000000000000000000000000000000000000000000000,"1,0,0,0","0,28,0,0"
2026-05-16T12:24:35.404,01001d00000000000000000000000000000000000000000000000000000000000000000000000000000000000000000000000000000000000000000000000000,"1,0,0,0","0,29,0,0"
2026-05-16T12:24:35.404,01001e00000000000000000000000000000000000000000000000000000000000000000000000000000000000000000000000000000000000000000000000000,"1,0,0,0","0,30,0,0"
2026-05-16T12:24:35.404,01001f00000000000000000000000000000000000000000000000000000000000000000000000000000000000000000000000000000000000000000000000000,"1,0,0,0","0,31,0,0"
2026-05-16T12:24:35.404,01002000000000000000000000000000000000000000000000000000000000000000000000000000000000000000000000000000000000000000000000000000,"1,0,0,0","0,32,0,0"
2026-05-16T12:24:35.404,01002100000000000000000000000000000000000000000000000000000000000000000000000000000000000000000000000000000000000000000000000000,"1,0,0,0","0,33,0,0"
2026-05-16T12:24:35.404,01002200000000000000000000000000000000000000000000000000000000000000000000000000000000000000000000000000000000000000000000000000,"1,0,0,0","0,34,0,0"
2026-05-16T12:24:35.404,01002300000000000000000000000000000000000000000000000000000000000000000000000000000000000000000000000000000000000000000000000000,"1,0,0,0","0,35,0,0"
2026-05-16T12:24:35.404,01002400000000000000000000000000000000000000000000000000000000000000000000000000000000000000000000000000000000000000000000000000,"1,0,0,0","0,36,0,0"
2026-05-16T12:24:35.405,01002500000000000000000000000000000000000000000000000000000000000000000000000000000000000000000000000000000000000000000000000000,"1,0,0,0","0,37,0,0"
2026-05-16T12:24:35.405,01002600000000000000000000000000000000000000000000000000000000000000000000000000000000000000000000000000000000000000000000000000,"1,0,0,0","0,38,0,0"
2026-05-16T12:24:35.405,01002700000000000000000000000000000000000000000000000000000000000000000000000000000000000000000000000000000000000000000000000000,"1,0,0,0","0,39,0,0"
2026-05-16T12:24:35.405,01002800000000000000000000000000000000000000000000000000000000000000000000000000000000000000000000000000000000000000000000000000,"1,0,0,0","0,40,0,0"
2026-05-16T12:24:35.405,01002900000000000000000000000000000000000000000000000000000000000000000000000000000000000000000000000000000000000000000000000000,"1,0,0,0","0,41,0,0"
2026-05-16T12:24:35.405,01002a00000000000000000000000000000000000000000000000000000000000000000000000000000000000000000000000000000000000000000000000000,"1,0,0,0","0,42,0,0"
2026-05-16T12:24:35.405,01002b00000000000000000000000000000000000000000000000000000000000000000000000000000000000000000000000000000000000000000000000000,"1,0,0,0","0,43,0,0"
2026-05-16T12:24:35.405,01002c00000000000000000000000000000000000000000000000000000000000000000000000000000000000000000000000000000000000000000000000000,"1,0,0,0","0,44,0,0"
2026-05-16T12:24:35.405,01002d00000000000000000000000000000000000000000000000000000000000000000000000000000000000000000000000000000000000000000000000000,"1,0,0,0","0,45,0,0"
2026-05-16T12:24:35.405,01002e00000000000000000000000000000000000000000000000000000000000000000000000000000000000000000000000000000000000000000000000000,"1,0,0,0","0,46,0,0"
2026-05-16T12:24:35.405,01002f00000000000000000000000000000000000000000000000000000000000000000000000000000000000000000000000000000000000000000000000000,"1,0,0,0","0,47,0,0"
2026-05-16T12:24:35.405,01003000000000000000000000000000000000000000000000000000000000000000000000000000000000000000000000000000000000000000000000000000,"1,0,0,0","0,48,0,0"
2026-05-16T12:24:35.405,01003100000000000000000000000000000000000000000000000000000000000000000000000000000000000000000000000000000000000000000000000000,"1,0,0,0","0,49,0,0"
2026-05-16T12:24:35.505,01003200000000000000000000000000000000000000000000000000000000000000000000000000000000000000000000000000000000000000000000000000,"1,0,0,0","0,50,0,0"
2026-05-16T12:24:35.505,01003300000000000000000000000000000000000000000000000000000000000000000000000000000000000000000000000000000000000000000000000000,"1,0,0,0","0,51,0,0"
2026-05-16T12:24:35.505,01003400000000000000000000000000000000000000000000000000000000000000000000000000000000000000000000000000000000000000000000000000,"1,0,0,0","0,52,0,0"
2026-05-16T12:24:35.505,01003500000000000000000000000000000000000000000000000000000000000000000000000000000000000000000000000000000000000000000000000000,"1,0,0,0","0,53,0,0"
2026-05-16T12:24:35.505,01003600000000000000000000000000000000000000000000000000000000000000000000000000000000000000000000000000000000000000000000000000,"1,0,0,0","0,54,0,0"
2026-05-16T12:24:35.505,01003700000000000000000000000000000000000000000000000000000000000000000000000000000000000000000000000000000000000000000000000000,"1,0,0,0","0,55,0,0"
2026-05-16T12:24:35.505,01003800000000000000000000000000000000000000000000000000000000000000000000000000000000000000000000000000000000000000000000000000,"1,0,0,0","0,56,0,0"
2026-05-16T12:24:35.505,01003900000000000000000000000000000000000000000000000000000000000000000000000000000000000000000000000000000000000000000000000000,"1,0,0,0","0,57,0,0"
2026-05-16T12:24:35.505,01003a00000000000000000000000000000000000000000000000000000000000000000000000000000000000000000000000000000000000000000000000000,"1,0,0,0","0,58,0,0"
2026-05-16T12:24:35.505,01003b00000000000000000000000000000000000000000000000000000000000000000000000000000000000000000000000000000000000000000000000000,"1,0,0,0","0,59,0,0"
2026-05-16T12:24:35.505,01003c00000000000000000000000000000000000000000000000000000000000000000000000000000000000000000000000000000000000000000000000000,"1,0,0,0","0,60,0,0"
2026-05-16T12:24:35.505,01003d00000000000000000000000000000000000000000000000000000000000000000000000000000000000000000000000000000000000000000000000000,"1,0,0,0","0,61,0,0"
2026-05-16T12:24:35.505,01003e00000000000000000000000000000000000000000000000000000000000000000000000000000000000000000000000000000000000000000000000000,"1,0,0,0","0,62,0,0"
2026-05-16T12:24:35.505,01003f00000000000000000000000000000000000000000000000000000000000000000000000000000000000000000000000000000000000000000000000000,"1,0,0,0","0,63,0,0"
2026-05-16T12:24:35.505,01004000000000000000000000000000000000000000000000000000000000000000000000000000000000000000000000000000000000000000000000000000,"1,0,0,0","0,64,0,0"
2026-05-16T12:24:35.505,01004100000000000000000000000000000000000000000000000000000000000000000000000000000000000000000000000000000000000000000000000000,"1,0,0,0","0,65,0,0"
2026-05-16T12:24:35.505,01004200000000000000000000000000000000000000000000000000000000000000000000000000000000000000000000000000000000000000000000000000,"1,0,0,0","0,66,0,0"
2026-05-16T12:24:35.505,01004300000000000000000000000000000000000000000000000000000000000000000000000000000000000000000000000000000000000000000000000000,"1,0,0,0","0,67,0,0"
2026-05-16T12:24:35.505,01004400000000000000000000000000000000000000000000000000000000000000000000000000000000000000000000000000000000000000000000000000,"1,0,0,0","0,68,0,0"
2026-05-16T12:24:35.606,01004500000000000000000000000000000000000000000000000000000000000000000000000000000000000000000000000000000000000000000000000000,"1,0,0,0","0,69,0,0"
2026-05-16T12:24:35.606,01004600000000000000000000000000000000000000000000000000000000000000000000000000000000000000000000000000000000000000000000000000,"1,0,0,0","0,70,0,0"
2026-05-16T12:24:35.606,01004700000000000000000000000000000000000000000000000000000000000000000000000000000000000000000000000000000000000000000000000000,"1,0,0,0","0,71,0,0"
2026-05-16T12:24:35.606,01004800000000000000000000000000000000000000000000000000000000000000000000000000000000000000000000000000000000000000000000000000,"1,0,0,0","0,72,0,0"
2026-05-16T12:24:35.606,01004900000000000000000000000000000000000000000000000000000000000000000000000000000000000000000000000000000000000000000000000000,"1,0,0,0","0,73,0,0"
2026-05-16T12:24:35.606,01004a00000000000000000000000000000000000000000000000000000000000000000000000000000000000000000000000000000000000000000000000000,"1,0,0,0","0,74,0,0"
2026-05-16T12:24:35.606,01004b00000000000000000000000000000000000000000000000000000000000000000000000000000000000000000000000000000000000000000000000000,"1,0,0,0","0,75,0,0"
2026-05-16T12:24:35.606,01004c00000000000000000000000000000000000000000000000000000000000000000000000000000000000000000000000000000000000000000000000000,"1,0,0,0","0,76,0,0"
2026-05-16T12:24:35.606,01004d00000000000000000000000000000000000000000000000000000000000000000000000000000000000000000000000000000000000000000000000000,"1,0,0,0","0,77,0,0"
2026-05-16T12:24:35.606,01004e00000000000000000000000000000000000000000000000000000000000000000000000000000000000000000000000000000000000000000000000000,"1,0,0,0","0,78,0,0"
2026-05-16T12:24:35.606,01004f00000000000000000000000000000000000000000000000000000000000000000000000000000000000000000000000000000000000000000000000000,"1,0,0,0","0,79,0,0"
2026-05-16T12:24:35.606,01005000000000000000000000000000000000000000000000000000000000000000000000000000000000000000000000000000000000000000000000000000,"1,0,0,0","0,80,0,0"
2026-05-16T12:24:35.606,01005100000000000000000000000000000000000000000000000000000000000000000000000000000000000000000000000000000000000000000000000000,"1,0,0,0","0,81,0,0"
2026-05-16T12:24:35.606,01005200000000000000000000000000000000000000000000000000000000000000000000000000000000000000000000000000000000000000000000000000,"1,0,0,0","0,82,0,0"
2026-05-16T12:24:35.606,01005300000000000000000000000000000000000000000000000000000000000000000000000000000000000000000000000000000000000000000000000000,"1,0,0,0","0,83,0,0"
2026-05-16T12:24:35.606,01005500000000000000000000000000000000000000000000000000000000000000000000000000000000000000000000000000000000000000000000000000,"1,0,0,0","0,85,0,0"
2026-05-16T12:24:35.606,01005600000000000000000000000000000000000000000000000000000000000000000000000000000000000000000000000000000000000000000000000000,"1,0,0,0","0,86,0,0"
2026-05-16T12:24:35.606,01005700000000000000000000000000000000000000000000000000000000000000000000000000000000000000000000000000000000000000000000000000,"1,0,0,0","0,87,0,0"
2026-05-16T12:24:35.606,01005800000000000000000000000000000000000000000000000000000000000000000000000000000000000000000000000000000000000000000000000000,"1,0,0,0","0,88,0,0"
2026-05-16T12:24:35.606,01005900000000000000000000000000000000000000000000000000000000000000000000000000000000000000000000000000000000000000000000000000,"1,0,0,0","0,89,0,0"
2026-05-16T12:24:35.606,01005a00000000000000000000000000000000000000000000000000000000000000000000000000000000000000000000000000000000000000000000000000,"1,0,0,0","0,90,0,0"
2026-05-16T12:24:35.606,01005b00000000000000000000000000000000000000000000000000000000000000000000000000000000000000000000000000000000000000000000000000,"1,0,0,0","0,91,0,0"
2026-05-16T12:24:35.606,01005c00000000000000000000000000000000000000000000000000000000000000000000000000000000000000000000000000000000000000000000000000,"1,0,0,0","0,92,0,0"
2026-05-16T12:24:35.606,01005d00000000000000000000000000000000000000000000000000000000000000000000000000000000000000000000000000000000000000000000000000,"1,0,0,0","0,93,0,0"
2026-05-16T12:24:35.606,01005e00000000000000000000000000000000000000000000000000000000000000000000000000000000000000000000000000000000000000000000000000,"1,0,0,0","0,94,0,0"
2026-05-16T12:24:35.606,01005f00000000000000000000000000000000000000000000000000000000000000000000000000000000000000000000000000000000000000000000000000,"1,0,0,0","0,95,0,0"
2026-05-16T12:24:35.606,01006000000000000000000000000000000000000000000000000000000000000000000000000000000000000000000000000000000000000000000000000000,"1,0,0,0","0,96,0,0"
2026-05-16T12:24:35.606,01006100000000000000000000000000000000000000000000000000000000000000000000000000000000000000000000000000000000000000000000000000,"1,0,0,0","0,97,0,0"
2026-05-16T12:24:35.606,01006200000000000000000000000000000000000000000000000000000000000000000000000000000000000000000000000000000000000000000000000000,"1,0,0,0","0,98,0,0"
2026-05-16T12:24:35.606,01006300000000000000000000000000000000000000000000000000000000000000000000000000000000000000000000000000000000000000000000000000,"1,0,0,0","0,99,0,0"
2026-05-16T12:24:35.606,01006400000000000000000000000000000000000000000000000000000000000000000000000000000000000000000000000000000000000000000000000000,"1,0,0,0","0,100,0,0"
2026-05-16T12:24:35.606,01006600000000000000000000000000000000000000000000000000000000000000000000000000000000000000000000000000000000000000000000000000,"1,0,0,0","0,102,0,0"
2026-05-16T12:24:35.606,01006700000000000000000000000000000000000000000000000000000000000000000000000000000000000000000000000000000000000000000000000000,"1,0,0,0","0,103,0,0"
2026-05-16T12:24:35.606,01006800000000000000000000000000000000000000000000000000000000000000000000000000000000000000000000000000000000000000000000000000,"1,0,0,0","0,104,0,0"
2026-05-16T12:24:35.606,01006900000000000000000000000000000000000000000000000000000000000000000000000000000000000000000000000000000000000000000000000000,"1,0,0,0","0,105,0,0"
2026-05-16T12:24:35.606,01006a00000000000000000000000000000000000000000000000000000000000000000000000000000000000000000000000000000000000000000000000000,"1,0,0,0","0,106,0,0"
2026-05-16T12:24:35.606,01006b00000000000000000000000000000000000000000000000000000000000000000000000000000000000000000000000000000000000000000000000000,"1,0,0,0","0,107,0,0"
2026-05-16T12:24:35.606,01006c00000000000000000000000000000000000000000000000000000000000000000000000000000000000000000000000000000000000000000000000000,"1,0,0,0","0,108,0,0"
2026-05-16T12:24:35.606,01006d00000000000000000000000000000000000000000000000000000000000000000000000000000000000000000000000000000000000000000000000000,"1,0,0,0","0,109,0,0"
2026-05-16T12:24:35.606,01006e00000000000000000000000000000000000000000000000000000000000000000000000000000000000000000000000000000000000000000000000000,"1,0,0,0","0,110,0,0"
2026-05-16T12:24:35.606,01006f00000000000000000000000000000000000000000000000000000000000000000000000000000000000000000000000000000000000000000000000000,"1,0,0,0","0,111,0,0"
2026-05-16T12:24:35.606,01007000000000000000000000000000000000000000000000000000000000000000000000000000000000000000000000000000000000000000000000000000,"1,0,0,0","0,112,0,0"
2026-05-16T12:24:35.606,01007100000000000000000000000000000000000000000000000000000000000000000000000000000000000000000000000000000000000000000000000000,"1,0,0,0","0,113,0,0"
2026-05-16T12:24:35.606,01007200000000000000000000000000000000000000000000000000000000000000000000000000000000000000000000000000000000000000000000000000,"1,0,0,0","0,114,0,0"
2026-05-16T12:24:35.606,01007300000000000000000000000000000000000000000000000000000000000000000000000000000000000000000000000000000000000000000000000000,"1,0,0,0","0,115,0,0"
2026-05-16T12:24:35.707,01007400000000000000000000000000000000000000000000000000000000000000000000000000000000000000000000000000000000000000000000000000,"1,0,0,0","0,116,0,0"
2026-05-16T12:24:35.707,01007500000000000000000000000000000000000000000000000000000000000000000000000000000000000000000000000000000000000000000000000000,"1,0,0,0","0,117,0,0"
2026-05-16T12:24:35.707,01007600000000000000000000000000000000000000000000000000000000000000000000000000000000000000000000000000000000000000000000000000,"1,0,0,0","0,118,0,0"
2026-05-16T12:24:35.707,01007700000000000000000000000000000000000000000000000000000000000000000000000000000000000000000000000000000000000000000000000000,"1,0,0,0","0,119,0,0"
2026-05-16T12:24:35.707,01007800000000000000000000000000000000000000000000000000000000000000000000000000000000000000000000000000000000000000000000000000,"1,0,0,0","0,120,0,0"
2026-05-16T12:24:35.707,01007900000000000000000000000000000000000000000000000000000000000000000000000000000000000000000000000000000000000000000000000000,"1,0,0,0","0,121,0,0"
2026-05-16T12:24:35.707,01007a00000000000000000000000000000000000000000000000000000000000000000000000000000000000000000000000000000000000000000000000000,"1,0,0,0","0,122,0,0"
2026-05-16T12:24:35.707,01007b00000000000000000000000000000000000000000000000000000000000000000000000000000000000000000000000000000000000000000000000000,"1,0,0,0","0,123,0,0"
2026-05-16T12:24:35.707,01007c00000000000000000000000000000000000000000000000000000000000000000000000000000000000000000000000000000000000000000000000000,"1,0,0,0","0,124,0,0"
2026-05-16T12:24:35.707,01007d00000000000000000000000000000000000000000000000000000000000000000000000000000000000000000000000000000000000000000000000000,"1,0,0,0","0,125,0,0"
2026-05-16T12:24:35.707,01007e00000000000000000000000000000000000000000000000000000000000000000000000000000000000000000000000000000000000000000000000000,"1,0,0,0","0,126,0,0"
2026-05-16T12:24:35.707,01007f00000000000000000000000000000000000000000000000000000000000000000000000000000000000000000000000000000000000000000000000000,"1,0,0,0","0,127,0,0"
2026-05-16T12:24:35.707,01008000000000000000000000000000000000000000000000000000000000000000000000000000000000000000000000000000000000000000000000000000,"1,0,0,0","0,128,0,0"
2026-05-16T12:24:35.707,01008100000000000000000000000000000000000000000000000000000000000000000000000000000000000000000000000000000000000000000000000000,"1,0,0,0","0,129,0,0"
2026-05-16T12:24:35.707,01008200000000000000000000000000000000000000000000000000000000000000000000000000000000000000000000000000000000000000000000000000,"1,0,0,0","0,130,0,0"
2026-05-16T12:24:35.707,01008300000000000000000000000000000000000000000000000000000000000000000000000000000000000000000000000000000000000000000000000000,"1,0,0,0","0,131,0,0"
2026-05-16T12:24:35.707,01008400000000000000000000000000000000000000000000000000000000000000000000000000000000000000000000000000000000000000000000000000,"1,0,0,0","0,132,0,0"
2026-05-16T12:24:35.707,01008500000000000000000000000000000000000000000000000000000000000000000000000000000000000000000000000000000000000000000000000000,"1,0,0,0","0,133,0,0"
2026-05-16T12:24:35.707,01008600000000000000000000000000000000000000000000000000000000000000000000000000000000000000000000000000000000000000000000000000,"1,0,0,0","0,134,0,0"
2026-05-16T12:24:35.707,01008700000000000000000000000000000000000000000000000000000000000000000000000000000000000000000000000000000000000000000000000000,"1,0,0,0","0,135,0,0"
2026-05-16T12:24:35.707,01008800000000000000000000000000000000000000000000000000000000000000000000000000000000000000000000000000000000000000000000000000,"1,0,0,0","0,136,0,0"
2026-05-16T12:24:35.707,01008900000000000000000000000000000000000000000000000000000000000000000000000000000000000000000000000000000000000000000000000000,"1,0,0,0","0,137,0,0"
2026-05-16T12:24:35.707,01008a00000000000000000000000000000000000000000000000000000000000000000000000000000000000000000000000000000000000000000000000000,"1,0,0,0","0,138,0,0"
2026-05-16T12:24:35.707,01008b00000000000000000000000000000000000000000000000000000000000000000000000000000000000000000000000000000000000000000000000000,"1,0,0,0","0,139,0,0"
2026-05-16T12:24:35.707,01008c00000000000000000000000000000000000000000000000000000000000000000000000000000000000000000000000000000000000000000000000000,"1,0,0,0","0,140,0,0"
2026-05-16T12:24:35.707,01008d00000000000000000000000000000000000000000000000000000000000000000000000000000000000000000000000000000000000000000000000000,"1,0,0,0","0,141,0,0"
2026-05-16T12:24:35.707,01008e00000000000000000000000000000000000000000000000000000000000000000000000000000000000000000000000000000000000000000000000000,"1,0,0,0","0,142,0,0"
2026-05-16T12:24:35.707,01008f00000000000000000000000000000000000000000000000000000000000000000000000000000000000000000000000000000000000000000000000000,"1,0,0,0","0,143,0,0"
2026-05-16T12:24:35.707,01009000000000000000000000000000000000000000000000000000000000000000000000000000000000000000000000000000000000000000000000000000,"1,0,0,0","0,144,0,0"
2026-05-16T12:24:35.707,01009100000000000000000000000000000000000000000000000000000000000000000000000000000000000000000000000000000000000000000000000000,"1,0,0,0","0,145,0,0"
2026-05-16T12:24:35.707,01009200000000000000000000000000000000000000000000000000000000000000000000000000000000000000000000000000000000000000000000000000,"1,0,0,0","0,146,0,0"
2026-05-16T12:24:35.707,01009300000000000000000000000000000000000000000000000000000000000000000000000000000000000000000000000000000000000000000000000000,"1,0,0,0","0,147,0,0"
2026-05-16T12:24:35.707,01009400000000000000000000000000000000000000000000000000000000000000000000000000000000000000000000000000000000000000000000000000,"1,0,0,0","0,148,0,0"
2026-05-16T12:24:35.707,01009500000000000000000000000000000000000000000000000000000000000000000000000000000000000000000000000000000000000000000000000000,"1,0,0,0","0,149,0,0"
2026-05-16T12:24:35.707,01009600000000000000000000000000000000000000000000000000000000000000000000000000000000000000000000000000000000000000000000000000,"1,0,0,0","0,150,0,0"
2026-05-16T12:24:35.707,01009700000000000000000000000000000000000000000000000000000000000000000000000000000000000000000000000000000000000000000000000000,"1,0,0,0","0,151,0,0"
2026-05-16T12:24:35.707,01009800000000000000000000000000000000000000000000000000000000000000000000000000000000000000000000000000000000000000000000000000,"1,0,0,0","0,152,0,0"
2026-05-16T12:24:35.808,01009900000000000000000000000000000000000000000000000000000000000000000000000000000000000000000000000000000000000000000000000000,"1,0,0,0","0,153,0,0"
2026-05-16T12:24:35.808,01009a00000000000000000000000000000000000000000000000000000000000000000000000000000000000000000000000000000000000000000000000000,"1,0,0,0","0,154,0,0"
2026-05-16T12:24:35.808,01009b00000000000000000000000000000000000000000000000000000000000000000000000000000000000000000000000000000000000000000000000000,"1,0,0,0","0,155,0,0"
2026-05-16T12:24:35.808,01009c00000000000000000000000000000000000000000000000000000000000000000000000000000000000000000000000000000000000000000000000000,"1,0,0,0","0,156,0,0"
2026-05-16T12:24:35.808,01009d00000000000000000000000000000000000000000000000000000000000000000000000000000000000000000000000000000000000000000000000000,"1,0,0,0","0,157,0,0"
2026-05-16T12:24:35.808,01009e00000000000000000000000000000000000000000000000000000000000000000000000000000000000000000000000000000000000000000000000000,"1,0,0,0","0,158,0,0"
2026-05-16T12:24:35.808,01009f00000000000000000000000000000000000000000000000000000000000000000000000000000000000000000000000000000000000000000000000000,"1,0,0,0","0,159,0,0"
2026-05-16T12:24:35.808,0100a000000000000000000000000000000000000000000000000000000000000000000000000000000000000000000000000000000000000000000000000000,"1,0,0,0","0,160,0,0"
2026-05-16T12:24:35.808,0100a100000000000000000000000000000000000000000000000000000000000000000000000000000000000000000000000000000000000000000000000000,"1,0,0,0","0,161,0,0"
2026-05-16T12:24:35.908,0100a200000000000000000000000000000000000000000000000000000000000000000000000000000000000000000000000000000000000000000000000000,"1,0,0,0","0,162,0,0"
2026-05-16T12:24:35.908,0100a300000000000000000000000000000000000000000000000000000000000000000000000000000000000000000000000000000000000000000000000000,"1,0,0,0","0,163,0,0"
2026-05-16T12:24:35.908,0100a400000000000000000000000000000000000000000000000000000000000000000000000000000000000000000000000000000000000000000000000000,"1,0,0,0","0,164,0,0"
2026-05-16T12:24:35.908,0100a500000000000000000000000000000000000000000000000000000000000000000000000000000000000000000000000000000000000000000000000000,"1,0,0,0","0,165,0,0"
2026-05-16T12:24:35.908,0100a600000000000000000000000000000000000000000000000000000000000000000000000000000000000000000000000000000000000000000000000000,"1,0,0,0","0,166,0,0"
2026-05-16T12:24:35.908,0100a700000000000000000000000000000000000000000000000000000000000000000000000000000000000000000000000000000000000000000000000000,"1,0,0,0","0,167,0,0"
2026-05-16T12:24:35.908,0100a800000000000000000000000000000000000000000000000000000000000000000000000000000000000000000000000000000000000000000000000000,"1,0,0,0","0,168,0,0"
2026-05-16T12:24:35.908,0100a900000000000000000000000000000000000000000000000000000000000000000000000000000000000000000000000000000000000000000000000000,"1,0,0,0","0,169,0,0"
2026-05-16T12:24:35.908,0100aa00000000000000000000000000000000000000000000000000000000000000000000000000000000000000000000000000000000000000000000000000,"1,0,0,0","0,170,0,0"
2026-05-16T12:24:36.008,0100ab00000000000000000000000000000000000000000000000000000000000000000000000000000000000000000000000000000000000000000000000000,"1,0,0,0","0,171,0,0"
2026-05-16T12:24:36.008,0100ac00000000000000000000000000000000000000000000000000000000000000000000000000000000000000000000000000000000000000000000000000,"1,0,0,0","0,172,0,0"
2026-05-16T12:24:36.008,0100ad00000000000000000000000000000000000000000000000000000000000000000000000000000000000000000000000000000000000000000000000000,"1,0,0,0","0,173,0,0"
2026-05-16T12:24:36.008,0100ae00000000000000000000000000000000000000000000000000000000000000000000000000000000000000000000000000000000000000000000000000,"1,0,0,0","0,174,0,0"
2026-05-16T12:24:36.009,0100af00000000000000000000000000000000000000000000000000000000000000000000000000000000000000000000000000000000000000000000000000,"1,0,0,0","0,175,0,0"
2026-05-16T12:24:36.009,0100b000000000000000000000000000000000000000000000000000000000000000000000000000000000000000000000000000000000000000000000000000,"1,0,0,0","0,176,0,0"
2026-05-16T12:24:36.009,0100b100000000000000000000000000000000000000000000000000000000000000000000000000000000000000000000000000000000000000000000000000,"1,0,0,0","0,177,0,0"
2026-05-16T12:24:36.009,0100b200000000000000000000000000000000000000000000000000000000000000000000000000000000000000000000000000000000000000000000000000,"1,0,0,0","0,178,0,0"
2026-05-16T12:24:36.009,0100b300000000000000000000000000000000000000000000000000000000000000000000000000000000000000000000000000000000000000000000000000,"1,0,0,0","0,179,0,0"
2026-05-16T12:24:36.009,0100b400000000000000000000000000000000000000000000000000000000000000000000000000000000000000000000000000000000000000000000000000,"1,0,0,0","0,180,0,0"
2026-05-16T12:24:36.009,0100b500000000000000000000000000000000000000000000000000000000000000000000000000000000000000000000000000000000000000000000000000,"1,0,0,0","0,181,0,0"
2026-05-16T12:24:36.009,0100b600000000000000000000000000000000000000000000000000000000000000000000000000000000000000000000000000000000000000000000000000,"1,0,0,0","0,182,0,0"
2026-05-16T12:24:36.009,0100b700000000000000000000000000000000000000000000000000000000000000000000000000000000000000000000000000000000000000000000000000,"1,0,0,0","0,183,0,0"
2026-05-16T12:24:36.009,0100b800000000000000000000000000000000000000000000000000000000000000000000000000000000000000000000000000000000000000000000000000,"1,0,0,0","0,184,0,0"
2026-05-16T12:24:36.109,0100b900000000000000000000000000000000000000000000000000000000000000000000000000000000000000000000000000000000000000000000000000,"1,0,0,0","0,185,0,0"
2026-05-16T12:24:36.109,0100ba00000000000000000000000000000000000000000000000000000000000000000000000000000000000000000000000000000000000000000000000000,"1,0,0,0","0,186,0,0"
2026-05-16T12:24:36.109,0100bb00000000000000000000000000000000000000000000000000000000000000000000000000000000000000000000000000000000000000000000000000,"1,0,0,0","0,187,0,0"
2026-05-16T12:24:36.109,0100bc00000000000000000000000000000000000000000000000000000000000000000000000000000000000000000000000000000000000000000000000000,"1,0,0,0","0,188,0,0"
2026-05-16T12:24:36.109,0100bd00000000000000000000000000000000000000000000000000000000000000000000000000000000000000000000000000000000000000000000000000,"1,0,0,0","0,189,0,0"
2026-05-16T12:24:36.209,0100be00000000000000000000000000000000000000000000000000000000000000000000000000000000000000000000000000000000000000000000000000,"1,0,0,0","0,190,0,0"
2026-05-16T12:24:36.710,0100bf00000000000000000000000000000000000000000000000000000000000000000000000000000000000000000000000000000000000000000000000000,"1,0,0,0","0,191,0,0"
2026-05-16T12:24:36.710,0100c000000000000000000000000000000000000000000000000000000000000000000000000000000000000000000000000000000000000000000000000000,"1,0,0,0","0,192,0,0"
2026-05-16T12:24:36.710,0100c100000000000000000000000000000000000000000000000000000000000000000000000000000000000000000000000000000000000000000000000000,"1,0,0,0","0,193,0,0"
2026-05-16T12:24:36.710,0100c200000000000000000000000000000000000000000000000000000000000000000000000000000000000000000000000000000000000000000000000000,"1,0,0,0","0,194,0,0"
2026-05-16T12:24:36.710,0100c300000000000000000000000000000000000000000000000000000000000000000000000000000000000000000000000000000000000000000000000000,"1,0,0,0","0,195,0,0"
2026-05-16T12:24:36.710,0100c400000000000000000000000000000000000000000000000000000000000000000000000000000000000000000000000000000000000000000000000000,"1,0,0,0","0,196,0,0"
2026-05-16T12:24:36.710,0100c500000000000000000000000000000000000000000000000000000000000000000000000000000000000000000000000000000000000000000000000000,"1,0,0,0","0,197,0,0"
2026-05-16T12:24:36.710,0100c600000000000000000000000000000000000000000000000000000000000000000000000000000000000000000000000000000000000000000000000000,"1,0,0,0","0,198,0,0"
2026-05-16T12:24:36.710,0100c700000000000000000000000000000000000000000000000000000000000000000000000000000000000000000000000000000000000000000000000000,"1,0,0,0","0,199,0,0"
2026-05-16T12:24:36.710,0100c800000000000000000000000000000000000000000000000000000000000000000000000000000000000000000000000000000000000000000000000000,"1,0,0,0","0,200,0,0"
2026-05-16T12:24:36.710,0100c900000000000000000000000000000000000000000000000000000000000000000000000000000000000000000000000000000000000000000000000000,"1,0,0,0","0,201,0,0"
2026-05-16T12:24:36.710,0100ca00000000000000000000000000000000000000000000000000000000000000000000000000000000000000000000000000000000000000000000000000,"1,0,0,0","0,202,0,0"
2026-05-16T12:24:36.710,0100cb00000000000000000000000000000000000000000000000000000000000000000000000000000000000000000000000000000000000000000000000000,"1,0,0,0","0,203,0,0"
2026-05-16T12:24:36.710,0100cc00000000000000000000000000000000000000000000000000000000000000000000000000000000000000000000000000000000000000000000000000,"1,0,0,0","0,204,0,0"
2026-05-16T12:24:36.710,0100cd00000000000000000000000000000000000000000000000000000000000000000000000000000000000000000000000000000000000000000000000000,"1,0,0,0","0,205,0,0"
2026-05-16T12:24:36.710,0100ce00000000000000000000000000000000000000000000000000000000000000000000000000000000000000000000000000000000000000000000000000,"1,0,0,0","0,206,0,0"
2026-05-16T12:24:36.710,0100cf00000000000000000000000000000000000000000000000000000000000000000000000000000000000000000000000000000000000000000000000000,"1,0,0,0","0,207,0,0"
2026-05-16T12:24:36.710,0100d000000000000000000000000000000000000000000000000000000000000000000000000000000000000000000000000000000000000000000000000000,"1,0,0,0","0,208,0,0"
2026-05-16T12:24:36.710,0100d100000000000000000000000000000000000000000000000000000000000000000000000000000000000000000000000000000000000000000000000000,"1,0,0,0","0,209,0,0"
2026-05-16T12:24:36.710,0100d200000000000000000000000000000000000000000000000000000000000000000000000000000000000000000000000000000000000000000000000000,"1,0,0,0","0,210,0,0"
2026-05-16T12:24:36.710,0100d300000000000000000000000000000000000000000000000000000000000000000000000000000000000000000000000000000000000000000000000000,"1,0,0,0","0,211,0,0"
2026-05-16T12:24:36.710,0100d400000000000000000000000000000000000000000000000000000000000000000000000000000000000000000000000000000000000000000000000000,"1,0,0,0","0,212,0,0"
2026-05-16T12:24:36.710,0100d500000000000000000000000000000000000000000000000000000000000000000000000000000000000000000000000000000000000000000000000000,"1,0,0,0","0,213,0,0"
2026-05-16T12:24:36.710,0100d600000000000000000000000000000000000000000000000000000000000000000000000000000000000000000000000000000000000000000000000000,"1,0,0,0","0,214,0,0"
2026-05-16T12:24:36.711,0100d700000000000000000000000000000000000000000000000000000000000000000000000000000000000000000000000000000000000000000000000000,"1,0,0,0","0,215,0,0"
2026-05-16T12:24:36.711,0100d800000000000000000000000000000000000000000000000000000000000000000000000000000000000000000000000000000000000000000000000000,"1,0,0,0","0,216,0,0"
2026-05-16T12:24:36.711,0100d900000000000000000000000000000000000000000000000000000000000000000000000000000000000000000000000000000000000000000000000000,"1,0,0,0","0,217,0,0"
2026-05-16T12:24:36.711,0100da00000000000000000000000000000000000000000000000000000000000000000000000000000000000000000000000000000000000000000000000000,"1,0,0,0","0,218,0,0"
2026-05-16T12:24:36.711,0100db00000000000000000000000000000000000000000000000000000000000000000000000000000000000000000000000000000000000000000000000000,"1,0,0,0","0,219,0,0"
2026-05-16T12:24:36.711,0100dc00000000000000000000000000000000000000000000000000000000000000000000000000000000000000000000000000000000000000000000000000,"1,0,0,0","0,220,0,0"
2026-05-16T12:24:36.711,0100dd00000000000000000000000000000000000000000000000000000000000000000000000000000000000000000000000000000000000000000000000000,"1,0,0,0","0,221,0,0"
2026-05-16T12:24:36.711,0100de00000000000000000000000000000000000000000000000000000000000000000000000000000000000000000000000000000000000000000000000000,"1,0,0,0","0,222,0,0"
2026-05-16T12:24:36.711,0100df00000000000000000000000000000000000000000000000000000000000000000000000000000000000000000000000000000000000000000000000000,"1,0,0,0","0,223,0,0"
2026-05-16T12:24:36.711,0100e000000000000000000000000000000000000000000000000000000000000000000000000000000000000000000000000000000000000000000000000000,"1,0,0,0","0,224,0,0"
2026-05-16T12:24:36.711,0100e100000000000000000000000000000000000000000000000000000000000000000000000000000000000000000000000000000000000000000000000000,"1,0,0,0","0,225,0,0"
2026-05-16T12:24:36.711,0100e200000000000000000000000000000000000000000000000000000000000000000000000000000000000000000000000000000000000000000000000000,"1,0,0,0","0,226,0,0"
2026-05-16T12:24:36.711,0100e300000000000000000000000000000000000000000000000000000000000000000000000000000000000000000000000000000000000000000000000000,"1,0,0,0","0,227,0,0"
2026-05-16T12:24:36.711,0100e400000000000000000000000000000000000000000000000000000000000000000000000000000000000000000000000000000000000000000000000000,"1,0,0,0","0,228,0,0"
2026-05-16T12:24:36.711,0100e500000000000000000000000000000000000000000000000000000000000000000000000000000000000000000000000000000000000000000000000000,"1,0,0,0","0,229,0,0"
2026-05-16T12:24:36.811,0100e600000000000000000000000000000000000000000000000000000000000000000000000000000000000000000000000000000000000000000000000000,"1,0,0,0","0,230,0,0"
2026-05-16T12:24:36.811,0100e700000000000000000000000000000000000000000000000000000000000000000000000000000000000000000000000000000000000000000000000000,"1,0,0,0","0,231,0,0"
2026-05-16T12:24:36.811,0100e800000000000000000000000000000000000000000000000000000000000000000000000000000000000000000000000000000000000000000000000000,"1,0,0,0","0,232,0,0"
2026-05-16T12:24:36.811,0100e900000000000000000000000000000000000000000000000000000000000000000000000000000000000000000000000000000000000000000000000000,"1,0,0,0","0,233,0,0"
2026-05-16T12:24:36.811,0100ea00000000000000000000000000000000000000000000000000000000000000000000000000000000000000000000000000000000000000000000000000,"1,0,0,0","0,234,0,0"
2026-05-16T12:24:36.811,0100eb00000000000000000000000000000000000000000000000000000000000000000000000000000000000000000000000000000000000000000000000000,"1,0,0,0","0,235,0,0"
2026-05-16T12:24:36.811,0100ec00000000000000000000000000000000000000000000000000000000000000000000000000000000000000000000000000000000000000000000000000,"1,0,0,0","0,236,0,0"
2026-05-16T12:24:36.811,0100ed00000000000000000000000000000000000000000000000000000000000000000000000000000000000000000000000000000000000000000000000000,"1,0,0,0","0,237,0,0"
2026-05-16T12:24:36.811,0100ee00000000000000000000000000000000000000000000000000000000000000000000000000000000000000000000000000000000000000000000000000,"1,0,0,0","0,238,0,0"
2026-05-16T12:24:36.811,0100ef00000000000000000000000000000000000000000000000000000000000000000000000000000000000000000000000000000000000000000000000000,"1,0,0,0","0,239,0,0"
2026-05-16T12:24:36.811,0100f000000000000000000000000000000000000000000000000000000000000000000000000000000000000000000000000000000000000000000000000000,"1,0,0,0","0,240,0,0"
2026-05-16T12:24:36.811,0100f100000000000000000000000000000000000000000000000000000000000000000000000000000000000000000000000000000000000000000000000000,"1,0,0,0","0,241,0,0"
2026-05-16T12:24:36.811,0100f200000000000000000000000000000000000000000000000000000000000000000000000000000000000000000000000000000000000000000000000000,"1,0,0,0","0,242,0,0"
2026-05-16T12:24:36.811,0100f300000000000000000000000000000000000000000000000000000000000000000000000000000000000000000000000000000000000000000000000000,"1,0,0,0","0,243,0,0"
2026-05-16T12:24:36.811,0100f400000000000000000000000000000000000000000000000000000000000000000000000000000000000000000000000000000000000000000000000000,"1,0,0,0","0,244,0,0"
2026-05-16T12:24:36.811,0100f500000000000000000000000000000000000000000000000000000000000000000000000000000000000000000000000000000000000000000000000000,"1,0,0,0","0,245,0,0"
2026-05-16T12:24:36.811,0100f600000000000000000000000000000000000000000000000000000000000000000000000000000000000000000000000000000000000000000000000000,"1,0,0,0","0,246,0,0"
2026-05-16T12:24:36.811,0100f700000000000000000000000000000000000000000000000000000000000000000000000000000000000000000000000000000000000000000000000000,"1,0,0,0","0,247,0,0"
2026-05-16T12:24:36.811,0100f800000000000000000000000000000000000000000000000000000000000000000000000000000000000000000000000000000000000000000000000000,"1,0,0,0","0,248,0,0"
2026-05-16T12:24:36.811,0100f900000000000000000000000000000000000000000000000000000000000000000000000000000000000000000000000000000000000000000000000000,"1,0,0,0","0,249,0,0"
2026-05-16T12:24:36.811,0100fa00000000000000000000000000000000000000000000000000000000000000000000000000000000000000000000000000000000000000000000000000,"1,0,0,0","0,250,0,0"
2026-05-16T12:24:36.811,0100fb00000000000000000000000000000000000000000000000000000000000000000000000000000000000000000000000000000000000000000000000000,"1,0,0,0","0,251,0,0"
2026-05-16T12:24:36.811,0100fc00000000000000000000000000000000000000000000000000000000000000000000000000000000000000000000000000000000000000000000000000,"1,0,0,0","0,252,0,0"
2026-05-16T12:24:36.811,0100fd00000000000000000000000000000000000000000000000000000000000000000000000000000000000000000000000000000000000000000000000000,"1,0,0,0","0,253,0,0"
2026-05-16T12:24:36.811,0100fe00000000000000000000000000000000000000000000000000000000000000000000000000000000000000000000000000000000000000000000000000,"1,0,0,0","0,254,0,0"
2026-05-16T12:24:36.811,0100ff00000000000000000000000000000000000000000000000000000000000000000000000000000000000000000000000000000000000000000000000000,"1,0,0,0","0,255,0,0"
2026-05-16T12:24:49.231,0100fe00000000000000000000000000000000000000000000000000000000000000000000000000000000000000000000000000000000000000000000000000,"1,0,0,0","0,254,0,0"
2026-05-16T12:24:49.231,0100fd00000000000000000000000000000000000000000000000000000000000000000000000000000000000000000000000000000000000000000000000000,"1,0,0,0","0,253,0,0"
2026-05-16T12:24:49.231,0100fc00000000000000000000000000000000000000000000000000000000000000000000000000000000000000000000000000000000000000000000000000,"1,0,0,0","0,252,0,0"
2026-05-16T12:24:49.332,0100fb00000000000000000000000000000000000000000000000000000000000000000000000000000000000000000000000000000000000000000000000000,"1,0,0,0","0,251,0,0"
2026-05-16T12:24:49.332,0100fa00000000000000000000000000000000000000000000000000000000000000000000000000000000000000000000000000000000000000000000000000,"1,0,0,0","0,250,0,0"
2026-05-16T12:24:49.332,0100f900000000000000000000000000000000000000000000000000000000000000000000000000000000000000000000000000000000000000000000000000,"1,0,0,0","0,249,0,0"
2026-05-16T12:24:49.332,0100f800000000000000000000000000000000000000000000000000000000000000000000000000000000000000000000000000000000000000000000000000,"1,0,0,0","0,248,0,0"
2026-05-16T12:24:49.332,0100f700000000000000000000000000000000000000000000000000000000000000000000000000000000000000000000000000000000000000000000000000,"1,0,0,0","0,247,0,0"
2026-05-16T12:24:49.332,0100f600000000000000000000000000000000000000000000000000000000000000000000000000000000000000000000000000000000000000000000000000,"1,0,0,0","0,246,0,0"
2026-05-16T12:24:49.332,0100f500000000000000000000000000000000000000000000000000000000000000000000000000000000000000000000000000000000000000000000000000,"1,0,0,0","0,245,0,0"
2026-05-16T12:24:49.332,0100f400000000000000000000000000000000000000000000000000000000000000000000000000000000000000000000000000000000000000000000000000,"1,0,0,0","0,244,0,0"
2026-05-16T12:24:49.332,0100f300000000000000000000000000000000000000000000000000000000000000000000000000000000000000000000000000000000000000000000000000,"1,0,0,0","0,243,0,0"
2026-05-16T12:24:49.332,0100f200000000000000000000000000000000000000000000000000000000000000000000000000000000000000000000000000000000000000000000000000,"1,0,0,0","0,242,0,0"
2026-05-16T12:24:49.332,0100f100000000000000000000000000000000000000000000000000000000000000000000000000000000000000000000000000000000000000000000000000,"1,0,0,0","0,241,0,0"
2026-05-16T12:24:49.332,0100f000000000000000000000000000000000000000000000000000000000000000000000000000000000000000000000000000000000000000000000000000,"1,0,0,0","0,240,0,0"
2026-05-16T12:24:49.332,0100ef00000000000000000000000000000000000000000000000000000000000000000000000000000000000000000000000000000000000000000000000000,"1,0,0,0","0,239,0,0"
2026-05-16T12:24:49.332,0100ee00000000000000000000000000000000000000000000000000000000000000000000000000000000000000000000000000000000000000000000000000,"1,0,0,0","0,238,0,0"
2026-05-16T12:24:49.332,0100ed00000000000000000000000000000000000000000000000000000000000000000000000000000000000000000000000000000000000000000000000000,"1,0,0,0","0,237,0,0"
2026-05-16T12:24:49.332,0100ec00000000000000000000000000000000000000000000000000000000000000000000000000000000000000000000000000000000000000000000000000,"1,0,0,0","0,236,0,0"
2026-05-16T12:24:49.332,0100eb00000000000000000000000000000000000000000000000000000000000000000000000000000000000000000000000000000000000000000000000000,"1,0,0,0","0,235,0,0"
2026-05-16T12:24:49.332,0100ea00000000000000000000000000000000000000000000000000000000000000000000000000000000000000000000000000000000000000000000000000,"1,0,0,0","0,234,0,0"
2026-05-16T12:24:49.332,0100e900000000000000000000000000000000000000000000000000000000000000000000000000000000000000000000000000000000000000000000000000,"1,0,0,0","0,233,0,0"
2026-05-16T12:24:49.332,0100e800000000000000000000000000000000000000000000000000000000000000000000000000000000000000000000000000000000000000000000000000,"1,0,0,0","0,232,0,0"
2026-05-16T12:24:49.332,0100e700000000000000000000000000000000000000000000000000000000000000000000000000000000000000000000000000000000000000000000000000,"1,0,0,0","0,231,0,0"
2026-05-16T12:24:49.332,0100e600000000000000000000000000000000000000000000000000000000000000000000000000000000000000000000000000000000000000000000000000,"1,0,0,0","0,230,0,0"
2026-05-16T12:24:49.332,0100e500000000000000000000000000000000000000000000000000000000000000000000000000000000000000000000000000000000000000000000000000,"1,0,0,0","0,229,0,0"
2026-05-16T12:24:49.332,0100e400000000000000000000000000000000000000000000000000000000000000000000000000000000000000000000000000000000000000000000000000,"1,0,0,0","0,228,0,0"
2026-05-16T12:24:49.332,0100e300000000000000000000000000000000000000000000000000000000000000000000000000000000000000000000000000000000000000000000000000,"1,0,0,0","0,227,0,0"
2026-05-16T12:24:49.332,0100e200000000000000000000000000000000000000000000000000000000000000000000000000000000000000000000000000000000000000000000000000,"1,0,0,0","0,226,0,0"
2026-05-16T12:24:49.332,0100e100000000000000000000000000000000000000000000000000000000000000000000000000000000000000000000000000000000000000000000000000,"1,0,0,0","0,225,0,0"
2026-05-16T12:24:49.432,0100e000000000000000000000000000000000000000000000000000000000000000000000000000000000000000000000000000000000000000000000000000,"1,0,0,0","0,224,0,0"
2026-05-16T12:24:49.432,0100df00000000000000000000000000000000000000000000000000000000000000000000000000000000000000000000000000000000000000000000000000,"1,0,0,0","0,223,0,0"
2026-05-16T12:24:49.432,0100de00000000000000000000000000000000000000000000000000000000000000000000000000000000000000000000000000000000000000000000000000,"1,0,0,0","0,222,0,0"
2026-05-16T12:24:49.432,0100dd00000000000000000000000000000000000000000000000000000000000000000000000000000000000000000000000000000000000000000000000000,"1,0,0,0","0,221,0,0"
2026-05-16T12:24:49.432,0100dc00000000000000000000000000000000000000000000000000000000000000000000000000000000000000000000000000000000000000000000000000,"1,0,0,0","0,220,0,0"
2026-05-16T12:24:49.432,0100db00000000000000000000000000000000000000000000000000000000000000000000000000000000000000000000000000000000000000000000000000,"1,0,0,0","0,219,0,0"
2026-05-16T12:24:49.432,0100da00000000000000000000000000000000000000000000000000000000000000000000000000000000000000000000000000000000000000000000000000,"1,0,0,0","0,218,0,0"
2026-05-16T12:24:49.432,0100d900000000000000000000000000000000000000000000000000000000000000000000000000000000000000000000000000000000000000000000000000,"1,0,0,0","0,217,0,0"
2026-05-16T12:24:49.433,0100d800000000000000000000000000000000000000000000000000000000000000000000000000000000000000000000000000000000000000000000000000,"1,0,0,0","0,216,0,0"
2026-05-16T12:24:49.433,0100d700000000000000000000000000000000000000000000000000000000000000000000000000000000000000000000000000000000000000000000000000,"1,0,0,0","0,215,0,0"
2026-05-16T12:24:49.433,0100d600000000000000000000000000000000000000000000000000000000000000000000000000000000000000000000000000000000000000000000000000,"1,0,0,0","0,214,0,0"
2026-05-16T12:24:49.433,0100d500000000000000000000000000000000000000000000000000000000000000000000000000000000000000000000000000000000000000000000000000,"1,0,0,0","0,213,0,0"
2026-05-16T12:24:49.433,0100d400000000000000000000000000000000000000000000000000000000000000000000000000000000000000000000000000000000000000000000000000,"1,0,0,0","0,212,0,0"
2026-05-16T12:24:49.433,0100d300000000000000000000000000000000000000000000000000000000000000000000000000000000000000000000000000000000000000000000000000,"1,0,0,0","0,211,0,0"
2026-05-16T12:24:49.433,0100d200000000000000000000000000000000000000000000000000000000000000000000000000000000000000000000000000000000000000000000000000,"1,0,0,0","0,210,0,0"
2026-05-16T12:24:49.433,0100d100000000000000000000000000000000000000000000000000000000000000000000000000000000000000000000000000000000000000000000000000,"1,0,0,0","0,209,0,0"
2026-05-16T12:24:49.433,0100d000000000000000000000000000000000000000000000000000000000000000000000000000000000000000000000000000000000000000000000000000,"1,0,0,0","0,208,0,0"
2026-05-16T12:24:49.433,0100cf00000000000000000000000000000000000000000000000000000000000000000000000000000000000000000000000000000000000000000000000000,"1,0,0,0","0,207,0,0"
2026-05-16T12:24:49.433,0100ce00000000000000000000000000000000000000000000000000000000000000000000000000000000000000000000000000000000000000000000000000,"1,0,0,0","0,206,0,0"
2026-05-16T12:24:49.433,0100cd00000000000000000000000000000000000000000000000000000000000000000000000000000000000000000000000000000000000000000000000000,"1,0,0,0","0,205,0,0"
2026-05-16T12:24:49.433,0100cc00000000000000000000000000000000000000000000000000000000000000000000000000000000000000000000000000000000000000000000000000,"1,0,0,0","0,204,0,0"
2026-05-16T12:24:49.433,0100cb00000000000000000000000000000000000000000000000000000000000000000000000000000000000000000000000000000000000000000000000000,"1,0,0,0","0,203,0,0"
2026-05-16T12:24:49.433,0100ca00000000000000000000000000000000000000000000000000000000000000000000000000000000000000000000000000000000000000000000000000,"1,0,0,0","0,202,0,0"
2026-05-16T12:24:49.433,0100c900000000000000000000000000000000000000000000000000000000000000000000000000000000000000000000000000000000000000000000000000,"1,0,0,0","0,201,0,0"
2026-05-16T12:24:49.433,0100c800000000000000000000000000000000000000000000000000000000000000000000000000000000000000000000000000000000000000000000000000,"1,0,0,0","0,200,0,0"
2026-05-16T12:24:49.433,0100c700000000000000000000000000000000000000000000000000000000000000000000000000000000000000000000000000000000000000000000000000,"1,0,0,0","0,199,0,0"
2026-05-16T12:24:49.433,0100c600000000000000000000000000000000000000000000000000000000000000000000000000000000000000000000000000000000000000000000000000,"1,0,0,0","0,198,0,0"
2026-05-16T12:24:49.433,0100c500000000000000000000000000000000000000000000000000000000000000000000000000000000000000000000000000000000000000000000000000,"1,0,0,0","0,197,0,0"
2026-05-16T12:24:49.433,0100c400000000000000000000000000000000000000000000000000000000000000000000000000000000000000000000000000000000000000000000000000,"1,0,0,0","0,196,0,0"
2026-05-16T12:24:49.433,0100c300000000000000000000000000000000000000000000000000000000000000000000000000000000000000000000000000000000000000000000000000,"1,0,0,0","0,195,0,0"
2026-05-16T12:24:49.433,0100c200000000000000000000000000000000000000000000000000000000000000000000000000000000000000000000000000000000000000000000000000,"1,0,0,0","0,194,0,0"
2026-05-16T12:24:49.433,0100c100000000000000000000000000000000000000000000000000000000000000000000000000000000000000000000000000000000000000000000000000,"1,0,0,0","0,193,0,0"
2026-05-16T12:24:49.433,0100c000000000000000000000000000000000000000000000000000000000000000000000000000000000000000000000000000000000000000000000000000,"1,0,0,0","0,192,0,0"
2026-05-16T12:24:49.533,0100bf00000000000000000000000000000000000000000000000000000000000000000000000000000000000000000000000000000000000000000000000000,"1,0,0,0","0,191,0,0"
2026-05-16T12:24:49.533,0100be00000000000000000000000000000000000000000000000000000000000000000000000000000000000000000000000000000000000000000000000000,"1,0,0,0","0,190,0,0"
2026-05-16T12:24:49.533,0100bd00000000000000000000000000000000000000000000000000000000000000000000000000000000000000000000000000000000000000000000000000,"1,0,0,0","0,189,0,0"
2026-05-16T12:24:49.533,0100bc00000000000000000000000000000000000000000000000000000000000000000000000000000000000000000000000000000000000000000000000000,"1,0,0,0","0,188,0,0"
2026-05-16T12:24:49.533,0100bb00000000000000000000000000000000000000000000000000000000000000000000000000000000000000000000000000000000000000000000000000,"1,0,0,0","0,187,0,0"
2026-05-16T12:24:49.533,0100ba00000000000000000000000000000000000000000000000000000000000000000000000000000000000000000000000000000000000000000000000000,"1,0,0,0","0,186,0,0"
2026-05-16T12:24:49.533,0100b900000000000000000000000000000000000000000000000000000000000000000000000000000000000000000000000000000000000000000000000000,"1,0,0,0","0,185,0,0"
2026-05-16T12:24:49.533,0100b800000000000000000000000000000000000000000000000000000000000000000000000000000000000000000000000000000000000000000000000000,"1,0,0,0","0,184,0,0"
2026-05-16T12:24:49.533,0100b700000000000000000000000000000000000000000000000000000000000000000000000000000000000000000000000000000000000000000000000000,"1,0,0,0","0,183,0,0"
2026-05-16T12:24:49.533,0100b600000000000000000000000000000000000000000000000000000000000000000000000000000000000000000000000000000000000000000000000000,"1,0,0,0","0,182,0,0"
2026-05-16T12:24:49.533,0100b500000000000000000000000000000000000000000000000000000000000000000000000000000000000000000000000000000000000000000000000000,"1,0,0,0","0,181,0,0"
2026-05-16T12:24:49.533,0100b400000000000000000000000000000000000000000000000000000000000000000000000000000000000000000000000000000000000000000000000000,"1,0,0,0","0,180,0,0"
2026-05-16T12:24:49.533,0100b300000000000000000000000000000000000000000000000000000000000000000000000000000000000000000000000000000000000000000000000000,"1,0,0,0","0,179,0,0"
2026-05-16T12:24:49.533,0100b200000000000000000000000000000000000000000000000000000000000000000000000000000000000000000000000000000000000000000000000000,"1,0,0,0","0,178,0,0"
2026-05-16T12:24:49.533,0100b100000000000000000000000000000000000000000000000000000000000000000000000000000000000000000000000000000000000000000000000000,"1,0,0,0","0,177,0,0"
2026-05-16T12:24:49.533,0100b000000000000000000000000000000000000000000000000000000000000000000000000000000000000000000000000000000000000000000000000000,"1,0,0,0","0,176,0,0"
2026-05-16T12:24:49.533,0100af00000000000000000000000000000000000000000000000000000000000000000000000000000000000000000000000000000000000000000000000000,"1,0,0,0","0,175,0,0"
2026-05-16T12:24:49.533,0100ae00000000000000000000000000000000000000000000000000000000000000000000000000000000000000000000000000000000000000000000000000,"1,0,0,0","0,174,0,0"
2026-05-16T12:24:49.533,0100ad00000000000000000000000000000000000000000000000000000000000000000000000000000000000000000000000000000000000000000000000000,"1,0,0,0","0,173,0,0"
2026-05-16T12:24:49.534,0100ac00000000000000000000000000000000000000000000000000000000000000000000000000000000000000000000000000000000000000000000000000,"1,0,0,0","0,172,0,0"
2026-05-16T12:24:49.534,0100ab00000000000000000000000000000000000000000000000000000000000000000000000000000000000000000000000000000000000000000000000000,"1,0,0,0","0,171,0,0"
2026-05-16T12:24:49.534,0100aa00000000000000000000000000000000000000000000000000000000000000000000000000000000000000000000000000000000000000000000000000,"1,0,0,0","0,170,0,0"
2026-05-16T12:24:49.534,0100a900000000000000000000000000000000000000000000000000000000000000000000000000000000000000000000000000000000000000000000000000,"1,0,0,0","0,169,0,0"
2026-05-16T12:24:49.534,0100a800000000000000000000000000000000000000000000000000000000000000000000000000000000000000000000000000000000000000000000000000,"1,0,0,0","0,168,0,0"
2026-05-16T12:24:49.534,0100a700000000000000000000000000000000000000000000000000000000000000000000000000000000000000000000000000000000000000000000000000,"1,0,0,0","0,167,0,0"
2026-05-16T12:24:49.534,0100a600000000000000000000000000000000000000000000000000000000000000000000000000000000000000000000000000000000000000000000000000,"1,0,0,0","0,166,0,0"
2026-05-16T12:24:49.634,0100a500000000000000000000000000000000000000000000000000000000000000000000000000000000000000000000000000000000000000000000000000,"1,0,0,0","0,165,0,0"
2026-05-16T12:24:49.634,0100a400000000000000000000000000000000000000000000000000000000000000000000000000000000000000000000000000000000000000000000000000,"1,0,0,0","0,164,0,0"
2026-05-16T12:24:49.634,0100a300000000000000000000000000000000000000000000000000000000000000000000000000000000000000000000000000000000000000000000000000,"1,0,0,0","0,163,0,0"
2026-05-16T12:24:49.634,0100a200000000000000000000000000000000000000000000000000000000000000000000000000000000000000000000000000000000000000000000000000,"1,0,0,0","0,162,0,0"
2026-05-16T12:24:49.634,0100a100000000000000000000000000000000000000000000000000000000000000000000000000000000000000000000000000000000000000000000000000,"1,0,0,0","0,161,0,0"
2026-05-16T12:24:49.634,0100a000000000000000000000000000000000000000000000000000000000000000000000000000000000000000000000000000000000000000000000000000,"1,0,0,0","0,160,0,0"
2026-05-16T12:24:49.634,01009f00000000000000000000000000000000000000000000000000000000000000000000000000000000000000000000000000000000000000000000000000,"1,0,0,0","0,159,0,0"
2026-05-16T12:24:49.634,01009e00000000000000000000000000000000000000000000000000000000000000000000000000000000000000000000000000000000000000000000000000,"1,0,0,0","0,158,0,0"
2026-05-16T12:24:49.634,01009d00000000000000000000000000000000000000000000000000000000000000000000000000000000000000000000000000000000000000000000000000,"1,0,0,0","0,157,0,0"
2026-05-16T12:24:49.634,01009c00000000000000000000000000000000000000000000000000000000000000000000000000000000000000000000000000000000000000000000000000,"1,0,0,0","0,156,0,0"
2026-05-16T12:24:49.634,01009b00000000000000000000000000000000000000000000000000000000000000000000000000000000000000000000000000000000000000000000000000,"1,0,0,0","0,155,0,0"
2026-05-16T12:24:49.634,01009a00000000000000000000000000000000000000000000000000000000000000000000000000000000000000000000000000000000000000000000000000,"1,0,0,0","0,154,0,0"
2026-05-16T12:24:49.634,01009900000000000000000000000000000000000000000000000000000000000000000000000000000000000000000000000000000000000000000000000000,"1,0,0,0","0,153,0,0"
2026-05-16T12:24:49.634,01009800000000000000000000000000000000000000000000000000000000000000000000000000000000000000000000000000000000000000000000000000,"1,0,0,0","0,152,0,0"
2026-05-16T12:24:49.634,01009700000000000000000000000000000000000000000000000000000000000000000000000000000000000000000000000000000000000000000000000000,"1,0,0,0","0,151,0,0"
2026-05-16T12:24:49.634,01009600000000000000000000000000000000000000000000000000000000000000000000000000000000000000000000000000000000000000000000000000,"1,0,0,0","0,150,0,0"
2026-05-16T12:24:49.634,01009500000000000000000000000000000000000000000000000000000000000000000000000000000000000000000000000000000000000000000000000000,"1,0,0,0","0,149,0,0"
2026-05-16T12:24:49.634,01009400000000000000000000000000000000000000000000000000000000000000000000000000000000000000000000000000000000000000000000000000,"1,0,0,0","0,148,0,0"
2026-05-16T12:24:49.634,01009300000000000000000000000000000000000000000000000000000000000000000000000000000000000000000000000000000000000000000000000000,"1,0,0,0","0,147,0,0"
2026-05-16T12:24:49.634,01009200000000000000000000000000000000000000000000000000000000000000000000000000000000000000000000000000000000000000000000000000,"1,0,0,0","0,146,0,0"
2026-05-16T12:24:49.634,01009100000000000000000000000000000000000000000000000000000000000000000000000000000000000000000000000000000000000000000000000000,"1,0,0,0","0,145,0,0"
2026-05-16T12:24:49.634,01009000000000000000000000000000000000000000000000000000000000000000000000000000000000000000000000000000000000000000000000000000,"1,0,0,0","0,144,0,0"
2026-05-16T12:24:49.635,01008f00000000000000000000000000000000000000000000000000000000000000000000000000000000000000000000000000000000000000000000000000,"1,0,0,0","0,143,0,0"
2026-05-16T12:24:49.735,01008e00000000000000000000000000000000000000000000000000000000000000000000000000000000000000000000000000000000000000000000000000,"1,0,0,0","0,142,0,0"
2026-05-16T12:24:49.735,01008d00000000000000000000000000000000000000000000000000000000000000000000000000000000000000000000000000000000000000000000000000,"1,0,0,0","0,141,0,0"
2026-05-16T12:24:49.735,01008c00000000000000000000000000000000000000000000000000000000000000000000000000000000000000000000000000000000000000000000000000,"1,0,0,0","0,140,0,0"
2026-05-16T12:24:49.735,01008b00000000000000000000000000000000000000000000000000000000000000000000000000000000000000000000000000000000000000000000000000,"1,0,0,0","0,139,0,0"
2026-05-16T12:24:49.735,01008a00000000000000000000000000000000000000000000000000000000000000000000000000000000000000000000000000000000000000000000000000,"1,0,0,0","0,138,0,0"
2026-05-16T12:24:49.735,01008900000000000000000000000000000000000000000000000000000000000000000000000000000000000000000000000000000000000000000000000000,"1,0,0,0","0,137,0,0"
2026-05-16T12:24:49.735,01008800000000000000000000000000000000000000000000000000000000000000000000000000000000000000000000000000000000000000000000000000,"1,0,0,0","0,136,0,0"
2026-05-16T12:24:49.735,01008700000000000000000000000000000000000000000000000000000000000000000000000000000000000000000000000000000000000000000000000000,"1,0,0,0","0,135,0,0"
2026-05-16T12:24:49.735,01008600000000000000000000000000000000000000000000000000000000000000000000000000000000000000000000000000000000000000000000000000,"1,0,0,0","0,134,0,0"
2026-05-16T12:24:49.735,01008500000000000000000000000000000000000000000000000000000000000000000000000000000000000000000000000000000000000000000000000000,"1,0,0,0","0,133,0,0"
2026-05-16T12:24:49.735,01008400000000000000000000000000000000000000000000000000000000000000000000000000000000000000000000000000000000000000000000000000,"1,0,0,0","0,132,0,0"
2026-05-16T12:24:49.735,01008300000000000000000000000000000000000000000000000000000000000000000000000000000000000000000000000000000000000000000000000000,"1,0,0,0","0,131,0,0"
2026-05-16T12:24:49.735,01008200000000000000000000000000000000000000000000000000000000000000000000000000000000000000000000000000000000000000000000000000,"1,0,0,0","0,130,0,0"
2026-05-16T12:24:49.735,01008100000000000000000000000000000000000000000000000000000000000000000000000000000000000000000000000000000000000000000000000000,"1,0,0,0","0,129,0,0"
2026-05-16T12:24:49.735,01008000000000000000000000000000000000000000000000000000000000000000000000000000000000000000000000000000000000000000000000000000,"1,0,0,0","0,128,0,0"
2026-05-16T12:24:49.735,01007f00000000000000000000000000000000000000000000000000000000000000000000000000000000000000000000000000000000000000000000000000,"1,0,0,0","0,127,0,0"
2026-05-16T12:24:49.735,01007e00000000000000000000000000000000000000000000000000000000000000000000000000000000000000000000000000000000000000000000000000,"1,0,0,0","0,126,0,0"
2026-05-16T12:24:49.735,01007d00000000000000000000000000000000000000000000000000000000000000000000000000000000000000000000000000000000000000000000000000,"1,0,0,0","0,125,0,0"
2026-05-16T12:24:49.835,01007c00000000000000000000000000000000000000000000000000000000000000000000000000000000000000000000000000000000000000000000000000,"1,0,0,0","0,124,0,0"
2026-05-16T12:24:49.835,01007b00000000000000000000000000000000000000000000000000000000000000000000000000000000000000000000000000000000000000000000000000,"1,0,0,0","0,123,0,0"
2026-05-16T12:24:49.835,01007a00000000000000000000000000000000000000000000000000000000000000000000000000000000000000000000000000000000000000000000000000,"1,0,0,0","0,122,0,0"
2026-05-16T12:24:50.236,01007900000000000000000000000000000000000000000000000000000000000000000000000000000000000000000000000000000000000000000000000000,"1,0,0,0","0,121,0,0"
2026-05-16T12:24:50.336,01007800000000000000000000000000000000000000000000000000000000000000000000000000000000000000000000000000000000000000000000000000,"1,0,0,0","0,120,0,0"
2026-05-16T12:24:50.336,01007700000000000000000000000000000000000000000000000000000000000000000000000000000000000000000000000000000000000000000000000000,"1,0,0,0","0,119,0,0"
2026-05-16T12:24:50.336,01007600000000000000000000000000000000000000000000000000000000000000000000000000000000000000000000000000000000000000000000000000,"1,0,0,0","0,118,0,0"
2026-05-16T12:24:50.336,01007500000000000000000000000000000000000000000000000000000000000000000000000000000000000000000000000000000000000000000000000000,"1,0,0,0","0,117,0,0"
2026-05-16T12:24:50.336,01007400000000000000000000000000000000000000000000000000000000000000000000000000000000000000000000000000000000000000000000000000,"1,0,0,0","0,116,0,0"
2026-05-16T12:24:50.336,01007300000000000000000000000000000000000000000000000000000000000000000000000000000000000000000000000000000000000000000000000000,"1,0,0,0","0,115,0,0"
2026-05-16T12:24:50.336,01007200000000000000000000000000000000000000000000000000000000000000000000000000000000000000000000000000000000000000000000000000,"1,0,0,0","0,114,0,0"
2026-05-16T12:24:50.336,01007100000000000000000000000000000000000000000000000000000000000000000000000000000000000000000000000000000000000000000000000000,"1,0,0,0","0,113,0,0"
2026-05-16T12:24:50.336,01007000000000000000000000000000000000000000000000000000000000000000000000000000000000000000000000000000000000000000000000000000,"1,0,0,0","0,112,0,0"
2026-05-16T12:24:50.336,01006f00000000000000000000000000000000000000000000000000000000000000000000000000000000000000000000000000000000000000000000000000,"1,0,0,0","0,111,0,0"
2026-05-16T12:24:50.336,01006e00000000000000000000000000000000000000000000000000000000000000000000000000000000000000000000000000000000000000000000000000,"1,0,0,0","0,110,0,0"
2026-05-16T12:24:50.336,01006d00000000000000000000000000000000000000000000000000000000000000000000000000000000000000000000000000000000000000000000000000,"1,0,0,0","0,109,0,0"
2026-05-16T12:24:50.336,01006c00000000000000000000000000000000000000000000000000000000000000000000000000000000000000000000000000000000000000000000000000,"1,0,0,0","0,108,0,0"
2026-05-16T12:24:50.336,01006b00000000000000000000000000000000000000000000000000000000000000000000000000000000000000000000000000000000000000000000000000,"1,0,0,0","0,107,0,0"
2026-05-16T12:24:50.337,01006a00000000000000000000000000000000000000000000000000000000000000000000000000000000000000000000000000000000000000000000000000,"1,0,0,0","0,106,0,0"
2026-05-16T12:24:50.337,01006900000000000000000000000000000000000000000000000000000000000000000000000000000000000000000000000000000000000000000000000000,"1,0,0,0","0,105,0,0"
2026-05-16T12:24:50.337,01006800000000000000000000000000000000000000000000000000000000000000000000000000000000000000000000000000000000000000000000000000,"1,0,0,0","0,104,0,0"
2026-05-16T12:24:50.337,01006700000000000000000000000000000000000000000000000000000000000000000000000000000000000000000000000000000000000000000000000000,"1,0,0,0","0,103,0,0"
2026-05-16T12:24:50.337,01006600000000000000000000000000000000000000000000000000000000000000000000000000000000000000000000000000000000000000000000000000,"1,0,0,0","0,102,0,0"
2026-05-16T12:24:50.337,01006400000000000000000000000000000000000000000000000000000000000000000000000000000000000000000000000000000000000000000000000000,"1,0,0,0","0,100,0,0"
2026-05-16T12:24:50.337,01006300000000000000000000000000000000000000000000000000000000000000000000000000000000000000000000000000000000000000000000000000,"1,0,0,0","0,99,0,0"
2026-05-16T12:24:50.337,01006200000000000000000000000000000000000000000000000000000000000000000000000000000000000000000000000000000000000000000000000000,"1,0,0,0","0,98,0,0"
2026-05-16T12:24:50.337,01006100000000000000000000000000000000000000000000000000000000000000000000000000000000000000000000000000000000000000000000000000,"1,0,0,0","0,97,0,0"
2026-05-16T12:24:50.337,01006000000000000000000000000000000000000000000000000000000000000000000000000000000000000000000000000000000000000000000000000000,"1,0,0,0","0,96,0,0"
2026-05-16T12:24:50.337,01005f00000000000000000000000000000000000000000000000000000000000000000000000000000000000000000000000000000000000000000000000000,"1,0,0,0","0,95,0,0"
2026-05-16T12:24:50.337,01005e00000000000000000000000000000000000000000000000000000000000000000000000000000000000000000000000000000000000000000000000000,"1,0,0,0","0,94,0,0"
2026-05-16T12:24:50.337,01005d00000000000000000000000000000000000000000000000000000000000000000000000000000000000000000000000000000000000000000000000000,"1,0,0,0","0,93,0,0"
2026-05-16T12:24:50.337,01005c00000000000000000000000000000000000000000000000000000000000000000000000000000000000000000000000000000000000000000000000000,"1,0,0,0","0,92,0,0"
2026-05-16T12:24:50.437,01005b00000000000000000000000000000000000000000000000000000000000000000000000000000000000000000000000000000000000000000000000000,"1,0,0,0","0,91,0,0"
2026-05-16T12:24:50.437,01005a00000000000000000000000000000000000000000000000000000000000000000000000000000000000000000000000000000000000000000000000000,"1,0,0,0","0,90,0,0"
2026-05-16T12:24:50.437,01005900000000000000000000000000000000000000000000000000000000000000000000000000000000000000000000000000000000000000000000000000,"1,0,0,0","0,89,0,0"
2026-05-16T12:24:50.437,01005800000000000000000000000000000000000000000000000000000000000000000000000000000000000000000000000000000000000000000000000000,"1,0,0,0","0,88,0,0"
2026-05-16T12:24:50.437,01005700000000000000000000000000000000000000000000000000000000000000000000000000000000000000000000000000000000000000000000000000,"1,0,0,0","0,87,0,0"
2026-05-16T12:24:50.437,01005600000000000000000000000000000000000000000000000000000000000000000000000000000000000000000000000000000000000000000000000000,"1,0,0,0","0,86,0,0"
2026-05-16T12:24:50.437,01005500000000000000000000000000000000000000000000000000000000000000000000000000000000000000000000000000000000000000000000000000,"1,0,0,0","0,85,0,0"
2026-05-16T12:24:50.437,01005400000000000000000000000000000000000000000000000000000000000000000000000000000000000000000000000000000000000000000000000000,"1,0,0,0","0,84,0,0"
2026-05-16T12:24:50.437,01005300000000000000000000000000000000000000000000000000000000000000000000000000000000000000000000000000000000000000000000000000,"1,0,0,0","0,83,0,0"
2026-05-16T12:24:50.437,01005200000000000000000000000000000000000000000000000000000000000000000000000000000000000000000000000000000000000000000000000000,"1,0,0,0","0,82,0,0"
2026-05-16T12:24:50.437,01005100000000000000000000000000000000000000000000000000000000000000000000000000000000000000000000000000000000000000000000000000,"1,0,0,0","0,81,0,0"
2026-05-16T12:24:50.437,01005000000000000000000000000000000000000000000000000000000000000000000000000000000000000000000000000000000000000000000000000000,"1,0,0,0","0,80,0,0"
2026-05-16T12:24:50.437,01004f00000000000000000000000000000000000000000000000000000000000000000000000000000000000000000000000000000000000000000000000000,"1,0,0,0","0,79,0,0"
2026-05-16T12:24:50.437,01004e00000000000000000000000000000000000000000000000000000000000000000000000000000000000000000000000000000000000000000000000000,"1,0,0,0","0,78,0,0"
2026-05-16T12:24:50.437,01004d00000000000000000000000000000000000000000000000000000000000000000000000000000000000000000000000000000000000000000000000000,"1,0,0,0","0,77,0,0"
2026-05-16T12:24:50.437,01004c00000000000000000000000000000000000000000000000000000000000000000000000000000000000000000000000000000000000000000000000000,"1,0,0,0","0,76,0,0"
2026-05-16T12:24:50.437,01004b00000000000000000000000000000000000000000000000000000000000000000000000000000000000000000000000000000000000000000000000000,"1,0,0,0","0,75,0,0"
2026-05-16T12:24:50.438,01004a00000000000000000000000000000000000000000000000000000000000000000000000000000000000000000000000000000000000000000000000000,"1,0,0,0","0,74,0,0"
2026-05-16T12:24:50.438,01004900000000000000000000000000000000000000000000000000000000000000000000000000000000000000000000000000000000000000000000000000,"1,0,0,0","0,73,0,0"
2026-05-16T12:24:50.438,01004800000000000000000000000000000000000000000000000000000000000000000000000000000000000000000000000000000000000000000000000000,"1,0,0,0","0,72,0,0"
2026-05-16T12:24:50.438,01004700000000000000000000000000000000000000000000000000000000000000000000000000000000000000000000000000000000000000000000000000,"1,0,0,0","0,71,0,0"
2026-05-16T12:24:50.438,01004600000000000000000000000000000000000000000000000000000000000000000000000000000000000000000000000000000000000000000000000000,"1,0,0,0","0,70,0,0"
2026-05-16T12:24:50.438,01004500000000000000000000000000000000000000000000000000000000000000000000000000000000000000000000000000000000000000000000000000,"1,0,0,0","0,69,0,0"
2026-05-16T12:24:50.438,01004400000000000000000000000000000000000000000000000000000000000000000000000000000000000000000000000000000000000000000000000000,"1,0,0,0","0,68,0,0"
2026-05-16T12:24:50.438,01004300000000000000000000000000000000000000000000000000000000000000000000000000000000000000000000000000000000000000000000000000,"1,0,0,0","0,67,0,0"
2026-05-16T12:24:50.438,01004200000000000000000000000000000000000000000000000000000000000000000000000000000000000000000000000000000000000000000000000000,"1,0,0,0","0,66,0,0"
2026-05-16T12:24:50.438,01004100000000000000000000000000000000000000000000000000000000000000000000000000000000000000000000000000000000000000000000000000,"1,0,0,0","0,65,0,0"
2026-05-16T12:24:50.438,01004000000000000000000000000000000000000000000000000000000000000000000000000000000000000000000000000000000000000000000000000000,"1,0,0,0","0,64,0,0"
2026-05-16T12:24:50.438,01003f00000000000000000000000000000000000000000000000000000000000000000000000000000000000000000000000000000000000000000000000000,"1,0,0,0","0,63,0,0"
2026-05-16T12:24:50.438,01003e00000000000000000000000000000000000000000000000000000000000000000000000000000000000000000000000000000000000000000000000000,"1,0,0,0","0,62,0,0"
2026-05-16T12:24:50.438,01003d00000000000000000000000000000000000000000000000000000000000000000000000000000000000000000000000000000000000000000000000000,"1,0,0,0","0,61,0,0"
2026-05-16T12:24:50.438,01003c00000000000000000000000000000000000000000000000000000000000000000000000000000000000000000000000000000000000000000000000000,"1,0,0,0","0,60,0,0"
2026-05-16T12:24:50.438,01003b00000000000000000000000000000000000000000000000000000000000000000000000000000000000000000000000000000000000000000000000000,"1,0,0,0","0,59,0,0"
2026-05-16T12:24:50.438,01003a00000000000000000000000000000000000000000000000000000000000000000000000000000000000000000000000000000000000000000000000000,"1,0,0,0","0,58,0,0"
2026-05-16T12:24:50.438,01003900000000000000000000000000000000000000000000000000000000000000000000000000000000000000000000000000000000000000000000000000,"1,0,0,0","0,57,0,0"
2026-05-16T12:24:50.438,01003800000000000000000000000000000000000000000000000000000000000000000000000000000000000000000000000000000000000000000000000000,"1,0,0,0","0,56,0,0"
2026-05-16T12:24:50.438,01003700000000000000000000000000000000000000000000000000000000000000000000000000000000000000000000000000000000000000000000000000,"1,0,0,0","0,55,0,0"
2026-05-16T12:24:50.538,01003600000000000000000000000000000000000000000000000000000000000000000000000000000000000000000000000000000000000000000000000000,"1,0,0,0","0,54,0,0"
2026-05-16T12:24:50.538,01003500000000000000000000000000000000000000000000000000000000000000000000000000000000000000000000000000000000000000000000000000,"1,0,0,0","0,53,0,0"
2026-05-16T12:24:50.538,01003400000000000000000000000000000000000000000000000000000000000000000000000000000000000000000000000000000000000000000000000000,"1,0,0,0","0,52,0,0"
2026-05-16T12:24:50.538,01003300000000000000000000000000000000000000000000000000000000000000000000000000000000000000000000000000000000000000000000000000,"1,0,0,0","0,51,0,0"
2026-05-16T12:24:50.538,01003200000000000000000000000000000000000000000000000000000000000000000000000000000000000000000000000000000000000000000000000000,"1,0,0,0","0,50,0,0"
2026-05-16T12:24:50.538,01003100000000000000000000000000000000000000000000000000000000000000000000000000000000000000000000000000000000000000000000000000,"1,0,0,0","0,49,0,0"
2026-05-16T12:24:50.538,01003000000000000000000000000000000000000000000000000000000000000000000000000000000000000000000000000000000000000000000000000000,"1,0,0,0","0,48,0,0"
2026-05-16T12:24:50.538,01002f00000000000000000000000000000000000000000000000000000000000000000000000000000000000000000000000000000000000000000000000000,"1,0,0,0","0,47,0,0"
2026-05-16T12:24:50.538,01002e00000000000000000000000000000000000000000000000000000000000000000000000000000000000000000000000000000000000000000000000000,"1,0,0,0","0,46,0,0"
2026-05-16T12:24:50.538,01002d00000000000000000000000000000000000000000000000000000000000000000000000000000000000000000000000000000000000000000000000000,"1,0,0,0","0,45,0,0"
2026-05-16T12:24:50.538,01002c00000000000000000000000000000000000000000000000000000000000000000000000000000000000000000000000000000000000000000000000000,"1,0,0,0","0,44,0,0"
2026-05-16T12:24:50.538,01002b00000000000000000000000000000000000000000000000000000000000000000000000000000000000000000000000000000000000000000000000000,"1,0,0,0","0,43,0,0"
2026-05-16T12:24:50.538,01002a00000000000000000000000000000000000000000000000000000000000000000000000000000000000000000000000000000000000000000000000000,"1,0,0,0","0,42,0,0"
2026-05-16T12:24:50.538,01002900000000000000000000000000000000000000000000000000000000000000000000000000000000000000000000000000000000000000000000000000,"1,0,0,0","0,41,0,0"
2026-05-16T12:24:50.538,01002800000000000000000000000000000000000000000000000000000000000000000000000000000000000000000000000000000000000000000000000000,"1,0,0,0","0,40,0,0"
2026-05-16T12:24:50.538,01002700000000000000000000000000000000000000000000000000000000000000000000000000000000000000000000000000000000000000000000000000,"1,0,0,0","0,39,0,0"
2026-05-16T12:24:50.538,01002600000000000000000000000000000000000000000000000000000000000000000000000000000000000000000000000000000000000000000000000000,"1,0,0,0","0,38,0,0"
2026-05-16T12:24:50.538,01002500000000000000000000000000000000000000000000000000000000000000000000000000000000000000000000000000000000000000000000000000,"1,0,0,0","0,37,0,0"
2026-05-16T12:24:50.539,01002400000000000000000000000000000000000000000000000000000000000000000000000000000000000000000000000000000000000000000000000000,"1,0,0,0","0,36,0,0"
2026-05-16T12:24:50.539,01002300000000000000000000000000000000000000000000000000000000000000000000000000000000000000000000000000000000000000000000000000,"1,0,0,0","0,35,0,0"
2026-05-16T12:24:50.539,01002200000000000000000000000000000000000000000000000000000000000000000000000000000000000000000000000000000000000000000000000000,"1,0,0,0","0,34,0,0"
2026-05-16T12:24:50.539,01002100000000000000000000000000000000000000000000000000000000000000000000000000000000000000000000000000000000000000000000000000,"1,0,0,0","0,33,0,0"
2026-05-16T12:24:50.539,01002000000000000000000000000000000000000000000000000000000000000000000000000000000000000000000000000000000000000000000000000000,"1,0,0,0","0,32,0,0"
2026-05-16T12:24:50.539,01001f00000000000000000000000000000000000000000000000000000000000000000000000000000000000000000000000000000000000000000000000000,"1,0,0,0","0,31,0,0"
2026-05-16T12:24:50.539,01001e00000000000000000000000000000000000000000000000000000000000000000000000000000000000000000000000000000000000000000000000000,"1,0,0,0","0,30,0,0"
2026-05-16T12:24:50.539,01001d00000000000000000000000000000000000000000000000000000000000000000000000000000000000000000000000000000000000000000000000000,"1,0,0,0","0,29,0,0"
2026-05-16T12:24:50.539,01001c00000000000000000000000000000000000000000000000000000000000000000000000000000000000000000000000000000000000000000000000000,"1,0,0,0","0,28,0,0"
2026-05-16T12:24:50.539,01001b00000000000000000000000000000000000000000000000000000000000000000000000000000000000000000000000000000000000000000000000000,"1,0,0,0","0,27,0,0"
2026-05-16T12:24:50.539,01001a00000000000000000000000000000000000000000000000000000000000000000000000000000000000000000000000000000000000000000000000000,"1,0,0,0","0,26,0,0"
2026-05-16T12:24:50.539,01001900000000000000000000000000000000000000000000000000000000000000000000000000000000000000000000000000000000000000000000000000,"1,0,0,0","0,25,0,0"
2026-05-16T12:24:50.539,01001800000000000000000000000000000000000000000000000000000000000000000000000000000000000000000000000000000000000000000000000000,"1,0,0,0","0,24,0,0"
2026-05-16T12:24:50.539,01001700000000000000000000000000000000000000000000000000000000000000000000000000000000000000000000000000000000000000000000000000,"1,0,0,0","0,23,0,0"
2026-05-16T12:24:50.539,01001600000000000000000000000000000000000000000000000000000000000000000000000000000000000000000000000000000000000000000000000000,"1,0,0,0","0,22,0,0"
2026-05-16T12:24:50.539,01001500000000000000000000000000000000000000000000000000000000000000000000000000000000000000000000000000000000000000000000000000,"1,0,0,0","0,21,0,0"
2026-05-16T12:24:50.539,01001400000000000000000000000000000000000000000000000000000000000000000000000000000000000000000000000000000000000000000000000000,"1,0,0,0","0,20,0,0"
2026-05-16T12:24:50.539,01001300000000000000000000000000000000000000000000000000000000000000000000000000000000000000000000000000000000000000000000000000,"1,0,0,0","0,19,0,0"
2026-05-16T12:24:50.539,01001200000000000000000000000000000000000000000000000000000000000000000000000000000000000000000000000000000000000000000000000000,"1,0,0,0","0,18,0,0"
2026-05-16T12:24:50.539,01001100000000000000000000000000000000000000000000000000000000000000000000000000000000000000000000000000000000000000000000000000,"1,0,0,0","0,17,0,0"
2026-05-16T12:24:50.539,01001000000000000000000000000000000000000000000000000000000000000000000000000000000000000000000000000000000000000000000000000000,"1,0,0,0","0,16,0,0"
2026-05-16T12:24:50.539,01000f00000000000000000000000000000000000000000000000000000000000000000000000000000000000000000000000000000000000000000000000000,"1,0,0,0","0,15,0,0"
2026-05-16T12:24:50.639,01000e00000000000000000000000000000000000000000000000000000000000000000000000000000000000000000000000000000000000000000000000000,"1,0,0,0","0,14,0,0"
2026-05-16T12:24:50.639,01000d00000000000000000000000000000000000000000000000000000000000000000000000000000000000000000000000000000000000000000000000000,"1,0,0,0","0,13,0,0"
2026-05-16T12:24:50.639,01000c00000000000000000000000000000000000000000000000000000000000000000000000000000000000000000000000000000000000000000000000000,"1,0,0,0","0,12,0,0"
2026-05-16T12:24:50.639,01000b00000000000000000000000000000000000000000000000000000000000000000000000000000000000000000000000000000000000000000000000000,"1,0,0,0","0,11,0,0"
2026-05-16T12:24:50.639,01000a00000000000000000000000000000000000000000000000000000000000000000000000000000000000000000000000000000000000000000000000000,"1,0,0,0","0,10,0,0"
2026-05-16T12:24:50.639,01000900000000000000000000000000000000000000000000000000000000000000000000000000000000000000000000000000000000000000000000000000,"1,0,0,0","0,9,0,0"
2026-05-16T12:24:50.639,01000800000000000000000000000000000000000000000000000000000000000000000000000000000000000000000000000000000000000000000000000000,"1,0,0,0","0,8,0,0"
2026-05-16T12:24:50.639,01000700000000000000000000000000000000000000000000000000000000000000000000000000000000000000000000000000000000000000000000000000,"1,0,0,0","0,7,0,0"
2026-05-16T12:24:50.639,01000600000000000000000000000000000000000000000000000000000000000000000000000000000000000000000000000000000000000000000000000000,"1,0,0,0","0,6,0,0"
2026-05-16T12:24:50.639,01000500000000000000000000000000000000000000000000000000000000000000000000000000000000000000000000000000000000000000000000000000,"1,0,0,0","0,5,0,0"
2026-05-16T12:24:50.639,01000400000000000000000000000000000000000000000000000000000000000000000000000000000000000000000000000000000000000000000000000000,"1,0,0,0","0,4,0,0"
2026-05-16T12:24:50.639,01000300000000000000000000000000000000000000000000000000000000000000000000000000000000000000000000000000000000000000000000000000,"1,0,0,0","0,3,0,0"
2026-05-16T12:24:50.639,01000200000000000000000000000000000000000000000000000000000000000000000000000000000000000000000000000000000000000000000000000000,"1,0,0,0","0,2,0,0"
2026-05-16T12:24:50.639,01000100000000000000000000000000000000000000000000000000000000000000000000000000000000000000000000000000000000000000000000000000,"1,0,0,0","0,1,0,0"
2026-05-16T12:24:50.639,01000000000000000000000000000000000000000000000000000000000000000000000000000000000000000000000000000000000000000000000000000000,"1,0,0,0","0,0,0,0"
2026-05-16T12:25:00.051,01010100000000000000000000000000000000000000000000000000000000000000000000000000000000000000000000000000000000000000000000000000,"1,0,0,0","1,1,0,0"
2026-05-16T12:25:00.051,01010200000000000000000000000000000000000000000000000000000000000000000000000000000000000000000000000000000000000000000000000000,"1,0,0,0","1,2,0,0"
2026-05-16T12:25:00.051,01010300000000000000000000000000000000000000000000000000000000000000000000000000000000000000000000000000000000000000000000000000,"1,0,0,0","1,3,0,0"
2026-05-16T12:25:00.153,01010400000000000000000000000000000000000000000000000000000000000000000000000000000000000000000000000000000000000000000000000000,"1,0,0,0","1,4,0,0"
2026-05-16T12:25:00.153,01010500000000000000000000000000000000000000000000000000000000000000000000000000000000000000000000000000000000000000000000000000,"1,0,0,0","1,5,0,0"
2026-05-16T12:25:00.153,01010600000000000000000000000000000000000000000000000000000000000000000000000000000000000000000000000000000000000000000000000000,"1,0,0,0","1,6,0,0"
2026-05-16T12:25:00.153,01010700000000000000000000000000000000000000000000000000000000000000000000000000000000000000000000000000000000000000000000000000,"1,0,0,0","1,7,0,0"
2026-05-16T12:25:00.153,01010800000000000000000000000000000000000000000000000000000000000000000000000000000000000000000000000000000000000000000000000000,"1,0,0,0","1,8,0,0"
2026-05-16T12:25:00.153,01010900000000000000000000000000000000000000000000000000000000000000000000000000000000000000000000000000000000000000000000000000,"1,0,0,0","1,9,0,0"
2026-05-16T12:25:00.153,01010a00000000000000000000000000000000000000000000000000000000000000000000000000000000000000000000000000000000000000000000000000,"1,0,0,0","1,10,0,0"
2026-05-16T12:25:00.153,01010b00000000000000000000000000000000000000000000000000000000000000000000000000000000000000000000000000000000000000000000000000,"1,0,0,0","1,11,0,0"
2026-05-16T12:25:00.153,01010c00000000000000000000000000000000000000000000000000000000000000000000000000000000000000000000000000000000000000000000000000,"1,0,0,0","1,12,0,0"
2026-05-16T12:25:00.153,01010d00000000000000000000000000000000000000000000000000000000000000000000000000000000000000000000000000000000000000000000000000,"1,0,0,0","1,13,0,0"
2026-05-16T12:25:00.153,01010e00000000000000000000000000000000000000000000000000000000000000000000000000000000000000000000000000000000000000000000000000,"1,0,0,0","1,14,0,0"
2026-05-16T12:25:00.153,01010f00000000000000000000000000000000000000000000000000000000000000000000000000000000000000000000000000000000000000000000000000,"1,0,0,0","1,15,0,0"
2026-05-16T12:25:00.153,01011000000000000000000000000000000000000000000000000000000000000000000000000000000000000000000000000000000000000000000000000000,"1,0,0,0","1,16,0,0"
2026-05-16T12:25:00.153,01011100000000000000000000000000000000000000000000000000000000000000000000000000000000000000000000000000000000000000000000000000,"1,0,0,0","1,17,0,0"
2026-05-16T12:25:00.153,01011200000000000000000000000000000000000000000000000000000000000000000000000000000000000000000000000000000000000000000000000000,"1,0,0,0","1,18,0,0"
2026-05-16T12:25:00.153,01011300000000000000000000000000000000000000000000000000000000000000000000000000000000000000000000000000000000000000000000000000,"1,0,0,0","1,19,0,0"
2026-05-16T12:25:00.153,01011400000000000000000000000000000000000000000000000000000000000000000000000000000000000000000000000000000000000000000000000000,"1,0,0,0","1,20,0,0"
2026-05-16T12:25:00.153,01011500000000000000000000000000000000000000000000000000000000000000000000000000000000000000000000000000000000000000000000000000,"1,0,0,0","1,21,0,0"
2026-05-16T12:25:00.154,01011600000000000000000000000000000000000000000000000000000000000000000000000000000000000000000000000000000000000000000000000000,"1,0,0,0","1,22,0,0"
2026-05-16T12:25:00.254,01011700000000000000000000000000000000000000000000000000000000000000000000000000000000000000000000000000000000000000000000000000,"1,0,0,0","1,23,0,0"
2026-05-16T12:25:00.254,01011800000000000000000000000000000000000000000000000000000000000000000000000000000000000000000000000000000000000000000000000000,"1,0,0,0","1,24,0,0"
2026-05-16T12:25:00.254,01011900000000000000000000000000000000000000000000000000000000000000000000000000000000000000000000000000000000000000000000000000,"1,0,0,0","1,25,0,0"
2026-05-16T12:25:00.254,01011a00000000000000000000000000000000000000000000000000000000000000000000000000000000000000000000000000000000000000000000000000,"1,0,0,0","1,26,0,0"
2026-05-16T12:25:00.254,01011b00000000000000000000000000000000000000000000000000000000000000000000000000000000000000000000000000000000000000000000000000,"1,0,0,0","1,27,0,0"
2026-05-16T12:25:00.254,01011c00000000000000000000000000000000000000000000000000000000000000000000000000000000000000000000000000000000000000000000000000,"1,0,0,0","1,28,0,0"
2026-05-16T12:25:00.254,01011d00000000000000000000000000000000000000000000000000000000000000000000000000000000000000000000000000000000000000000000000000,"1,0,0,0","1,29,0,0"
2026-05-16T12:25:00.254,01011e00000000000000000000000000000000000000000000000000000000000000000000000000000000000000000000000000000000000000000000000000,"1,0,0,0","1,30,0,0"
2026-05-16T12:25:00.254,01011f00000000000000000000000000000000000000000000000000000000000000000000000000000000000000000000000000000000000000000000000000,"1,0,0,0","1,31,0,0"
2026-05-16T12:25:00.254,01012000000000000000000000000000000000000000000000000000000000000000000000000000000000000000000000000000000000000000000000000000,"1,0,0,0","1,32,0,0"
2026-05-16T12:25:00.254,01012100000000000000000000000000000000000000000000000000000000000000000000000000000000000000000000000000000000000000000000000000,"1,0,0,0","1,33,0,0"
2026-05-16T12:25:00.254,01012200000000000000000000000000000000000000000000000000000000000000000000000000000000000000000000000000000000000000000000000000,"1,0,0,0","1,34,0,0"
2026-05-16T12:25:00.254,01012300000000000000000000000000000000000000000000000000000000000000000000000000000000000000000000000000000000000000000000000000,"1,0,0,0","1,35,0,0"
2026-05-16T12:25:00.254,01012400000000000000000000000000000000000000000000000000000000000000000000000000000000000000000000000000000000000000000000000000,"1,0,0,0","1,36,0,0"
2026-05-16T12:25:00.254,01012500000000000000000000000000000000000000000000000000000000000000000000000000000000000000000000000000000000000000000000000000,"1,0,0,0","1,37,0,0"
2026-05-16T12:25:00.254,01012600000000000000000000000000000000000000000000000000000000000000000000000000000000000000000000000000000000000000000000000000,"1,0,0,0","1,38,0,0"
2026-05-16T12:25:00.254,01012700000000000000000000000000000000000000000000000000000000000000000000000000000000000000000000000000000000000000000000000000,"1,0,0,0","1,39,0,0"
2026-05-16T12:25:00.254,01012800000000000000000000000000000000000000000000000000000000000000000000000000000000000000000000000000000000000000000000000000,"1,0,0,0","1,40,0,0"
2026-05-16T12:25:00.254,01012900000000000000000000000000000000000000000000000000000000000000000000000000000000000000000000000000000000000000000000000000,"1,0,0,0","1,41,0,0"
2026-05-16T12:25:00.254,01012a00000000000000000000000000000000000000000000000000000000000000000000000000000000000000000000000000000000000000000000000000,"1,0,0,0","1,42,0,0"
2026-05-16T12:25:00.254,01012b00000000000000000000000000000000000000000000000000000000000000000000000000000000000000000000000000000000000000000000000000,"1,0,0,0","1,43,0,0"
2026-05-16T12:25:00.254,01012c00000000000000000000000000000000000000000000000000000000000000000000000000000000000000000000000000000000000000000000000000,"1,0,0,0","1,44,0,0"
2026-05-16T12:25:00.254,01012d00000000000000000000000000000000000000000000000000000000000000000000000000000000000000000000000000000000000000000000000000,"1,0,0,0","1,45,0,0"
2026-05-16T12:25:00.355,01012e00000000000000000000000000000000000000000000000000000000000000000000000000000000000000000000000000000000000000000000000000,"1,0,0,0","1,46,0,0"
2026-05-16T12:25:00.355,01012f00000000000000000000000000000000000000000000000000000000000000000000000000000000000000000000000000000000000000000000000000,"1,0,0,0","1,47,0,0"
2026-05-16T12:25:00.355,01013000000000000000000000000000000000000000000000000000000000000000000000000000000000000000000000000000000000000000000000000000,"1,0,0,0","1,48,0,0"
2026-05-16T12:25:00.355,01013100000000000000000000000000000000000000000000000000000000000000000000000000000000000000000000000000000000000000000000000000,"1,0,0,0","1,49,0,0"
2026-05-16T12:25:00.355,01013200000000000000000000000000000000000000000000000000000000000000000000000000000000000000000000000000000000000000000000000000,"1,0,0,0","1,50,0,0"
2026-05-16T12:25:00.355,01013300000000000000000000000000000000000000000000000000000000000000000000000000000000000000000000000000000000000000000000000000,"1,0,0,0","1,51,0,0"
2026-05-16T12:25:00.355,01013400000000000000000000000000000000000000000000000000000000000000000000000000000000000000000000000000000000000000000000000000,"1,0,0,0","1,52,0,0"
2026-05-16T12:25:00.355,01013500000000000000000000000000000000000000000000000000000000000000000000000000000000000000000000000000000000000000000000000000,"1,0,0,0","1,53,0,0"
2026-05-16T12:25:00.355,01013600000000000000000000000000000000000000000000000000000000000000000000000000000000000000000000000000000000000000000000000000,"1,0,0,0","1,54,0,0"
2026-05-16T12:25:00.355,01013700000000000000000000000000000000000000000000000000000000000000000000000000000000000000000000000000000000000000000000000000,"1,0,0,0","1,55,0,0"
2026-05-16T12:25:00.355,01013800000000000000000000000000000000000000000000000000000000000000000000000000000000000000000000000000000000000000000000000000,"1,0,0,0","1,56,0,0"
2026-05-16T12:25:00.355,01013900000000000000000000000000000000000000000000000000000000000000000000000000000000000000000000000000000000000000000000000000,"1,0,0,0","1,57,0,0"
2026-05-16T12:25:00.355,01013a00000000000000000000000000000000000000000000000000000000000000000000000000000000000000000000000000000000000000000000000000,"1,0,0,0","1,58,0,0"
2026-05-16T12:25:00.355,01013b00000000000000000000000000000000000000000000000000000000000000000000000000000000000000000000000000000000000000000000000000,"1,0,0,0","1,59,0,0"
2026-05-16T12:25:00.355,01013c00000000000000000000000000000000000000000000000000000000000000000000000000000000000000000000000000000000000000000000000000,"1,0,0,0","1,60,0,0"
2026-05-16T12:25:00.355,01013d00000000000000000000000000000000000000000000000000000000000000000000000000000000000000000000000000000000000000000000000000,"1,0,0,0","1,61,0,0"
2026-05-16T12:25:00.355,01013e00000000000000000000000000000000000000000000000000000000000000000000000000000000000000000000000000000000000000000000000000,"1,0,0,0","1,62,0,0"
2026-05-16T12:25:00.355,01013f00000000000000000000000000000000000000000000000000000000000000000000000000000000000000000000000000000000000000000000000000,"1,0,0,0","1,63,0,0"
2026-05-16T12:25:00.355,01014000000000000000000000000000000000000000000000000000000000000000000000000000000000000000000000000000000000000000000000000000,"1,0,0,0","1,64,0,0"
2026-05-16T12:25:00.355,01014100000000000000000000000000000000000000000000000000000000000000000000000000000000000000000000000000000000000000000000000000,"1,0,0,0","1,65,0,0"
2026-05-16T12:25:00.355,01014200000000000000000000000000000000000000000000000000000000000000000000000000000000000000000000000000000000000000000000000000,"1,0,0,0","1,66,0,0"
2026-05-16T12:25:00.757,01014300000000000000000000000000000000000000000000000000000000000000000000000000000000000000000000000000000000000000000000000000,"1,0,0,0","1,67,0,0"
2026-05-16T12:25:00.757,01014400000000000000000000000000000000000000000000000000000000000000000000000000000000000000000000000000000000000000000000000000,"1,0,0,0","1,68,0,0"
2026-05-16T12:25:00.757,01014500000000000000000000000000000000000000000000000000000000000000000000000000000000000000000000000000000000000000000000000000,"1,0,0,0","1,69,0,0"
2026-05-16T12:25:00.757,01014600000000000000000000000000000000000000000000000000000000000000000000000000000000000000000000000000000000000000000000000000,"1,0,0,0","1,70,0,0"
2026-05-16T12:25:00.757,01014700000000000000000000000000000000000000000000000000000000000000000000000000000000000000000000000000000000000000000000000000,"1,0,0,0","1,71,0,0"
2026-05-16T12:25:00.757,01014800000000000000000000000000000000000000000000000000000000000000000000000000000000000000000000000000000000000000000000000000,"1,0,0,0","1,72,0,0"
2026-05-16T12:25:00.757,01014900000000000000000000000000000000000000000000000000000000000000000000000000000000000000000000000000000000000000000000000000,"1,0,0,0","1,73,0,0"
2026-05-16T12:25:00.757,01014a00000000000000000000000000000000000000000000000000000000000000000000000000000000000000000000000000000000000000000000000000,"1,0,0,0","1,74,0,0"
2026-05-16T12:25:00.757,01014b00000000000000000000000000000000000000000000000000000000000000000000000000000000000000000000000000000000000000000000000000,"1,0,0,0","1,75,0,0"
2026-05-16T12:25:00.757,01014c00000000000000000000000000000000000000000000000000000000000000000000000000000000000000000000000000000000000000000000000000,"1,0,0,0","1,76,0,0"
2026-05-16T12:25:00.757,01014d00000000000000000000000000000000000000000000000000000000000000000000000000000000000000000000000000000000000000000000000000,"1,0,0,0","1,77,0,0"
2026-05-16T12:25:00.757,01014e00000000000000000000000000000000000000000000000000000000000000000000000000000000000000000000000000000000000000000000000000,"1,0,0,0","1,78,0,0"
2026-05-16T12:25:00.757,01014f00000000000000000000000000000000000000000000000000000000000000000000000000000000000000000000000000000000000000000000000000,"1,0,0,0","1,79,0,0"
2026-05-16T12:25:00.757,01015000000000000000000000000000000000000000000000000000000000000000000000000000000000000000000000000000000000000000000000000000,"1,0,0,0","1,80,0,0"
2026-05-16T12:25:00.857,01015100000000000000000000000000000000000000000000000000000000000000000000000000000000000000000000000000000000000000000000000000,"1,0,0,0","1,81,0,0"
2026-05-16T12:25:00.857,01015200000000000000000000000000000000000000000000000000000000000000000000000000000000000000000000000000000000000000000000000000,"1,0,0,0","1,82,0,0"
2026-05-16T12:25:00.857,01015300000000000000000000000000000000000000000000000000000000000000000000000000000000000000000000000000000000000000000000000000,"1,0,0,0","1,83,0,0"
2026-05-16T12:25:00.857,01015400000000000000000000000000000000000000000000000000000000000000000000000000000000000000000000000000000000000000000000000000,"1,0,0,0","1,84,0,0"
2026-05-16T12:25:00.857,01015500000000000000000000000000000000000000000000000000000000000000000000000000000000000000000000000000000000000000000000000000,"1,0,0,0","1,85,0,0"
2026-05-16T12:25:00.857,01015600000000000000000000000000000000000000000000000000000000000000000000000000000000000000000000000000000000000000000000000000,"1,0,0,0","1,86,0,0"
2026-05-16T12:25:00.857,01015700000000000000000000000000000000000000000000000000000000000000000000000000000000000000000000000000000000000000000000000000,"1,0,0,0","1,87,0,0"
2026-05-16T12:25:00.857,01015800000000000000000000000000000000000000000000000000000000000000000000000000000000000000000000000000000000000000000000000000,"1,0,0,0","1,88,0,0"
2026-05-16T12:25:00.857,01015900000000000000000000000000000000000000000000000000000000000000000000000000000000000000000000000000000000000000000000000000,"1,0,0,0","1,89,0,0"
2026-05-16T12:25:00.857,01015a00000000000000000000000000000000000000000000000000000000000000000000000000000000000000000000000000000000000000000000000000,"1,0,0,0","1,90,0,0"
2026-05-16T12:25:00.857,01015b00000000000000000000000000000000000000000000000000000000000000000000000000000000000000000000000000000000000000000000000000,"1,0,0,0","1,91,0,0"
2026-05-16T12:25:00.857,01015c00000000000000000000000000000000000000000000000000000000000000000000000000000000000000000000000000000000000000000000000000,"1,0,0,0","1,92,0,0"
2026-05-16T12:25:00.857,01015d00000000000000000000000000000000000000000000000000000000000000000000000000000000000000000000000000000000000000000000000000,"1,0,0,0","1,93,0,0"
2026-05-16T12:25:00.858,01015e00000000000000000000000000000000000000000000000000000000000000000000000000000000000000000000000000000000000000000000000000,"1,0,0,0","1,94,0,0"
2026-05-16T12:25:00.858,01015f00000000000000000000000000000000000000000000000000000000000000000000000000000000000000000000000000000000000000000000000000,"1,0,0,0","1,95,0,0"
2026-05-16T12:25:00.858,01016000000000000000000000000000000000000000000000000000000000000000000000000000000000000000000000000000000000000000000000000000,"1,0,0,0","1,96,0,0"
2026-05-16T12:25:00.858,01016100000000000000000000000000000000000000000000000000000000000000000000000000000000000000000000000000000000000000000000000000,"1,0,0,0","1,97,0,0"
2026-05-16T12:25:00.858,01016200000000000000000000000000000000000000000000000000000000000000000000000000000000000000000000000000000000000000000000000000,"1,0,0,0","1,98,0,0"
2026-05-16T12:25:00.858,01016300000000000000000000000000000000000000000000000000000000000000000000000000000000000000000000000000000000000000000000000000,"1,0,0,0","1,99,0,0"
2026-05-16T12:25:00.858,01016400000000000000000000000000000000000000000000000000000000000000000000000000000000000000000000000000000000000000000000000000,"1,0,0,0","1,100,0,0"
2026-05-16T12:25:00.858,01016500000000000000000000000000000000000000000000000000000000000000000000000000000000000000000000000000000000000000000000000000,"1,0,0,0","1,101,0,0"
2026-05-16T12:25:00.858,01016600000000000000000000000000000000000000000000000000000000000000000000000000000000000000000000000000000000000000000000000000,"1,0,0,0","1,102,0,0"
2026-05-16T12:25:00.858,01016700000000000000000000000000000000000000000000000000000000000000000000000000000000000000000000000000000000000000000000000000,"1,0,0,0","1,103,0,0"
2026-05-16T12:25:00.858,01016800000000000000000000000000000000000000000000000000000000000000000000000000000000000000000000000000000000000000000000000000,"1,0,0,0","1,104,0,0"
2026-05-16T12:25:00.858,01016900000000000000000000000000000000000000000000000000000000000000000000000000000000000000000000000000000000000000000000000000,"1,0,0,0","1,105,0,0"
2026-05-16T12:25:00.858,01016a00000000000000000000000000000000000000000000000000000000000000000000000000000000000000000000000000000000000000000000000000,"1,0,0,0","1,106,0,0"
2026-05-16T12:25:00.858,01016b00000000000000000000000000000000000000000000000000000000000000000000000000000000000000000000000000000000000000000000000000,"1,0,0,0","1,107,0,0"
2026-05-16T12:25:00.858,01016c00000000000000000000000000000000000000000000000000000000000000000000000000000000000000000000000000000000000000000000000000,"1,0,0,0","1,108,0,0"
2026-05-16T12:25:00.858,01016d00000000000000000000000000000000000000000000000000000000000000000000000000000000000000000000000000000000000000000000000000,"1,0,0,0","1,109,0,0"
2026-05-16T12:25:00.858,01016e00000000000000000000000000000000000000000000000000000000000000000000000000000000000000000000000000000000000000000000000000,"1,0,0,0","1,110,0,0"
2026-05-16T12:25:00.858,01016f00000000000000000000000000000000000000000000000000000000000000000000000000000000000000000000000000000000000000000000000000,"1,0,0,0","1,111,0,0"
2026-05-16T12:25:00.858,01017000000000000000000000000000000000000000000000000000000000000000000000000000000000000000000000000000000000000000000000000000,"1,0,0,0","1,112,0,0"
2026-05-16T12:25:00.858,01017100000000000000000000000000000000000000000000000000000000000000000000000000000000000000000000000000000000000000000000000000,"1,0,0,0","1,113,0,0"
2026-05-16T12:25:00.858,01017200000000000000000000000000000000000000000000000000000000000000000000000000000000000000000000000000000000000000000000000000,"1,0,0,0","1,114,0,0"
2026-05-16T12:25:00.958,01017300000000000000000000000000000000000000000000000000000000000000000000000000000000000000000000000000000000000000000000000000,"1,0,0,0","1,115,0,0"
2026-05-16T12:25:00.958,01017400000000000000000000000000000000000000000000000000000000000000000000000000000000000000000000000000000000000000000000000000,"1,0,0,0","1,116,0,0"
2026-05-16T12:25:00.958,01017500000000000000000000000000000000000000000000000000000000000000000000000000000000000000000000000000000000000000000000000000,"1,0,0,0","1,117,0,0"
2026-05-16T12:25:00.958,01017600000000000000000000000000000000000000000000000000000000000000000000000000000000000000000000000000000000000000000000000000,"1,0,0,0","1,118,0,0"
2026-05-16T12:25:00.958,01017700000000000000000000000000000000000000000000000000000000000000000000000000000000000000000000000000000000000000000000000000,"1,0,0,0","1,119,0,0"
2026-05-16T12:25:00.958,01017800000000000000000000000000000000000000000000000000000000000000000000000000000000000000000000000000000000000000000000000000,"1,0,0,0","1,120,0,0"
2026-05-16T12:25:00.958,01017900000000000000000000000000000000000000000000000000000000000000000000000000000000000000000000000000000000000000000000000000,"1,0,0,0","1,121,0,0"
2026-05-16T12:25:00.958,01017a00000000000000000000000000000000000000000000000000000000000000000000000000000000000000000000000000000000000000000000000000,"1,0,0,0","1,122,0,0"
2026-05-16T12:25:00.958,01017b00000000000000000000000000000000000000000000000000000000000000000000000000000000000000000000000000000000000000000000000000,"1,0,0,0","1,123,0,0"
2026-05-16T12:25:00.958,01017c00000000000000000000000000000000000000000000000000000000000000000000000000000000000000000000000000000000000000000000000000,"1,0,0,0","1,124,0,0"
2026-05-16T12:25:00.958,01017d00000000000000000000000000000000000000000000000000000000000000000000000000000000000000000000000000000000000000000000000000,"1,0,0,0","1,125,0,0"
2026-05-16T12:25:00.959,01017e00000000000000000000000000000000000000000000000000000000000000000000000000000000000000000000000000000000000000000000000000,"1,0,0,0","1,126,0,0"
2026-05-16T12:25:00.959,01017f00000000000000000000000000000000000000000000000000000000000000000000000000000000000000000000000000000000000000000000000000,"1,0,0,0","1,127,0,0"
2026-05-16T12:25:00.959,01018000000000000000000000000000000000000000000000000000000000000000000000000000000000000000000000000000000000000000000000000000,"1,0,0,0","1,128,0,0"
2026-05-16T12:25:00.959,01018100000000000000000000000000000000000000000000000000000000000000000000000000000000000000000000000000000000000000000000000000,"1,0,0,0","1,129,0,0"
2026-05-16T12:25:00.959,01018200000000000000000000000000000000000000000000000000000000000000000000000000000000000000000000000000000000000000000000000000,"1,0,0,0","1,130,0,0"
2026-05-16T12:25:00.959,01018300000000000000000000000000000000000000000000000000000000000000000000000000000000000000000000000000000000000000000000000000,"1,0,0,0","1,131,0,0"
2026-05-16T12:25:00.959,01018400000000000000000000000000000000000000000000000000000000000000000000000000000000000000000000000000000000000000000000000000,"1,0,0,0","1,132,0,0"
2026-05-16T12:25:00.959,01018500000000000000000000000000000000000000000000000000000000000000000000000000000000000000000000000000000000000000000000000000,"1,0,0,0","1,133,0,0"
2026-05-16T12:25:00.959,01018600000000000000000000000000000000000000000000000000000000000000000000000000000000000000000000000000000000000000000000000000,"1,0,0,0","1,134,0,0"
2026-05-16T12:25:00.959,01018700000000000000000000000000000000000000000000000000000000000000000000000000000000000000000000000000000000000000000000000000,"1,0,0,0","1,135,0,0"
2026-05-16T12:25:01.060,01018800000000000000000000000000000000000000000000000000000000000000000000000000000000000000000000000000000000000000000000000000,"1,0,0,0","1,136,0,0"
2026-05-16T12:25:01.060,01018900000000000000000000000000000000000000000000000000000000000000000000000000000000000000000000000000000000000000000000000000,"1,0,0,0","1,137,0,0"
2026-05-16T12:25:01.060,01018a00000000000000000000000000000000000000000000000000000000000000000000000000000000000000000000000000000000000000000000000000,"1,0,0,0","1,138,0,0"
2026-05-16T12:25:01.060,01018b00000000000000000000000000000000000000000000000000000000000000000000000000000000000000000000000000000000000000000000000000,"1,0,0,0","1,139,0,0"
2026-05-16T12:25:01.060,01018c00000000000000000000000000000000000000000000000000000000000000000000000000000000000000000000000000000000000000000000000000,"1,0,0,0","1,140,0,0"
2026-05-16T12:25:01.060,01018d00000000000000000000000000000000000000000000000000000000000000000000000000000000000000000000000000000000000000000000000000,"1,0,0,0","1,141,0,0"
2026-05-16T12:25:01.060,01018e00000000000000000000000000000000000000000000000000000000000000000000000000000000000000000000000000000000000000000000000000,"1,0,0,0","1,142,0,0"
2026-05-16T12:25:01.060,01018f00000000000000000000000000000000000000000000000000000000000000000000000000000000000000000000000000000000000000000000000000,"1,0,0,0","1,143,0,0"
2026-05-16T12:25:01.060,01019000000000000000000000000000000000000000000000000000000000000000000000000000000000000000000000000000000000000000000000000000,"1,0,0,0","1,144,0,0"
2026-05-16T12:25:01.060,01019100000000000000000000000000000000000000000000000000000000000000000000000000000000000000000000000000000000000000000000000000,"1,0,0,0","1,145,0,0"
2026-05-16T12:25:01.060,01019200000000000000000000000000000000000000000000000000000000000000000000000000000000000000000000000000000000000000000000000000,"1,0,0,0","1,146,0,0"
2026-05-16T12:25:01.060,01019300000000000000000000000000000000000000000000000000000000000000000000000000000000000000000000000000000000000000000000000000,"1,0,0,0","1,147,0,0"
2026-05-16T12:25:01.060,01019400000000000000000000000000000000000000000000000000000000000000000000000000000000000000000000000000000000000000000000000000,"1,0,0,0","1,148,0,0"
2026-05-16T12:25:01.060,01019500000000000000000000000000000000000000000000000000000000000000000000000000000000000000000000000000000000000000000000000000,"1,0,0,0","1,149,0,0"
2026-05-16T12:25:01.060,01019600000000000000000000000000000000000000000000000000000000000000000000000000000000000000000000000000000000000000000000000000,"1,0,0,0","1,150,0,0"
2026-05-16T12:25:01.060,01019700000000000000000000000000000000000000000000000000000000000000000000000000000000000000000000000000000000000000000000000000,"1,0,0,0","1,151,0,0"
2026-05-16T12:25:01.060,01019800000000000000000000000000000000000000000000000000000000000000000000000000000000000000000000000000000000000000000000000000,"1,0,0,0","1,152,0,0"
2026-05-16T12:25:01.060,01019900000000000000000000000000000000000000000000000000000000000000000000000000000000000000000000000000000000000000000000000000,"1,0,0,0","1,153,0,0"
2026-05-16T12:25:01.060,01019a00000000000000000000000000000000000000000000000000000000000000000000000000000000000000000000000000000000000000000000000000,"1,0,0,0","1,154,0,0"
2026-05-16T12:25:01.060,01019b00000000000000000000000000000000000000000000000000000000000000000000000000000000000000000000000000000000000000000000000000,"1,0,0,0","1,155,0,0"
2026-05-16T12:25:01.060,01019c00000000000000000000000000000000000000000000000000000000000000000000000000000000000000000000000000000000000000000000000000,"1,0,0,0","1,156,0,0"
2026-05-16T12:25:01.060,01019d00000000000000000000000000000000000000000000000000000000000000000000000000000000000000000000000000000000000000000000000000,"1,0,0,0","1,157,0,0"
2026-05-16T12:25:01.060,01019e00000000000000000000000000000000000000000000000000000000000000000000000000000000000000000000000000000000000000000000000000,"1,0,0,0","1,158,0,0"
2026-05-16T12:25:01.060,01019f00000000000000000000000000000000000000000000000000000000000000000000000000000000000000000000000000000000000000000000000000,"1,0,0,0","1,159,0,0"
2026-05-16T12:25:01.060,0101a000000000000000000000000000000000000000000000000000000000000000000000000000000000000000000000000000000000000000000000000000,"1,0,0,0","1,160,0,0"
2026-05-16T12:25:01.060,0101a100000000000000000000000000000000000000000000000000000000000000000000000000000000000000000000000000000000000000000000000000,"1,0,0,0","1,161,0,0"
2026-05-16T12:25:01.060,0101a200000000000000000000000000000000000000000000000000000000000000000000000000000000000000000000000000000000000000000000000000,"1,0,0,0","1,162,0,0"
2026-05-16T12:25:01.060,0101a300000000000000000000000000000000000000000000000000000000000000000000000000000000000000000000000000000000000000000000000000,"1,0,0,0","1,163,0,0"
2026-05-16T12:25:01.160,0101a400000000000000000000000000000000000000000000000000000000000000000000000000000000000000000000000000000000000000000000000000,"1,0,0,0","1,164,0,0"
2026-05-16T12:25:01.161,0101a500000000000000000000000000000000000000000000000000000000000000000000000000000000000000000000000000000000000000000000000000,"1,0,0,0","1,165,0,0"
2026-05-16T12:25:01.161,0101a600000000000000000000000000000000000000000000000000000000000000000000000000000000000000000000000000000000000000000000000000,"1,0,0,0","1,166,0,0"
2026-05-16T12:25:01.161,0101a700000000000000000000000000000000000000000000000000000000000000000000000000000000000000000000000000000000000000000000000000,"1,0,0,0","1,167,0,0"
2026-05-16T12:25:01.161,0101a800000000000000000000000000000000000000000000000000000000000000000000000000000000000000000000000000000000000000000000000000,"1,0,0,0","1,168,0,0"
2026-05-16T12:25:01.161,0101a900000000000000000000000000000000000000000000000000000000000000000000000000000000000000000000000000000000000000000000000000,"1,0,0,0","1,169,0,0"
2026-05-16T12:25:01.161,0101aa00000000000000000000000000000000000000000000000000000000000000000000000000000000000000000000000000000000000000000000000000,"1,0,0,0","1,170,0,0"
2026-05-16T12:25:01.161,0101ab00000000000000000000000000000000000000000000000000000000000000000000000000000000000000000000000000000000000000000000000000,"1,0,0,0","1,171,0,0"
2026-05-16T12:25:01.161,0101ac00000000000000000000000000000000000000000000000000000000000000000000000000000000000000000000000000000000000000000000000000,"1,0,0,0","1,172,0,0"
2026-05-16T12:25:01.161,0101ad00000000000000000000000000000000000000000000000000000000000000000000000000000000000000000000000000000000000000000000000000,"1,0,0,0","1,173,0,0"
2026-05-16T12:25:01.161,0101ae00000000000000000000000000000000000000000000000000000000000000000000000000000000000000000000000000000000000000000000000000,"1,0,0,0","1,174,0,0"
2026-05-16T12:25:01.161,0101af00000000000000000000000000000000000000000000000000000000000000000000000000000000000000000000000000000000000000000000000000,"1,0,0,0","1,175,0,0"
2026-05-16T12:25:01.161,0101b000000000000000000000000000000000000000000000000000000000000000000000000000000000000000000000000000000000000000000000000000,"1,0,0,0","1,176,0,0"
2026-05-16T12:25:01.161,0101b100000000000000000000000000000000000000000000000000000000000000000000000000000000000000000000000000000000000000000000000000,"1,0,0,0","1,177,0,0"
2026-05-16T12:25:01.161,0101b200000000000000000000000000000000000000000000000000000000000000000000000000000000000000000000000000000000000000000000000000,"1,0,0,0","1,178,0,0"
2026-05-16T12:25:01.161,0101b300000000000000000000000000000000000000000000000000000000000000000000000000000000000000000000000000000000000000000000000000,"1,0,0,0","1,179,0,0"
2026-05-16T12:25:01.161,0101b400000000000000000000000000000000000000000000000000000000000000000000000000000000000000000000000000000000000000000000000000,"1,0,0,0","1,180,0,0"
2026-05-16T12:25:01.161,0101b500000000000000000000000000000000000000000000000000000000000000000000000000000000000000000000000000000000000000000000000000,"1,0,0,0","1,181,0,0"
2026-05-16T12:25:01.461,0101b600000000000000000000000000000000000000000000000000000000000000000000000000000000000000000000000000000000000000000000000000,"1,0,0,0","1,182,0,0"
2026-05-16T12:25:01.461,0101b700000000000000000000000000000000000000000000000000000000000000000000000000000000000000000000000000000000000000000000000000,"1,0,0,0","1,183,0,0"
2026-05-16T12:25:01.462,0101b800000000000000000000000000000000000000000000000000000000000000000000000000000000000000000000000000000000000000000000000000,"1,0,0,0","1,184,0,0"
2026-05-16T12:25:01.462,0101b900000000000000000000000000000000000000000000000000000000000000000000000000000000000000000000000000000000000000000000000000,"1,0,0,0","1,185,0,0"
2026-05-16T12:25:01.462,0101ba00000000000000000000000000000000000000000000000000000000000000000000000000000000000000000000000000000000000000000000000000,"1,0,0,0","1,186,0,0"
2026-05-16T12:25:01.462,0101bb00000000000000000000000000000000000000000000000000000000000000000000000000000000000000000000000000000000000000000000000000,"1,0,0,0","1,187,0,0"
2026-05-16T12:25:01.462,0101bc00000000000000000000000000000000000000000000000000000000000000000000000000000000000000000000000000000000000000000000000000,"1,0,0,0","1,188,0,0"
2026-05-16T12:25:01.462,0101bd00000000000000000000000000000000000000000000000000000000000000000000000000000000000000000000000000000000000000000000000000,"1,0,0,0","1,189,0,0"
2026-05-16T12:25:01.562,0101be00000000000000000000000000000000000000000000000000000000000000000000000000000000000000000000000000000000000000000000000000,"1,0,0,0","1,190,0,0"
2026-05-16T12:25:01.562,0101bf00000000000000000000000000000000000000000000000000000000000000000000000000000000000000000000000000000000000000000000000000,"1,0,0,0","1,191,0,0"
2026-05-16T12:25:01.562,0101c000000000000000000000000000000000000000000000000000000000000000000000000000000000000000000000000000000000000000000000000000,"1,0,0,0","1,192,0,0"
2026-05-16T12:25:01.562,0101c100000000000000000000000000000000000000000000000000000000000000000000000000000000000000000000000000000000000000000000000000,"1,0,0,0","1,193,0,0"
2026-05-16T12:25:01.562,0101c200000000000000000000000000000000000000000000000000000000000000000000000000000000000000000000000000000000000000000000000000,"1,0,0,0","1,194,0,0"
2026-05-16T12:25:01.562,0101c300000000000000000000000000000000000000000000000000000000000000000000000000000000000000000000000000000000000000000000000000,"1,0,0,0","1,195,0,0"
2026-05-16T12:25:01.562,0101c400000000000000000000000000000000000000000000000000000000000000000000000000000000000000000000000000000000000000000000000000,"1,0,0,0","1,196,0,0"
2026-05-16T12:25:01.562,0101c500000000000000000000000000000000000000000000000000000000000000000000000000000000000000000000000000000000000000000000000000,"1,0,0,0","1,197,0,0"
2026-05-16T12:25:01.562,0101c600000000000000000000000000000000000000000000000000000000000000000000000000000000000000000000000000000000000000000000000000,"1,0,0,0","1,198,0,0"
2026-05-16T12:25:01.562,0101c700000000000000000000000000000000000000000000000000000000000000000000000000000000000000000000000000000000000000000000000000,"1,0,0,0","1,199,0,0"
2026-05-16T12:25:01.562,0101c800000000000000000000000000000000000000000000000000000000000000000000000000000000000000000000000000000000000000000000000000,"1,0,0,0","1,200,0,0"
2026-05-16T12:25:01.562,0101c900000000000000000000000000000000000000000000000000000000000000000000000000000000000000000000000000000000000000000000000000,"1,0,0,0","1,201,0,0"
2026-05-16T12:25:01.562,0101ca00000000000000000000000000000000000000000000000000000000000000000000000000000000000000000000000000000000000000000000000000,"1,0,0,0","1,202,0,0"
2026-05-16T12:25:01.562,0101cb00000000000000000000000000000000000000000000000000000000000000000000000000000000000000000000000000000000000000000000000000,"1,0,0,0","1,203,0,0"
2026-05-16T12:25:01.562,0101cc00000000000000000000000000000000000000000000000000000000000000000000000000000000000000000000000000000000000000000000000000,"1,0,0,0","1,204,0,0"
2026-05-16T12:25:01.562,0101cd00000000000000000000000000000000000000000000000000000000000000000000000000000000000000000000000000000000000000000000000000,"1,0,0,0","1,205,0,0"
2026-05-16T12:25:01.562,0101ce00000000000000000000000000000000000000000000000000000000000000000000000000000000000000000000000000000000000000000000000000,"1,0,0,0","1,206,0,0"
2026-05-16T12:25:01.562,0101cf00000000000000000000000000000000000000000000000000000000000000000000000000000000000000000000000000000000000000000000000000,"1,0,0,0","1,207,0,0"
2026-05-16T12:25:01.562,0101d000000000000000000000000000000000000000000000000000000000000000000000000000000000000000000000000000000000000000000000000000,"1,0,0,0","1,208,0,0"
2026-05-16T12:25:01.562,0101d100000000000000000000000000000000000000000000000000000000000000000000000000000000000000000000000000000000000000000000000000,"1,0,0,0","1,209,0,0"
2026-05-16T12:25:01.562,0101d200000000000000000000000000000000000000000000000000000000000000000000000000000000000000000000000000000000000000000000000000,"1,0,0,0","1,210,0,0"
2026-05-16T12:25:01.562,0101d300000000000000000000000000000000000000000000000000000000000000000000000000000000000000000000000000000000000000000000000000,"1,0,0,0","1,211,0,0"
2026-05-16T12:25:01.562,0101d400000000000000000000000000000000000000000000000000000000000000000000000000000000000000000000000000000000000000000000000000,"1,0,0,0","1,212,0,0"
2026-05-16T12:25:01.562,0101d500000000000000000000000000000000000000000000000000000000000000000000000000000000000000000000000000000000000000000000000000,"1,0,0,0","1,213,0,0"
2026-05-16T12:25:01.562,0101d600000000000000000000000000000000000000000000000000000000000000000000000000000000000000000000000000000000000000000000000000,"1,0,0,0","1,214,0,0"
2026-05-16T12:25:01.562,0101d700000000000000000000000000000000000000000000000000000000000000000000000000000000000000000000000000000000000000000000000000,"1,0,0,0","1,215,0,0"
2026-05-16T12:25:01.562,0101d800000000000000000000000000000000000000000000000000000000000000000000000000000000000000000000000000000000000000000000000000,"1,0,0,0","1,216,0,0"
2026-05-16T12:25:01.562,0101d900000000000000000000000000000000000000000000000000000000000000000000000000000000000000000000000000000000000000000000000000,"1,0,0,0","1,217,0,0"
2026-05-16T12:25:01.562,0101da00000000000000000000000000000000000000000000000000000000000000000000000000000000000000000000000000000000000000000000000000,"1,0,0,0","1,218,0,0"
2026-05-16T12:25:01.562,0101db00000000000000000000000000000000000000000000000000000000000000000000000000000000000000000000000000000000000000000000000000,"1,0,0,0","1,219,0,0"
2026-05-16T12:25:01.562,0101dc00000000000000000000000000000000000000000000000000000000000000000000000000000000000000000000000000000000000000000000000000,"1,0,0,0","1,220,0,0"
2026-05-16T12:25:01.563,0101dd00000000000000000000000000000000000000000000000000000000000000000000000000000000000000000000000000000000000000000000000000,"1,0,0,0","1,221,0,0"
2026-05-16T12:25:01.563,0101de00000000000000000000000000000000000000000000000000000000000000000000000000000000000000000000000000000000000000000000000000,"1,0,0,0","1,222,0,0"
2026-05-16T12:25:01.563,0101df00000000000000000000000000000000000000000000000000000000000000000000000000000000000000000000000000000000000000000000000000,"1,0,0,0","1,223,0,0"
2026-05-16T12:25:01.563,0101e000000000000000000000000000000000000000000000000000000000000000000000000000000000000000000000000000000000000000000000000000,"1,0,0,0","1,224,0,0"
2026-05-16T12:25:01.563,0101e100000000000000000000000000000000000000000000000000000000000000000000000000000000000000000000000000000000000000000000000000,"1,0,0,0","1,225,0,0"
2026-05-16T12:25:01.563,0101e200000000000000000000000000000000000000000000000000000000000000000000000000000000000000000000000000000000000000000000000000,"1,0,0,0","1,226,0,0"
2026-05-16T12:25:01.563,0101e300000000000000000000000000000000000000000000000000000000000000000000000000000000000000000000000000000000000000000000000000,"1,0,0,0","1,227,0,0"
2026-05-16T12:25:01.563,0101e400000000000000000000000000000000000000000000000000000000000000000000000000000000000000000000000000000000000000000000000000,"1,0,0,0","1,228,0,0"
2026-05-16T12:25:01.563,0101e500000000000000000000000000000000000000000000000000000000000000000000000000000000000000000000000000000000000000000000000000,"1,0,0,0","1,229,0,0"
2026-05-16T12:25:01.563,0101e600000000000000000000000000000000000000000000000000000000000000000000000000000000000000000000000000000000000000000000000000,"1,0,0,0","1,230,0,0"
2026-05-16T12:25:01.563,0101e700000000000000000000000000000000000000000000000000000000000000000000000000000000000000000000000000000000000000000000000000,"1,0,0,0","1,231,0,0"
2026-05-16T12:25:01.563,0101e800000000000000000000000000000000000000000000000000000000000000000000000000000000000000000000000000000000000000000000000000,"1,0,0,0","1,232,0,0"
2026-05-16T12:25:01.563,0101e900000000000000000000000000000000000000000000000000000000000000000000000000000000000000000000000000000000000000000000000000,"1,0,0,0","1,233,0,0"
2026-05-16T12:25:01.563,0101ea00000000000000000000000000000000000000000000000000000000000000000000000000000000000000000000000000000000000000000000000000,"1,0,0,0","1,234,0,0"
2026-05-16T12:25:01.663,0101eb00000000000000000000000000000000000000000000000000000000000000000000000000000000000000000000000000000000000000000000000000,"1,0,0,0","1,235,0,0"
2026-05-16T12:25:01.663,0101ec00000000000000000000000000000000000000000000000000000000000000000000000000000000000000000000000000000000000000000000000000,"1,0,0,0","1,236,0,0"
2026-05-16T12:25:01.663,0101ed00000000000000000000000000000000000000000000000000000000000000000000000000000000000000000000000000000000000000000000000000,"1,0,0,0","1,237,0,0"
2026-05-16T12:25:01.663,0101ee00000000000000000000000000000000000000000000000000000000000000000000000000000000000000000000000000000000000000000000000000,"1,0,0,0","1,238,0,0"
2026-05-16T12:25:01.663,0101ef00000000000000000000000000000000000000000000000000000000000000000000000000000000000000000000000000000000000000000000000000,"1,0,0,0","1,239,0,0"
2026-05-16T12:25:01.663,0101f000000000000000000000000000000000000000000000000000000000000000000000000000000000000000000000000000000000000000000000000000,"1,0,0,0","1,240,0,0"
2026-05-16T12:25:01.663,0101f100000000000000000000000000000000000000000000000000000000000000000000000000000000000000000000000000000000000000000000000000,"1,0,0,0","1,241,0,0"
2026-05-16T12:25:01.663,0101f200000000000000000000000000000000000000000000000000000000000000000000000000000000000000000000000000000000000000000000000000,"1,0,0,0","1,242,0,0"
2026-05-16T12:25:01.663,0101f300000000000000000000000000000000000000000000000000000000000000000000000000000000000000000000000000000000000000000000000000,"1,0,0,0","1,243,0,0"
2026-05-16T12:25:01.663,0101f400000000000000000000000000000000000000000000000000000000000000000000000000000000000000000000000000000000000000000000000000,"1,0,0,0","1,244,0,0"
2026-05-16T12:25:01.663,0101f500000000000000000000000000000000000000000000000000000000000000000000000000000000000000000000000000000000000000000000000000,"1,0,0,0","1,245,0,0"
2026-05-16T12:25:01.663,0101f600000000000000000000000000000000000000000000000000000000000000000000000000000000000000000000000000000000000000000000000000,"1,0,0,0","1,246,0,0"
2026-05-16T12:25:01.663,0101f700000000000000000000000000000000000000000000000000000000000000000000000000000000000000000000000000000000000000000000000000,"1,0,0,0","1,247,0,0"
2026-05-16T12:25:01.663,0101f800000000000000000000000000000000000000000000000000000000000000000000000000000000000000000000000000000000000000000000000000,"1,0,0,0","1,248,0,0"
2026-05-16T12:25:01.664,0101f900000000000000000000000000000000000000000000000000000000000000000000000000000000000000000000000000000000000000000000000000,"1,0,0,0","1,249,0,0"
2026-05-16T12:25:01.664,0101fa00000000000000000000000000000000000000000000000000000000000000000000000000000000000000000000000000000000000000000000000000,"1,0,0,0","1,250,0,0"
2026-05-16T12:25:01.664,0101fb00000000000000000000000000000000000000000000000000000000000000000000000000000000000000000000000000000000000000000000000000,"1,0,0,0","1,251,0,0"
2026-05-16T12:25:01.664,0101fc00000000000000000000000000000000000000000000000000000000000000000000000000000000000000000000000000000000000000000000000000,"1,0,0,0","1,252,0,0"
2026-05-16T12:25:01.664,0101fd00000000000000000000000000000000000000000000000000000000000000000000000000000000000000000000000000000000000000000000000000,"1,0,0,0","1,253,0,0"
2026-05-16T12:25:01.664,0101fe00000000000000000000000000000000000000000000000000000000000000000000000000000000000000000000000000000000000000000000000000,"1,0,0,0","1,254,0,0"
2026-05-16T12:25:01.664,0101ff00000000000000000000000000000000000000000000000000000000000000000000000000000000000000000000000000000000000000000000000000,"1,0,0,0","1,255,0,0"
2026-05-16T12:25:10.183,0101fe00000000000000000000000000000000000000000000000000000000000000000000000000000000000000000000000000000000000000000000000000,"1,0,0,0","1,254,0,0"
2026-05-16T12:25:10.183,0101fd00000000000000000000000000000000000000000000000000000000000000000000000000000000000000000000000000000000000000000000000000,"1,0,0,0","1,253,0,0"
2026-05-16T12:25:10.184,0101fc00000000000000000000000000000000000000000000000000000000000000000000000000000000000000000000000000000000000000000000000000,"1,0,0,0","1,252,0,0"
2026-05-16T12:25:10.184,0101fb00000000000000000000000000000000000000000000000000000000000000000000000000000000000000000000000000000000000000000000000000,"1,0,0,0","1,251,0,0"
2026-05-16T12:25:10.184,0101fa00000000000000000000000000000000000000000000000000000000000000000000000000000000000000000000000000000000000000000000000000,"1,0,0,0","1,250,0,0"
2026-05-16T12:25:10.184,0101f900000000000000000000000000000000000000000000000000000000000000000000000000000000000000000000000000000000000000000000000000,"1,0,0,0","1,249,0,0"
2026-05-16T12:25:10.184,0101f800000000000000000000000000000000000000000000000000000000000000000000000000000000000000000000000000000000000000000000000000,"1,0,0,0","1,248,0,0"
2026-05-16T12:25:10.184,0101f700000000000000000000000000000000000000000000000000000000000000000000000000000000000000000000000000000000000000000000000000,"1,0,0,0","1,247,0,0"
2026-05-16T12:25:10.184,0101f600000000000000000000000000000000000000000000000000000000000000000000000000000000000000000000000000000000000000000000000000,"1,0,0,0","1,246,0,0"
2026-05-16T12:25:10.184,0101f500000000000000000000000000000000000000000000000000000000000000000000000000000000000000000000000000000000000000000000000000,"1,0,0,0","1,245,0,0"
2026-05-16T12:25:10.184,0101f400000000000000000000000000000000000000000000000000000000000000000000000000000000000000000000000000000000000000000000000000,"1,0,0,0","1,244,0,0"
2026-05-16T12:25:10.184,0101f300000000000000000000000000000000000000000000000000000000000000000000000000000000000000000000000000000000000000000000000000,"1,0,0,0","1,243,0,0"
2026-05-16T12:25:10.184,0101f200000000000000000000000000000000000000000000000000000000000000000000000000000000000000000000000000000000000000000000000000,"1,0,0,0","1,242,0,0"
2026-05-16T12:25:10.184,0101f100000000000000000000000000000000000000000000000000000000000000000000000000000000000000000000000000000000000000000000000000,"1,0,0,0","1,241,0,0"
2026-05-16T12:25:10.184,0101f000000000000000000000000000000000000000000000000000000000000000000000000000000000000000000000000000000000000000000000000000,"1,0,0,0","1,240,0,0"
2026-05-16T12:25:10.184,0101ef00000000000000000000000000000000000000000000000000000000000000000000000000000000000000000000000000000000000000000000000000,"1,0,0,0","1,239,0,0"
2026-05-16T12:25:10.184,0101ee00000000000000000000000000000000000000000000000000000000000000000000000000000000000000000000000000000000000000000000000000,"1,0,0,0","1,238,0,0"
2026-05-16T12:25:10.184,0101ed00000000000000000000000000000000000000000000000000000000000000000000000000000000000000000000000000000000000000000000000000,"1,0,0,0","1,237,0,0"
2026-05-16T12:25:10.184,0101ec00000000000000000000000000000000000000000000000000000000000000000000000000000000000000000000000000000000000000000000000000,"1,0,0,0","1,236,0,0"
2026-05-16T12:25:10.184,0101eb00000000000000000000000000000000000000000000000000000000000000000000000000000000000000000000000000000000000000000000000000,"1,0,0,0","1,235,0,0"
2026-05-16T12:25:10.184,0101ea00000000000000000000000000000000000000000000000000000000000000000000000000000000000000000000000000000000000000000000000000,"1,0,0,0","1,234,0,0"
2026-05-16T12:25:10.184,0101e900000000000000000000000000000000000000000000000000000000000000000000000000000000000000000000000000000000000000000000000000,"1,0,0,0","1,233,0,0"
2026-05-16T12:25:10.184,0101e800000000000000000000000000000000000000000000000000000000000000000000000000000000000000000000000000000000000000000000000000,"1,0,0,0","1,232,0,0"
2026-05-16T12:25:10.184,0101e700000000000000000000000000000000000000000000000000000000000000000000000000000000000000000000000000000000000000000000000000,"1,0,0,0","1,231,0,0"
2026-05-16T12:25:10.284,0101e600000000000000000000000000000000000000000000000000000000000000000000000000000000000000000000000000000000000000000000000000,"1,0,0,0","1,230,0,0"
2026-05-16T12:25:10.284,0101e500000000000000000000000000000000000000000000000000000000000000000000000000000000000000000000000000000000000000000000000000,"1,0,0,0","1,229,0,0"
2026-05-16T12:25:10.284,0101e400000000000000000000000000000000000000000000000000000000000000000000000000000000000000000000000000000000000000000000000000,"1,0,0,0","1,228,0,0"
2026-05-16T12:25:10.284,0101e300000000000000000000000000000000000000000000000000000000000000000000000000000000000000000000000000000000000000000000000000,"1,0,0,0","1,227,0,0"
2026-05-16T12:25:10.284,0101e200000000000000000000000000000000000000000000000000000000000000000000000000000000000000000000000000000000000000000000000000,"1,0,0,0","1,226,0,0"
2026-05-16T12:25:10.284,0101e100000000000000000000000000000000000000000000000000000000000000000000000000000000000000000000000000000000000000000000000000,"1,0,0,0","1,225,0,0"
2026-05-16T12:25:10.284,0101e000000000000000000000000000000000000000000000000000000000000000000000000000000000000000000000000000000000000000000000000000,"1,0,0,0","1,224,0,0"
2026-05-16T12:25:10.284,0101df00000000000000000000000000000000000000000000000000000000000000000000000000000000000000000000000000000000000000000000000000,"1,0,0,0","1,223,0,0"
2026-05-16T12:25:10.284,0101de00000000000000000000000000000000000000000000000000000000000000000000000000000000000000000000000000000000000000000000000000,"1,0,0,0","1,222,0,0"
2026-05-16T12:25:10.284,0101dd00000000000000000000000000000000000000000000000000000000000000000000000000000000000000000000000000000000000000000000000000,"1,0,0,0","1,221,0,0"
2026-05-16T12:25:10.284,0101dc00000000000000000000000000000000000000000000000000000000000000000000000000000000000000000000000000000000000000000000000000,"1,0,0,0","1,220,0,0"
2026-05-16T12:25:10.284,0101db00000000000000000000000000000000000000000000000000000000000000000000000000000000000000000000000000000000000000000000000000,"1,0,0,0","1,219,0,0"
2026-05-16T12:25:10.284,0101da00000000000000000000000000000000000000000000000000000000000000000000000000000000000000000000000000000000000000000000000000,"1,0,0,0","1,218,0,0"
2026-05-16T12:25:10.284,0101d900000000000000000000000000000000000000000000000000000000000000000000000000000000000000000000000000000000000000000000000000,"1,0,0,0","1,217,0,0"
2026-05-16T12:25:10.284,0101d800000000000000000000000000000000000000000000000000000000000000000000000000000000000000000000000000000000000000000000000000,"1,0,0,0","1,216,0,0"
2026-05-16T12:25:10.285,0101d700000000000000000000000000000000000000000000000000000000000000000000000000000000000000000000000000000000000000000000000000,"1,0,0,0","1,215,0,0"
2026-05-16T12:25:10.285,0101d600000000000000000000000000000000000000000000000000000000000000000000000000000000000000000000000000000000000000000000000000,"1,0,0,0","1,214,0,0"
2026-05-16T12:25:10.285,0101d500000000000000000000000000000000000000000000000000000000000000000000000000000000000000000000000000000000000000000000000000,"1,0,0,0","1,213,0,0"
2026-05-16T12:25:10.285,0101d400000000000000000000000000000000000000000000000000000000000000000000000000000000000000000000000000000000000000000000000000,"1,0,0,0","1,212,0,0"
2026-05-16T12:25:10.285,0101d300000000000000000000000000000000000000000000000000000000000000000000000000000000000000000000000000000000000000000000000000,"1,0,0,0","1,211,0,0"
2026-05-16T12:25:10.285,0101d200000000000000000000000000000000000000000000000000000000000000000000000000000000000000000000000000000000000000000000000000,"1,0,0,0","1,210,0,0"
2026-05-16T12:25:10.285,0101d100000000000000000000000000000000000000000000000000000000000000000000000000000000000000000000000000000000000000000000000000,"1,0,0,0","1,209,0,0"
2026-05-16T12:25:10.285,0101d000000000000000000000000000000000000000000000000000000000000000000000000000000000000000000000000000000000000000000000000000,"1,0,0,0","1,208,0,0"
2026-05-16T12:25:10.285,0101cf00000000000000000000000000000000000000000000000000000000000000000000000000000000000000000000000000000000000000000000000000,"1,0,0,0","1,207,0,0"
2026-05-16T12:25:10.285,0101ce00000000000000000000000000000000000000000000000000000000000000000000000000000000000000000000000000000000000000000000000000,"1,0,0,0","1,206,0,0"
2026-05-16T12:25:10.285,0101cd00000000000000000000000000000000000000000000000000000000000000000000000000000000000000000000000000000000000000000000000000,"1,0,0,0","1,205,0,0"
2026-05-16T12:25:10.285,0101cc00000000000000000000000000000000000000000000000000000000000000000000000000000000000000000000000000000000000000000000000000,"1,0,0,0","1,204,0,0"
2026-05-16T12:25:10.285,0101cb00000000000000000000000000000000000000000000000000000000000000000000000000000000000000000000000000000000000000000000000000,"1,0,0,0","1,203,0,0"
2026-05-16T12:25:10.285,0101ca00000000000000000000000000000000000000000000000000000000000000000000000000000000000000000000000000000000000000000000000000,"1,0,0,0","1,202,0,0"
2026-05-16T12:25:10.285,0101c900000000000000000000000000000000000000000000000000000000000000000000000000000000000000000000000000000000000000000000000000,"1,0,0,0","1,201,0,0"
2026-05-16T12:25:10.285,0101c800000000000000000000000000000000000000000000000000000000000000000000000000000000000000000000000000000000000000000000000000,"1,0,0,0","1,200,0,0"
2026-05-16T12:25:10.285,0101c700000000000000000000000000000000000000000000000000000000000000000000000000000000000000000000000000000000000000000000000000,"1,0,0,0","1,199,0,0"
2026-05-16T12:25:10.285,0101c600000000000000000000000000000000000000000000000000000000000000000000000000000000000000000000000000000000000000000000000000,"1,0,0,0","1,198,0,0"
2026-05-16T12:25:10.285,0101c500000000000000000000000000000000000000000000000000000000000000000000000000000000000000000000000000000000000000000000000000,"1,0,0,0","1,197,0,0"
2026-05-16T12:25:10.285,0101c400000000000000000000000000000000000000000000000000000000000000000000000000000000000000000000000000000000000000000000000000,"1,0,0,0","1,196,0,0"
2026-05-16T12:25:10.285,0101c300000000000000000000000000000000000000000000000000000000000000000000000000000000000000000000000000000000000000000000000000,"1,0,0,0","1,195,0,0"
2026-05-16T12:25:10.285,0101c200000000000000000000000000000000000000000000000000000000000000000000000000000000000000000000000000000000000000000000000000,"1,0,0,0","1,194,0,0"
2026-05-16T12:25:10.285,0101c100000000000000000000000000000000000000000000000000000000000000000000000000000000000000000000000000000000000000000000000000,"1,0,0,0","1,193,0,0"
2026-05-16T12:25:10.285,0101c000000000000000000000000000000000000000000000000000000000000000000000000000000000000000000000000000000000000000000000000000,"1,0,0,0","1,192,0,0"
2026-05-16T12:25:10.285,0101bf00000000000000000000000000000000000000000000000000000000000000000000000000000000000000000000000000000000000000000000000000,"1,0,0,0","1,191,0,0"
2026-05-16T12:25:10.285,0101be00000000000000000000000000000000000000000000000000000000000000000000000000000000000000000000000000000000000000000000000000,"1,0,0,0","1,190,0,0"
2026-05-16T12:25:10.285,0101bd00000000000000000000000000000000000000000000000000000000000000000000000000000000000000000000000000000000000000000000000000,"1,0,0,0","1,189,0,0"
2026-05-16T12:25:10.385,0101bc00000000000000000000000000000000000000000000000000000000000000000000000000000000000000000000000000000000000000000000000000,"1,0,0,0","1,188,0,0"
2026-05-16T12:25:10.385,0101bb00000000000000000000000000000000000000000000000000000000000000000000000000000000000000000000000000000000000000000000000000,"1,0,0,0","1,187,0,0"
2026-05-16T12:25:10.385,0101ba00000000000000000000000000000000000000000000000000000000000000000000000000000000000000000000000000000000000000000000000000,"1,0,0,0","1,186,0,0"
2026-05-16T12:25:10.385,0101b900000000000000000000000000000000000000000000000000000000000000000000000000000000000000000000000000000000000000000000000000,"1,0,0,0","1,185,0,0"
2026-05-16T12:25:10.385,0101b800000000000000000000000000000000000000000000000000000000000000000000000000000000000000000000000000000000000000000000000000,"1,0,0,0","1,184,0,0"
2026-05-16T12:25:10.385,0101b600000000000000000000000000000000000000000000000000000000000000000000000000000000000000000000000000000000000000000000000000,"1,0,0,0","1,182,0,0"
2026-05-16T12:25:10.385,0101b500000000000000000000000000000000000000000000000000000000000000000000000000000000000000000000000000000000000000000000000000,"1,0,0,0","1,181,0,0"
2026-05-16T12:25:10.385,0101b400000000000000000000000000000000000000000000000000000000000000000000000000000000000000000000000000000000000000000000000000,"1,0,0,0","1,180,0,0"
2026-05-16T12:25:10.385,0101b300000000000000000000000000000000000000000000000000000000000000000000000000000000000000000000000000000000000000000000000000,"1,0,0,0","1,179,0,0"
2026-05-16T12:25:10.385,0101b200000000000000000000000000000000000000000000000000000000000000000000000000000000000000000000000000000000000000000000000000,"1,0,0,0","1,178,0,0"
2026-05-16T12:25:10.385,0101b100000000000000000000000000000000000000000000000000000000000000000000000000000000000000000000000000000000000000000000000000,"1,0,0,0","1,177,0,0"
2026-05-16T12:25:10.385,0101b000000000000000000000000000000000000000000000000000000000000000000000000000000000000000000000000000000000000000000000000000,"1,0,0,0","1,176,0,0"
2026-05-16T12:25:10.385,0101af00000000000000000000000000000000000000000000000000000000000000000000000000000000000000000000000000000000000000000000000000,"1,0,0,0","1,175,0,0"
2026-05-16T12:25:10.385,0101ae00000000000000000000000000000000000000000000000000000000000000000000000000000000000000000000000000000000000000000000000000,"1,0,0,0","1,174,0,0"
2026-05-16T12:25:10.386,0101ad00000000000000000000000000000000000000000000000000000000000000000000000000000000000000000000000000000000000000000000000000,"1,0,0,0","1,173,0,0"
2026-05-16T12:25:10.386,0101ac00000000000000000000000000000000000000000000000000000000000000000000000000000000000000000000000000000000000000000000000000,"1,0,0,0","1,172,0,0"
2026-05-16T12:25:10.386,0101ab00000000000000000000000000000000000000000000000000000000000000000000000000000000000000000000000000000000000000000000000000,"1,0,0,0","1,171,0,0"
2026-05-16T12:25:10.386,0101aa00000000000000000000000000000000000000000000000000000000000000000000000000000000000000000000000000000000000000000000000000,"1,0,0,0","1,170,0,0"
2026-05-16T12:25:10.386,0101a900000000000000000000000000000000000000000000000000000000000000000000000000000000000000000000000000000000000000000000000000,"1,0,0,0","1,169,0,0"
2026-05-16T12:25:10.386,0101a800000000000000000000000000000000000000000000000000000000000000000000000000000000000000000000000000000000000000000000000000,"1,0,0,0","1,168,0,0"
2026-05-16T12:25:10.386,0101a700000000000000000000000000000000000000000000000000000000000000000000000000000000000000000000000000000000000000000000000000,"1,0,0,0","1,167,0,0"
2026-05-16T12:25:10.386,0101a600000000000000000000000000000000000000000000000000000000000000000000000000000000000000000000000000000000000000000000000000,"1,0,0,0","1,166,0,0"
2026-05-16T12:25:10.386,0101a500000000000000000000000000000000000000000000000000000000000000000000000000000000000000000000000000000000000000000000000000,"1,0,0,0","1,165,0,0"
2026-05-16T12:25:10.386,0101a400000000000000000000000000000000000000000000000000000000000000000000000000000000000000000000000000000000000000000000000000,"1,0,0,0","1,164,0,0"
2026-05-16T12:25:10.386,0101a300000000000000000000000000000000000000000000000000000000000000000000000000000000000000000000000000000000000000000000000000,"1,0,0,0","1,163,0,0"
2026-05-16T12:25:10.386,0101a200000000000000000000000000000000000000000000000000000000000000000000000000000000000000000000000000000000000000000000000000,"1,0,0,0","1,162,0,0"
2026-05-16T12:25:10.486,0101a100000000000000000000000000000000000000000000000000000000000000000000000000000000000000000000000000000000000000000000000000,"1,0,0,0","1,161,0,0"
2026-05-16T12:25:10.486,0101a000000000000000000000000000000000000000000000000000000000000000000000000000000000000000000000000000000000000000000000000000,"1,0,0,0","1,160,0,0"
2026-05-16T12:25:10.486,01019f00000000000000000000000000000000000000000000000000000000000000000000000000000000000000000000000000000000000000000000000000,"1,0,0,0","1,159,0,0"
2026-05-16T12:25:10.486,01019e00000000000000000000000000000000000000000000000000000000000000000000000000000000000000000000000000000000000000000000000000,"1,0,0,0","1,158,0,0"
2026-05-16T12:25:10.486,01019d00000000000000000000000000000000000000000000000000000000000000000000000000000000000000000000000000000000000000000000000000,"1,0,0,0","1,157,0,0"
2026-05-16T12:25:10.987,01019c00000000000000000000000000000000000000000000000000000000000000000000000000000000000000000000000000000000000000000000000000,"1,0,0,0","1,156,0,0"
2026-05-16T12:25:10.987,01019b00000000000000000000000000000000000000000000000000000000000000000000000000000000000000000000000000000000000000000000000000,"1,0,0,0","1,155,0,0"
2026-05-16T12:25:10.987,01019a00000000000000000000000000000000000000000000000000000000000000000000000000000000000000000000000000000000000000000000000000,"1,0,0,0","1,154,0,0"
2026-05-16T12:25:10.987,01019900000000000000000000000000000000000000000000000000000000000000000000000000000000000000000000000000000000000000000000000000,"1,0,0,0","1,153,0,0"
2026-05-16T12:25:10.987,01019800000000000000000000000000000000000000000000000000000000000000000000000000000000000000000000000000000000000000000000000000,"1,0,0,0","1,152,0,0"
2026-05-16T12:25:10.987,01019700000000000000000000000000000000000000000000000000000000000000000000000000000000000000000000000000000000000000000000000000,"1,0,0,0","1,151,0,0"
2026-05-16T12:25:10.987,01019600000000000000000000000000000000000000000000000000000000000000000000000000000000000000000000000000000000000000000000000000,"1,0,0,0","1,150,0,0"
2026-05-16T12:25:10.987,01019500000000000000000000000000000000000000000000000000000000000000000000000000000000000000000000000000000000000000000000000000,"1,0,0,0","1,149,0,0"
2026-05-16T12:25:10.987,01019400000000000000000000000000000000000000000000000000000000000000000000000000000000000000000000000000000000000000000000000000,"1,0,0,0","1,148,0,0"
2026-05-16T12:25:10.987,01019300000000000000000000000000000000000000000000000000000000000000000000000000000000000000000000000000000000000000000000000000,"1,0,0,0","1,147,0,0"
2026-05-16T12:25:10.987,01019200000000000000000000000000000000000000000000000000000000000000000000000000000000000000000000000000000000000000000000000000,"1,0,0,0","1,146,0,0"
2026-05-16T12:25:10.987,01019100000000000000000000000000000000000000000000000000000000000000000000000000000000000000000000000000000000000000000000000000,"1,0,0,0","1,145,0,0"
2026-05-16T12:25:10.987,01019000000000000000000000000000000000000000000000000000000000000000000000000000000000000000000000000000000000000000000000000000,"1,0,0,0","1,144,0,0"
2026-05-16T12:25:10.987,01018f00000000000000000000000000000000000000000000000000000000000000000000000000000000000000000000000000000000000000000000000000,"1,0,0,0","1,143,0,0"
2026-05-16T12:25:10.987,01018e00000000000000000000000000000000000000000000000000000000000000000000000000000000000000000000000000000000000000000000000000,"1,0,0,0","1,142,0,0"
2026-05-16T12:25:10.987,01018d00000000000000000000000000000000000000000000000000000000000000000000000000000000000000000000000000000000000000000000000000,"1,0,0,0","1,141,0,0"
2026-05-16T12:25:10.987,01018c00000000000000000000000000000000000000000000000000000000000000000000000000000000000000000000000000000000000000000000000000,"1,0,0,0","1,140,0,0"
2026-05-16T12:25:10.987,01018b00000000000000000000000000000000000000000000000000000000000000000000000000000000000000000000000000000000000000000000000000,"1,0,0,0","1,139,0,0"
2026-05-16T12:25:10.987,01018a00000000000000000000000000000000000000000000000000000000000000000000000000000000000000000000000000000000000000000000000000,"1,0,0,0","1,138,0,0"
2026-05-16T12:25:10.987,01018900000000000000000000000000000000000000000000000000000000000000000000000000000000000000000000000000000000000000000000000000,"1,0,0,0","1,137,0,0"
2026-05-16T12:25:10.987,01018800000000000000000000000000000000000000000000000000000000000000000000000000000000000000000000000000000000000000000000000000,"1,0,0,0","1,136,0,0"
2026-05-16T12:25:10.987,01018700000000000000000000000000000000000000000000000000000000000000000000000000000000000000000000000000000000000000000000000000,"1,0,0,0","1,135,0,0"
2026-05-16T12:25:10.987,01018600000000000000000000000000000000000000000000000000000000000000000000000000000000000000000000000000000000000000000000000000,"1,0,0,0","1,134,0,0"
2026-05-16T12:25:10.987,01018500000000000000000000000000000000000000000000000000000000000000000000000000000000000000000000000000000000000000000000000000,"1,0,0,0","1,133,0,0"
2026-05-16T12:25:10.987,01018400000000000000000000000000000000000000000000000000000000000000000000000000000000000000000000000000000000000000000000000000,"1,0,0,0","1,132,0,0"
2026-05-16T12:25:10.987,01018300000000000000000000000000000000000000000000000000000000000000000000000000000000000000000000000000000000000000000000000000,"1,0,0,0","1,131,0,0"
2026-05-16T12:25:10.987,01018200000000000000000000000000000000000000000000000000000000000000000000000000000000000000000000000000000000000000000000000000,"1,0,0,0","1,130,0,0"
2026-05-16T12:25:10.987,01018100000000000000000000000000000000000000000000000000000000000000000000000000000000000000000000000000000000000000000000000000,"1,0,0,0","1,129,0,0"
2026-05-16T12:25:10.987,01018000000000000000000000000000000000000000000000000000000000000000000000000000000000000000000000000000000000000000000000000000,"1,0,0,0","1,128,0,0"
2026-05-16T12:25:10.987,01017f00000000000000000000000000000000000000000000000000000000000000000000000000000000000000000000000000000000000000000000000000,"1,0,0,0","1,127,0,0"
2026-05-16T12:25:10.987,01017e00000000000000000000000000000000000000000000000000000000000000000000000000000000000000000000000000000000000000000000000000,"1,0,0,0","1,126,0,0"
2026-05-16T12:25:10.987,01017d00000000000000000000000000000000000000000000000000000000000000000000000000000000000000000000000000000000000000000000000000,"1,0,0,0","1,125,0,0"
2026-05-16T12:25:10.988,01017c00000000000000000000000000000000000000000000000000000000000000000000000000000000000000000000000000000000000000000000000000,"1,0,0,0","1,124,0,0"
2026-05-16T12:25:10.988,01017b00000000000000000000000000000000000000000000000000000000000000000000000000000000000000000000000000000000000000000000000000,"1,0,0,0","1,123,0,0"
2026-05-16T12:25:10.988,01017a00000000000000000000000000000000000000000000000000000000000000000000000000000000000000000000000000000000000000000000000000,"1,0,0,0","1,122,0,0"
2026-05-16T12:25:10.988,01017900000000000000000000000000000000000000000000000000000000000000000000000000000000000000000000000000000000000000000000000000,"1,0,0,0","1,121,0,0"
2026-05-16T12:25:10.988,01017800000000000000000000000000000000000000000000000000000000000000000000000000000000000000000000000000000000000000000000000000,"1,0,0,0","1,120,0,0"
2026-05-16T12:25:10.988,01017700000000000000000000000000000000000000000000000000000000000000000000000000000000000000000000000000000000000000000000000000,"1,0,0,0","1,119,0,0"
2026-05-16T12:25:10.988,01017600000000000000000000000000000000000000000000000000000000000000000000000000000000000000000000000000000000000000000000000000,"1,0,0,0","1,118,0,0"
2026-05-16T12:25:11.088,01017500000000000000000000000000000000000000000000000000000000000000000000000000000000000000000000000000000000000000000000000000,"1,0,0,0","1,117,0,0"
2026-05-16T12:25:11.088,01017400000000000000000000000000000000000000000000000000000000000000000000000000000000000000000000000000000000000000000000000000,"1,0,0,0","1,116,0,0"
2026-05-16T12:25:11.088,01017300000000000000000000000000000000000000000000000000000000000000000000000000000000000000000000000000000000000000000000000000,"1,0,0,0","1,115,0,0"
2026-05-16T12:25:11.088,01017200000000000000000000000000000000000000000000000000000000000000000000000000000000000000000000000000000000000000000000000000,"1,0,0,0","1,114,0,0"
2026-05-16T12:25:11.088,01017100000000000000000000000000000000000000000000000000000000000000000000000000000000000000000000000000000000000000000000000000,"1,0,0,0","1,113,0,0"
2026-05-16T12:25:11.088,01017000000000000000000000000000000000000000000000000000000000000000000000000000000000000000000000000000000000000000000000000000,"1,0,0,0","1,112,0,0"
2026-05-16T12:25:11.088,01016f00000000000000000000000000000000000000000000000000000000000000000000000000000000000000000000000000000000000000000000000000,"1,0,0,0","1,111,0,0"
2026-05-16T12:25:11.088,01016e00000000000000000000000000000000000000000000000000000000000000000000000000000000000000000000000000000000000000000000000000,"1,0,0,0","1,110,0,0"
2026-05-16T12:25:11.088,01016d00000000000000000000000000000000000000000000000000000000000000000000000000000000000000000000000000000000000000000000000000,"1,0,0,0","1,109,0,0"
2026-05-16T12:25:11.088,01016c00000000000000000000000000000000000000000000000000000000000000000000000000000000000000000000000000000000000000000000000000,"1,0,0,0","1,108,0,0"
2026-05-16T12:25:11.088,01016b00000000000000000000000000000000000000000000000000000000000000000000000000000000000000000000000000000000000000000000000000,"1,0,0,0","1,107,0,0"
2026-05-16T12:25:11.088,01016a00000000000000000000000000000000000000000000000000000000000000000000000000000000000000000000000000000000000000000000000000,"1,0,0,0","1,106,0,0"
2026-05-16T12:25:11.088,01016900000000000000000000000000000000000000000000000000000000000000000000000000000000000000000000000000000000000000000000000000,"1,0,0,0","1,105,0,0"
2026-05-16T12:25:11.088,01016800000000000000000000000000000000000000000000000000000000000000000000000000000000000000000000000000000000000000000000000000,"1,0,0,0","1,104,0,0"
2026-05-16T12:25:11.088,01016700000000000000000000000000000000000000000000000000000000000000000000000000000000000000000000000000000000000000000000000000,"1,0,0,0","1,103,0,0"
2026-05-16T12:25:11.088,01016600000000000000000000000000000000000000000000000000000000000000000000000000000000000000000000000000000000000000000000000000,"1,0,0,0","1,102,0,0"
2026-05-16T12:25:11.088,01016500000000000000000000000000000000000000000000000000000000000000000000000000000000000000000000000000000000000000000000000000,"1,0,0,0","1,101,0,0"
2026-05-16T12:25:11.088,01016400000000000000000000000000000000000000000000000000000000000000000000000000000000000000000000000000000000000000000000000000,"1,0,0,0","1,100,0,0"
2026-05-16T12:25:11.089,01016300000000000000000000000000000000000000000000000000000000000000000000000000000000000000000000000000000000000000000000000000,"1,0,0,0","1,99,0,0"
2026-05-16T12:25:11.089,01016200000000000000000000000000000000000000000000000000000000000000000000000000000000000000000000000000000000000000000000000000,"1,0,0,0","1,98,0,0"
2026-05-16T12:25:11.089,01016100000000000000000000000000000000000000000000000000000000000000000000000000000000000000000000000000000000000000000000000000,"1,0,0,0","1,97,0,0"
2026-05-16T12:25:11.089,01016000000000000000000000000000000000000000000000000000000000000000000000000000000000000000000000000000000000000000000000000000,"1,0,0,0","1,96,0,0"
2026-05-16T12:25:11.089,01015f00000000000000000000000000000000000000000000000000000000000000000000000000000000000000000000000000000000000000000000000000,"1,0,0,0","1,95,0,0"
2026-05-16T12:25:11.089,01015e00000000000000000000000000000000000000000000000000000000000000000000000000000000000000000000000000000000000000000000000000,"1,0,0,0","1,94,0,0"
2026-05-16T12:25:11.089,01015d00000000000000000000000000000000000000000000000000000000000000000000000000000000000000000000000000000000000000000000000000,"1,0,0,0","1,93,0,0"
2026-05-16T12:25:11.089,01015c00000000000000000000000000000000000000000000000000000000000000000000000000000000000000000000000000000000000000000000000000,"1,0,0,0","1,92,0,0"
2026-05-16T12:25:11.089,01015b00000000000000000000000000000000000000000000000000000000000000000000000000000000000000000000000000000000000000000000000000,"1,0,0,0","1,91,0,0"
2026-05-16T12:25:11.089,01015a00000000000000000000000000000000000000000000000000000000000000000000000000000000000000000000000000000000000000000000000000,"1,0,0,0","1,90,0,0"
2026-05-16T12:25:11.089,01015900000000000000000000000000000000000000000000000000000000000000000000000000000000000000000000000000000000000000000000000000,"1,0,0,0","1,89,0,0"
2026-05-16T12:25:11.089,01015800000000000000000000000000000000000000000000000000000000000000000000000000000000000000000000000000000000000000000000000000,"1,0,0,0","1,88,0,0"
2026-05-16T12:25:11.089,01015700000000000000000000000000000000000000000000000000000000000000000000000000000000000000000000000000000000000000000000000000,"1,0,0,0","1,87,0,0"
2026-05-16T12:25:11.089,01015600000000000000000000000000000000000000000000000000000000000000000000000000000000000000000000000000000000000000000000000000,"1,0,0,0","1,86,0,0"
2026-05-16T12:25:11.089,01015500000000000000000000000000000000000000000000000000000000000000000000000000000000000000000000000000000000000000000000000000,"1,0,0,0","1,85,0,0"
2026-05-16T12:25:11.089,01015400000000000000000000000000000000000000000000000000000000000000000000000000000000000000000000000000000000000000000000000000,"1,0,0,0","1,84,0,0"
2026-05-16T12:25:11.089,01015300000000000000000000000000000000000000000000000000000000000000000000000000000000000000000000000000000000000000000000000000,"1,0,0,0","1,83,0,0"
2026-05-16T12:25:11.089,01015200000000000000000000000000000000000000000000000000000000000000000000000000000000000000000000000000000000000000000000000000,"1,0,0,0","1,82,0,0"
2026-05-16T12:25:11.089,01015100000000000000000000000000000000000000000000000000000000000000000000000000000000000000000000000000000000000000000000000000,"1,0,0,0","1,81,0,0"
2026-05-16T12:25:11.089,01015000000000000000000000000000000000000000000000000000000000000000000000000000000000000000000000000000000000000000000000000000,"1,0,0,0","1,80,0,0"
2026-05-16T12:25:11.089,01014f00000000000000000000000000000000000000000000000000000000000000000000000000000000000000000000000000000000000000000000000000,"1,0,0,0","1,79,0,0"
2026-05-16T12:25:11.089,01014e00000000000000000000000000000000000000000000000000000000000000000000000000000000000000000000000000000000000000000000000000,"1,0,0,0","1,78,0,0"
2026-05-16T12:25:11.190,01014d00000000000000000000000000000000000000000000000000000000000000000000000000000000000000000000000000000000000000000000000000,"1,0,0,0","1,77,0,0"
2026-05-16T12:25:11.191,01014c00000000000000000000000000000000000000000000000000000000000000000000000000000000000000000000000000000000000000000000000000,"1,0,0,0","1,76,0,0"
2026-05-16T12:25:11.191,01014b00000000000000000000000000000000000000000000000000000000000000000000000000000000000000000000000000000000000000000000000000,"1,0,0,0","1,75,0,0"
2026-05-16T12:25:11.191,01014a00000000000000000000000000000000000000000000000000000000000000000000000000000000000000000000000000000000000000000000000000,"1,0,0,0","1,74,0,0"
2026-05-16T12:25:11.191,01014900000000000000000000000000000000000000000000000000000000000000000000000000000000000000000000000000000000000000000000000000,"1,0,0,0","1,73,0,0"
2026-05-16T12:25:11.191,01014800000000000000000000000000000000000000000000000000000000000000000000000000000000000000000000000000000000000000000000000000,"1,0,0,0","1,72,0,0"
2026-05-16T12:25:11.191,01014700000000000000000000000000000000000000000000000000000000000000000000000000000000000000000000000000000000000000000000000000,"1,0,0,0","1,71,0,0"
2026-05-16T12:25:11.191,01014600000000000000000000000000000000000000000000000000000000000000000000000000000000000000000000000000000000000000000000000000,"1,0,0,0","1,70,0,0"
2026-05-16T12:25:11.191,01014500000000000000000000000000000000000000000000000000000000000000000000000000000000000000000000000000000000000000000000000000,"1,0,0,0","1,69,0,0"
2026-05-16T12:25:11.191,01014400000000000000000000000000000000000000000000000000000000000000000000000000000000000000000000000000000000000000000000000000,"1,0,0,0","1,68,0,0"
2026-05-16T12:25:11.191,01014300000000000000000000000000000000000000000000000000000000000000000000000000000000000000000000000000000000000000000000000000,"1,0,0,0","1,67,0,0"
2026-05-16T12:25:11.191,01014200000000000000000000000000000000000000000000000000000000000000000000000000000000000000000000000000000000000000000000000000,"1,0,0,0","1,66,0,0"
2026-05-16T12:25:11.191,01014100000000000000000000000000000000000000000000000000000000000000000000000000000000000000000000000000000000000000000000000000,"1,0,0,0","1,65,0,0"
2026-05-16T12:25:11.191,01014000000000000000000000000000000000000000000000000000000000000000000000000000000000000000000000000000000000000000000000000000,"1,0,0,0","1,64,0,0"
2026-05-16T12:25:11.192,01013f00000000000000000000000000000000000000000000000000000000000000000000000000000000000000000000000000000000000000000000000000,"1,0,0,0","1,63,0,0"
2026-05-16T12:25:11.192,01013e00000000000000000000000000000000000000000000000000000000000000000000000000000000000000000000000000000000000000000000000000,"1,0,0,0","1,62,0,0"
2026-05-16T12:25:11.192,01013d00000000000000000000000000000000000000000000000000000000000000000000000000000000000000000000000000000000000000000000000000,"1,0,0,0","1,61,0,0"
2026-05-16T12:25:11.192,01013c00000000000000000000000000000000000000000000000000000000000000000000000000000000000000000000000000000000000000000000000000,"1,0,0,0","1,60,0,0"
2026-05-16T12:25:11.192,01013b00000000000000000000000000000000000000000000000000000000000000000000000000000000000000000000000000000000000000000000000000,"1,0,0,0","1,59,0,0"
2026-05-16T12:25:11.192,01013a00000000000000000000000000000000000000000000000000000000000000000000000000000000000000000000000000000000000000000000000000,"1,0,0,0","1,58,0,0"
2026-05-16T12:25:11.192,01013900000000000000000000000000000000000000000000000000000000000000000000000000000000000000000000000000000000000000000000000000,"1,0,0,0","1,57,0,0"
2026-05-16T12:25:11.192,01013800000000000000000000000000000000000000000000000000000000000000000000000000000000000000000000000000000000000000000000000000,"1,0,0,0","1,56,0,0"
2026-05-16T12:25:11.192,01013700000000000000000000000000000000000000000000000000000000000000000000000000000000000000000000000000000000000000000000000000,"1,0,0,0","1,55,0,0"
2026-05-16T12:25:11.192,01013600000000000000000000000000000000000000000000000000000000000000000000000000000000000000000000000000000000000000000000000000,"1,0,0,0","1,54,0,0"
2026-05-16T12:25:11.192,01013500000000000000000000000000000000000000000000000000000000000000000000000000000000000000000000000000000000000000000000000000,"1,0,0,0","1,53,0,0"
2026-05-16T12:25:11.192,01013400000000000000000000000000000000000000000000000000000000000000000000000000000000000000000000000000000000000000000000000000,"1,0,0,0","1,52,0,0"
2026-05-16T12:25:11.192,01013300000000000000000000000000000000000000000000000000000000000000000000000000000000000000000000000000000000000000000000000000,"1,0,0,0","1,51,0,0"
2026-05-16T12:25:11.192,01013200000000000000000000000000000000000000000000000000000000000000000000000000000000000000000000000000000000000000000000000000,"1,0,0,0","1,50,0,0"
2026-05-16T12:25:11.192,01013100000000000000000000000000000000000000000000000000000000000000000000000000000000000000000000000000000000000000000000000000,"1,0,0,0","1,49,0,0"
2026-05-16T12:25:11.192,01013000000000000000000000000000000000000000000000000000000000000000000000000000000000000000000000000000000000000000000000000000,"1,0,0,0","1,48,0,0"
2026-05-16T12:25:11.192,01012f00000000000000000000000000000000000000000000000000000000000000000000000000000000000000000000000000000000000000000000000000,"1,0,0,0","1,47,0,0"
2026-05-16T12:25:11.192,01012e00000000000000000000000000000000000000000000000000000000000000000000000000000000000000000000000000000000000000000000000000,"1,0,0,0","1,46,0,0"
2026-05-16T12:25:11.192,01012d00000000000000000000000000000000000000000000000000000000000000000000000000000000000000000000000000000000000000000000000000,"1,0,0,0","1,45,0,0"
2026-05-16T12:25:11.192,01012c00000000000000000000000000000000000000000000000000000000000000000000000000000000000000000000000000000000000000000000000000,"1,0,0,0","1,44,0,0"
2026-05-16T12:25:11.292,01012b00000000000000000000000000000000000000000000000000000000000000000000000000000000000000000000000000000000000000000000000000,"1,0,0,0","1,43,0,0"
2026-05-16T12:25:11.292,01012a00000000000000000000000000000000000000000000000000000000000000000000000000000000000000000000000000000000000000000000000000,"1,0,0,0","1,42,0,0"
2026-05-16T12:25:11.292,01012900000000000000000000000000000000000000000000000000000000000000000000000000000000000000000000000000000000000000000000000000,"1,0,0,0","1,41,0,0"
2026-05-16T12:25:11.292,01012800000000000000000000000000000000000000000000000000000000000000000000000000000000000000000000000000000000000000000000000000,"1,0,0,0","1,40,0,0"
2026-05-16T12:25:11.292,01012700000000000000000000000000000000000000000000000000000000000000000000000000000000000000000000000000000000000000000000000000,"1,0,0,0","1,39,0,0"
2026-05-16T12:25:11.292,01012600000000000000000000000000000000000000000000000000000000000000000000000000000000000000000000000000000000000000000000000000,"1,0,0,0","1,38,0,0"
2026-05-16T12:25:11.292,01012500000000000000000000000000000000000000000000000000000000000000000000000000000000000000000000000000000000000000000000000000,"1,0,0,0","1,37,0,0"
2026-05-16T12:25:11.292,01012400000000000000000000000000000000000000000000000000000000000000000000000000000000000000000000000000000000000000000000000000,"1,0,0,0","1,36,0,0"
2026-05-16T12:25:11.292,01012300000000000000000000000000000000000000000000000000000000000000000000000000000000000000000000000000000000000000000000000000,"1,0,0,0","1,35,0,0"
2026-05-16T12:25:11.292,01012200000000000000000000000000000000000000000000000000000000000000000000000000000000000000000000000000000000000000000000000000,"1,0,0,0","1,34,0,0"
2026-05-16T12:25:11.292,01012100000000000000000000000000000000000000000000000000000000000000000000000000000000000000000000000000000000000000000000000000,"1,0,0,0","1,33,0,0"
2026-05-16T12:25:11.292,01012000000000000000000000000000000000000000000000000000000000000000000000000000000000000000000000000000000000000000000000000000,"1,0,0,0","1,32,0,0"
2026-05-16T12:25:11.292,01011f00000000000000000000000000000000000000000000000000000000000000000000000000000000000000000000000000000000000000000000000000,"1,0,0,0","1,31,0,0"
2026-05-16T12:25:11.292,01011e00000000000000000000000000000000000000000000000000000000000000000000000000000000000000000000000000000000000000000000000000,"1,0,0,0","1,30,0,0"
2026-05-16T12:25:11.292,01011d00000000000000000000000000000000000000000000000000000000000000000000000000000000000000000000000000000000000000000000000000,"1,0,0,0","1,29,0,0"
2026-05-16T12:25:11.292,01011c00000000000000000000000000000000000000000000000000000000000000000000000000000000000000000000000000000000000000000000000000,"1,0,0,0","1,28,0,0"
2026-05-16T12:25:11.292,01011b00000000000000000000000000000000000000000000000000000000000000000000000000000000000000000000000000000000000000000000000000,"1,0,0,0","1,27,0,0"
2026-05-16T12:25:11.292,01011a00000000000000000000000000000000000000000000000000000000000000000000000000000000000000000000000000000000000000000000000000,"1,0,0,0","1,26,0,0"
2026-05-16T12:25:11.293,01011900000000000000000000000000000000000000000000000000000000000000000000000000000000000000000000000000000000000000000000000000,"1,0,0,0","1,25,0,0"
2026-05-16T12:25:11.293,01011800000000000000000000000000000000000000000000000000000000000000000000000000000000000000000000000000000000000000000000000000,"1,0,0,0","1,24,0,0"
2026-05-16T12:25:11.293,01011700000000000000000000000000000000000000000000000000000000000000000000000000000000000000000000000000000000000000000000000000,"1,0,0,0","1,23,0,0"
2026-05-16T12:25:11.293,01011600000000000000000000000000000000000000000000000000000000000000000000000000000000000000000000000000000000000000000000000000,"1,0,0,0","1,22,0,0"
2026-05-16T12:25:11.293,01011500000000000000000000000000000000000000000000000000000000000000000000000000000000000000000000000000000000000000000000000000,"1,0,0,0","1,21,0,0"
2026-05-16T12:25:11.293,01011400000000000000000000000000000000000000000000000000000000000000000000000000000000000000000000000000000000000000000000000000,"1,0,0,0","1,20,0,0"
2026-05-16T12:25:11.293,01011300000000000000000000000000000000000000000000000000000000000000000000000000000000000000000000000000000000000000000000000000,"1,0,0,0","1,19,0,0"
2026-05-16T12:25:11.293,01011200000000000000000000000000000000000000000000000000000000000000000000000000000000000000000000000000000000000000000000000000,"1,0,0,0","1,18,0,0"
2026-05-16T12:25:11.293,01011100000000000000000000000000000000000000000000000000000000000000000000000000000000000000000000000000000000000000000000000000,"1,0,0,0","1,17,0,0"
2026-05-16T12:25:11.293,01011000000000000000000000000000000000000000000000000000000000000000000000000000000000000000000000000000000000000000000000000000,"1,0,0,0","1,16,0,0"
2026-05-16T12:25:11.293,01010f00000000000000000000000000000000000000000000000000000000000000000000000000000000000000000000000000000000000000000000000000,"1,0,0,0","1,15,0,0"
2026-05-16T12:25:11.293,01010e00000000000000000000000000000000000000000000000000000000000000000000000000000000000000000000000000000000000000000000000000,"1,0,0,0","1,14,0,0"
2026-05-16T12:25:11.293,01010d00000000000000000000000000000000000000000000000000000000000000000000000000000000000000000000000000000000000000000000000000,"1,0,0,0","1,13,0,0"
2026-05-16T12:25:11.293,01010c00000000000000000000000000000000000000000000000000000000000000000000000000000000000000000000000000000000000000000000000000,"1,0,0,0","1,12,0,0"
2026-05-16T12:25:11.393,01010b00000000000000000000000000000000000000000000000000000000000000000000000000000000000000000000000000000000000000000000000000,"1,0,0,0","1,11,0,0"
2026-05-16T12:25:11.393,01010a00000000000000000000000000000000000000000000000000000000000000000000000000000000000000000000000000000000000000000000000000,"1,0,0,0","1,10,0,0"
2026-05-16T12:25:11.393,01010900000000000000000000000000000000000000000000000000000000000000000000000000000000000000000000000000000000000000000000000000,"1,0,0,0","1,9,0,0"
2026-05-16T12:25:11.393,01010800000000000000000000000000000000000000000000000000000000000000000000000000000000000000000000000000000000000000000000000000,"1,0,0,0","1,8,0,0"
2026-05-16T12:25:11.393,01010700000000000000000000000000000000000000000000000000000000000000000000000000000000000000000000000000000000000000000000000000,"1,0,0,0","1,7,0,0"
2026-05-16T12:25:11.393,01010600000000000000000000000000000000000000000000000000000000000000000000000000000000000000000000000000000000000000000000000000,"1,0,0,0","1,6,0,0"
2026-05-16T12:25:11.393,01010500000000000000000000000000000000000000000000000000000000000000000000000000000000000000000000000000000000000000000000000000,"1,0,0,0","1,5,0,0"
2026-05-16T12:25:11.393,01010400000000000000000000000000000000000000000000000000000000000000000000000000000000000000000000000000000000000000000000000000,"1,0,0,0","1,4,0,0"
2026-05-16T12:25:11.393,01010300000000000000000000000000000000000000000000000000000000000000000000000000000000000000000000000000000000000000000000000000,"1,0,0,0","1,3,0,0"
2026-05-16T12:25:11.393,01010200000000000000000000000000000000000000000000000000000000000000000000000000000000000000000000000000000000000000000000000000,"1,0,0,0","1,2,0,0"
2026-05-16T12:25:11.393,01010100000000000000000000000000000000000000000000000000000000000000000000000000000000000000000000000000000000000000000000000000,"1,0,0,0","1,1,0,0"
2026-05-16T12:25:11.393,01010000000000000000000000000000000000000000000000000000000000000000000000000000000000000000000000000000000000000000000000000000,"1,0,0,0","1,0,0,0"
2026-05-16T12:25:19.503,01020100000000000000000000000000000000000000000000000000000000000000000000000000000000000000000000000000000000000000000000000000,"1,0,0,0","2,1,0,0"
2026-05-16T12:25:19.503,01020200000000000000000000000000000000000000000000000000000000000000000000000000000000000000000000000000000000000000000000000000,"1,0,0,0","2,2,0,0"
2026-05-16T12:25:19.504,01020300000000000000000000000000000000000000000000000000000000000000000000000000000000000000000000000000000000000000000000000000,"1,0,0,0","2,3,0,0"
2026-05-16T12:25:19.504,01020400000000000000000000000000000000000000000000000000000000000000000000000000000000000000000000000000000000000000000000000000,"1,0,0,0","2,4,0,0"
2026-05-16T12:25:19.504,01020500000000000000000000000000000000000000000000000000000000000000000000000000000000000000000000000000000000000000000000000000,"1,0,0,0","2,5,0,0"
2026-05-16T12:25:19.504,01020600000000000000000000000000000000000000000000000000000000000000000000000000000000000000000000000000000000000000000000000000,"1,0,0,0","2,6,0,0"
2026-05-16T12:25:19.504,01020700000000000000000000000000000000000000000000000000000000000000000000000000000000000000000000000000000000000000000000000000,"1,0,0,0","2,7,0,0"
2026-05-16T12:25:19.504,01020800000000000000000000000000000000000000000000000000000000000000000000000000000000000000000000000000000000000000000000000000,"1,0,0,0","2,8,0,0"
2026-05-16T12:25:19.504,01020900000000000000000000000000000000000000000000000000000000000000000000000000000000000000000000000000000000000000000000000000,"1,0,0,0","2,9,0,0"
2026-05-16T12:25:19.504,01020a00000000000000000000000000000000000000000000000000000000000000000000000000000000000000000000000000000000000000000000000000,"1,0,0,0","2,10,0,0"
2026-05-16T12:25:19.504,01020b00000000000000000000000000000000000000000000000000000000000000000000000000000000000000000000000000000000000000000000000000,"1,0,0,0","2,11,0,0"
2026-05-16T12:25:19.504,01020c00000000000000000000000000000000000000000000000000000000000000000000000000000000000000000000000000000000000000000000000000,"1,0,0,0","2,12,0,0"
2026-05-16T12:25:19.504,01020d00000000000000000000000000000000000000000000000000000000000000000000000000000000000000000000000000000000000000000000000000,"1,0,0,0","2,13,0,0"
2026-05-16T12:25:19.504,01020e00000000000000000000000000000000000000000000000000000000000000000000000000000000000000000000000000000000000000000000000000,"1,0,0,0","2,14,0,0"
2026-05-16T12:25:19.504,01020f00000000000000000000000000000000000000000000000000000000000000000000000000000000000000000000000000000000000000000000000000,"1,0,0,0","2,15,0,0"
2026-05-16T12:25:19.504,01021000000000000000000000000000000000000000000000000000000000000000000000000000000000000000000000000000000000000000000000000000,"1,0,0,0","2,16,0,0"
2026-05-16T12:25:19.504,01021100000000000000000000000000000000000000000000000000000000000000000000000000000000000000000000000000000000000000000000000000,"1,0,0,0","2,17,0,0"
2026-05-16T12:25:19.504,01021200000000000000000000000000000000000000000000000000000000000000000000000000000000000000000000000000000000000000000000000000,"1,0,0,0","2,18,0,0"
2026-05-16T12:25:19.604,01021300000000000000000000000000000000000000000000000000000000000000000000000000000000000000000000000000000000000000000000000000,"1,0,0,0","2,19,0,0"
2026-05-16T12:25:19.604,01021400000000000000000000000000000000000000000000000000000000000000000000000000000000000000000000000000000000000000000000000000,"1,0,0,0","2,20,0,0"
2026-05-16T12:25:19.604,01021500000000000000000000000000000000000000000000000000000000000000000000000000000000000000000000000000000000000000000000000000,"1,0,0,0","2,21,0,0"
2026-05-16T12:25:19.604,01021600000000000000000000000000000000000000000000000000000000000000000000000000000000000000000000000000000000000000000000000000,"1,0,0,0","2,22,0,0"
2026-05-16T12:25:19.604,01021700000000000000000000000000000000000000000000000000000000000000000000000000000000000000000000000000000000000000000000000000,"1,0,0,0","2,23,0,0"
2026-05-16T12:25:19.604,01021800000000000000000000000000000000000000000000000000000000000000000000000000000000000000000000000000000000000000000000000000,"1,0,0,0","2,24,0,0"
2026-05-16T12:25:19.604,01021900000000000000000000000000000000000000000000000000000000000000000000000000000000000000000000000000000000000000000000000000,"1,0,0,0","2,25,0,0"
2026-05-16T12:25:19.605,01021a00000000000000000000000000000000000000000000000000000000000000000000000000000000000000000000000000000000000000000000000000,"1,0,0,0","2,26,0,0"
2026-05-16T12:25:19.605,01021b00000000000000000000000000000000000000000000000000000000000000000000000000000000000000000000000000000000000000000000000000,"1,0,0,0","2,27,0,0"
2026-05-16T12:25:19.605,01021c00000000000000000000000000000000000000000000000000000000000000000000000000000000000000000000000000000000000000000000000000,"1,0,0,0","2,28,0,0"
2026-05-16T12:25:19.605,01021d00000000000000000000000000000000000000000000000000000000000000000000000000000000000000000000000000000000000000000000000000,"1,0,0,0","2,29,0,0"
2026-05-16T12:25:19.605,01021e00000000000000000000000000000000000000000000000000000000000000000000000000000000000000000000000000000000000000000000000000,"1,0,0,0","2,30,0,0"
2026-05-16T12:25:19.605,01021f00000000000000000000000000000000000000000000000000000000000000000000000000000000000000000000000000000000000000000000000000,"1,0,0,0","2,31,0,0"
2026-05-16T12:25:19.705,01022000000000000000000000000000000000000000000000000000000000000000000000000000000000000000000000000000000000000000000000000000,"1,0,0,0","2,32,0,0"
2026-05-16T12:25:19.705,01022100000000000000000000000000000000000000000000000000000000000000000000000000000000000000000000000000000000000000000000000000,"1,0,0,0","2,33,0,0"
2026-05-16T12:25:19.705,01022200000000000000000000000000000000000000000000000000000000000000000000000000000000000000000000000000000000000000000000000000,"1,0,0,0","2,34,0,0"
2026-05-16T12:25:19.705,01022300000000000000000000000000000000000000000000000000000000000000000000000000000000000000000000000000000000000000000000000000,"1,0,0,0","2,35,0,0"
2026-05-16T12:25:19.705,01022400000000000000000000000000000000000000000000000000000000000000000000000000000000000000000000000000000000000000000000000000,"1,0,0,0","2,36,0,0"
2026-05-16T12:25:19.705,01022500000000000000000000000000000000000000000000000000000000000000000000000000000000000000000000000000000000000000000000000000,"1,0,0,0","2,37,0,0"
2026-05-16T12:25:19.705,01022600000000000000000000000000000000000000000000000000000000000000000000000000000000000000000000000000000000000000000000000000,"1,0,0,0","2,38,0,0"
2026-05-16T12:25:19.705,01022700000000000000000000000000000000000000000000000000000000000000000000000000000000000000000000000000000000000000000000000000,"1,0,0,0","2,39,0,0"
2026-05-16T12:25:19.705,01022800000000000000000000000000000000000000000000000000000000000000000000000000000000000000000000000000000000000000000000000000,"1,0,0,0","2,40,0,0"
2026-05-16T12:25:19.705,01022900000000000000000000000000000000000000000000000000000000000000000000000000000000000000000000000000000000000000000000000000,"1,0,0,0","2,41,0,0"
2026-05-16T12:25:19.705,01022a00000000000000000000000000000000000000000000000000000000000000000000000000000000000000000000000000000000000000000000000000,"1,0,0,0","2,42,0,0"
2026-05-16T12:25:19.705,01022b00000000000000000000000000000000000000000000000000000000000000000000000000000000000000000000000000000000000000000000000000,"1,0,0,0","2,43,0,0"
2026-05-16T12:25:19.705,01022c00000000000000000000000000000000000000000000000000000000000000000000000000000000000000000000000000000000000000000000000000,"1,0,0,0","2,44,0,0"
2026-05-16T12:25:19.805,01022d00000000000000000000000000000000000000000000000000000000000000000000000000000000000000000000000000000000000000000000000000,"1,0,0,0","2,45,0,0"
2026-05-16T12:25:19.805,01022e00000000000000000000000000000000000000000000000000000000000000000000000000000000000000000000000000000000000000000000000000,"1,0,0,0","2,46,0,0"
2026-05-16T12:25:19.805,01022f00000000000000000000000000000000000000000000000000000000000000000000000000000000000000000000000000000000000000000000000000,"1,0,0,0","2,47,0,0"
2026-05-16T12:25:19.805,01023000000000000000000000000000000000000000000000000000000000000000000000000000000000000000000000000000000000000000000000000000,"1,0,0,0","2,48,0,0"
2026-05-16T12:25:20.306,01023100000000000000000000000000000000000000000000000000000000000000000000000000000000000000000000000000000000000000000000000000,"1,0,0,0","2,49,0,0"
2026-05-16T12:25:20.306,01023200000000000000000000000000000000000000000000000000000000000000000000000000000000000000000000000000000000000000000000000000,"1,0,0,0","2,50,0,0"
2026-05-16T12:25:20.306,01023300000000000000000000000000000000000000000000000000000000000000000000000000000000000000000000000000000000000000000000000000,"1,0,0,0","2,51,0,0"
2026-05-16T12:25:20.306,01023400000000000000000000000000000000000000000000000000000000000000000000000000000000000000000000000000000000000000000000000000,"1,0,0,0","2,52,0,0"
2026-05-16T12:25:20.306,01023500000000000000000000000000000000000000000000000000000000000000000000000000000000000000000000000000000000000000000000000000,"1,0,0,0","2,53,0,0"
2026-05-16T12:25:20.306,01023600000000000000000000000000000000000000000000000000000000000000000000000000000000000000000000000000000000000000000000000000,"1,0,0,0","2,54,0,0"
2026-05-16T12:25:20.306,01023700000000000000000000000000000000000000000000000000000000000000000000000000000000000000000000000000000000000000000000000000,"1,0,0,0","2,55,0,0"
2026-05-16T12:25:20.306,01023800000000000000000000000000000000000000000000000000000000000000000000000000000000000000000000000000000000000000000000000000,"1,0,0,0","2,56,0,0"
2026-05-16T12:25:20.306,01023900000000000000000000000000000000000000000000000000000000000000000000000000000000000000000000000000000000000000000000000000,"1,0,0,0","2,57,0,0"
2026-05-16T12:25:20.306,01023a00000000000000000000000000000000000000000000000000000000000000000000000000000000000000000000000000000000000000000000000000,"1,0,0,0","2,58,0,0"
2026-05-16T12:25:20.306,01023b00000000000000000000000000000000000000000000000000000000000000000000000000000000000000000000000000000000000000000000000000,"1,0,0,0","2,59,0,0"
2026-05-16T12:25:20.306,01023c00000000000000000000000000000000000000000000000000000000000000000000000000000000000000000000000000000000000000000000000000,"1,0,0,0","2,60,0,0"
2026-05-16T12:25:20.306,01023d00000000000000000000000000000000000000000000000000000000000000000000000000000000000000000000000000000000000000000000000000,"1,0,0,0","2,61,0,0"
2026-05-16T12:25:20.306,01023e00000000000000000000000000000000000000000000000000000000000000000000000000000000000000000000000000000000000000000000000000,"1,0,0,0","2,62,0,0"
2026-05-16T12:25:20.306,01023f00000000000000000000000000000000000000000000000000000000000000000000000000000000000000000000000000000000000000000000000000,"1,0,0,0","2,63,0,0"
2026-05-16T12:25:20.306,01024000000000000000000000000000000000000000000000000000000000000000000000000000000000000000000000000000000000000000000000000000,"1,0,0,0","2,64,0,0"
2026-05-16T12:25:20.307,01024100000000000000000000000000000000000000000000000000000000000000000000000000000000000000000000000000000000000000000000000000,"1,0,0,0","2,65,0,0"
2026-05-16T12:25:20.307,01024200000000000000000000000000000000000000000000000000000000000000000000000000000000000000000000000000000000000000000000000000,"1,0,0,0","2,66,0,0"
2026-05-16T12:25:20.307,01024300000000000000000000000000000000000000000000000000000000000000000000000000000000000000000000000000000000000000000000000000,"1,0,0,0","2,67,0,0"
2026-05-16T12:25:20.307,01024400000000000000000000000000000000000000000000000000000000000000000000000000000000000000000000000000000000000000000000000000,"1,0,0,0","2,68,0,0"
2026-05-16T12:25:20.307,01024500000000000000000000000000000000000000000000000000000000000000000000000000000000000000000000000000000000000000000000000000,"1,0,0,0","2,69,0,0"
2026-05-16T12:25:20.307,01024600000000000000000000000000000000000000000000000000000000000000000000000000000000000000000000000000000000000000000000000000,"1,0,0,0","2,70,0,0"
2026-05-16T12:25:20.307,01024700000000000000000000000000000000000000000000000000000000000000000000000000000000000000000000000000000000000000000000000000,"1,0,0,0","2,71,0,0"
2026-05-16T12:25:20.307,01024800000000000000000000000000000000000000000000000000000000000000000000000000000000000000000000000000000000000000000000000000,"1,0,0,0","2,72,0,0"
2026-05-16T12:25:20.307,01024900000000000000000000000000000000000000000000000000000000000000000000000000000000000000000000000000000000000000000000000000,"1,0,0,0","2,73,0,0"
2026-05-16T12:25:20.307,01024a00000000000000000000000000000000000000000000000000000000000000000000000000000000000000000000000000000000000000000000000000,"1,0,0,0","2,74,0,0"
2026-05-16T12:25:20.307,01024b00000000000000000000000000000000000000000000000000000000000000000000000000000000000000000000000000000000000000000000000000,"1,0,0,0","2,75,0,0"
2026-05-16T12:25:20.307,01024c00000000000000000000000000000000000000000000000000000000000000000000000000000000000000000000000000000000000000000000000000,"1,0,0,0","2,76,0,0"
2026-05-16T12:25:20.307,01024d00000000000000000000000000000000000000000000000000000000000000000000000000000000000000000000000000000000000000000000000000,"1,0,0,0","2,77,0,0"
2026-05-16T12:25:20.307,01024e00000000000000000000000000000000000000000000000000000000000000000000000000000000000000000000000000000000000000000000000000,"1,0,0,0","2,78,0,0"
2026-05-16T12:25:20.307,01024f00000000000000000000000000000000000000000000000000000000000000000000000000000000000000000000000000000000000000000000000000,"1,0,0,0","2,79,0,0"
2026-05-16T12:25:20.307,01025000000000000000000000000000000000000000000000000000000000000000000000000000000000000000000000000000000000000000000000000000,"1,0,0,0","2,80,0,0"
2026-05-16T12:25:20.307,01025100000000000000000000000000000000000000000000000000000000000000000000000000000000000000000000000000000000000000000000000000,"1,0,0,0","2,81,0,0"
2026-05-16T12:25:20.307,01025200000000000000000000000000000000000000000000000000000000000000000000000000000000000000000000000000000000000000000000000000,"1,0,0,0","2,82,0,0"
2026-05-16T12:25:20.307,01025300000000000000000000000000000000000000000000000000000000000000000000000000000000000000000000000000000000000000000000000000,"1,0,0,0","2,83,0,0"
2026-05-16T12:25:20.307,01025400000000000000000000000000000000000000000000000000000000000000000000000000000000000000000000000000000000000000000000000000,"1,0,0,0","2,84,0,0"
2026-05-16T12:25:20.307,01025500000000000000000000000000000000000000000000000000000000000000000000000000000000000000000000000000000000000000000000000000,"1,0,0,0","2,85,0,0"
2026-05-16T12:25:20.307,01025600000000000000000000000000000000000000000000000000000000000000000000000000000000000000000000000000000000000000000000000000,"1,0,0,0","2,86,0,0"
2026-05-16T12:25:20.307,01025700000000000000000000000000000000000000000000000000000000000000000000000000000000000000000000000000000000000000000000000000,"1,0,0,0","2,87,0,0"
2026-05-16T12:25:20.307,01025800000000000000000000000000000000000000000000000000000000000000000000000000000000000000000000000000000000000000000000000000,"1,0,0,0","2,88,0,0"
2026-05-16T12:25:20.407,01025900000000000000000000000000000000000000000000000000000000000000000000000000000000000000000000000000000000000000000000000000,"1,0,0,0","2,89,0,0"
2026-05-16T12:25:20.407,01025a00000000000000000000000000000000000000000000000000000000000000000000000000000000000000000000000000000000000000000000000000,"1,0,0,0","2,90,0,0"
2026-05-16T12:25:20.407,01025b00000000000000000000000000000000000000000000000000000000000000000000000000000000000000000000000000000000000000000000000000,"1,0,0,0","2,91,0,0"
2026-05-16T12:25:20.407,01025c00000000000000000000000000000000000000000000000000000000000000000000000000000000000000000000000000000000000000000000000000,"1,0,0,0","2,92,0,0"
2026-05-16T12:25:20.407,01025d00000000000000000000000000000000000000000000000000000000000000000000000000000000000000000000000000000000000000000000000000,"1,0,0,0","2,93,0,0"
2026-05-16T12:25:20.407,01025e00000000000000000000000000000000000000000000000000000000000000000000000000000000000000000000000000000000000000000000000000,"1,0,0,0","2,94,0,0"
2026-05-16T12:25:20.407,01025f00000000000000000000000000000000000000000000000000000000000000000000000000000000000000000000000000000000000000000000000000,"1,0,0,0","2,95,0,0"
2026-05-16T12:25:20.407,01026000000000000000000000000000000000000000000000000000000000000000000000000000000000000000000000000000000000000000000000000000,"1,0,0,0","2,96,0,0"
2026-05-16T12:25:20.407,01026100000000000000000000000000000000000000000000000000000000000000000000000000000000000000000000000000000000000000000000000000,"1,0,0,0","2,97,0,0"
2026-05-16T12:25:20.407,01026200000000000000000000000000000000000000000000000000000000000000000000000000000000000000000000000000000000000000000000000000,"1,0,0,0","2,98,0,0"
2026-05-16T12:25:20.407,01026300000000000000000000000000000000000000000000000000000000000000000000000000000000000000000000000000000000000000000000000000,"1,0,0,0","2,99,0,0"
2026-05-16T12:25:20.407,01026400000000000000000000000000000000000000000000000000000000000000000000000000000000000000000000000000000000000000000000000000,"1,0,0,0","2,100,0,0"
2026-05-16T12:25:20.407,01026500000000000000000000000000000000000000000000000000000000000000000000000000000000000000000000000000000000000000000000000000,"1,0,0,0","2,101,0,0"
2026-05-16T12:25:20.408,01026600000000000000000000000000000000000000000000000000000000000000000000000000000000000000000000000000000000000000000000000000,"1,0,0,0","2,102,0,0"
2026-05-16T12:25:20.408,01026700000000000000000000000000000000000000000000000000000000000000000000000000000000000000000000000000000000000000000000000000,"1,0,0,0","2,103,0,0"
2026-05-16T12:25:20.408,01026800000000000000000000000000000000000000000000000000000000000000000000000000000000000000000000000000000000000000000000000000,"1,0,0,0","2,104,0,0"
2026-05-16T12:25:20.408,01026900000000000000000000000000000000000000000000000000000000000000000000000000000000000000000000000000000000000000000000000000,"1,0,0,0","2,105,0,0"
2026-05-16T12:25:20.408,01026a00000000000000000000000000000000000000000000000000000000000000000000000000000000000000000000000000000000000000000000000000,"1,0,0,0","2,106,0,0"
2026-05-16T12:25:20.408,01026b00000000000000000000000000000000000000000000000000000000000000000000000000000000000000000000000000000000000000000000000000,"1,0,0,0","2,107,0,0"
2026-05-16T12:25:20.408,01026c00000000000000000000000000000000000000000000000000000000000000000000000000000000000000000000000000000000000000000000000000,"1,0,0,0","2,108,0,0"
2026-05-16T12:25:20.408,01026d00000000000000000000000000000000000000000000000000000000000000000000000000000000000000000000000000000000000000000000000000,"1,0,0,0","2,109,0,0"
2026-05-16T12:25:20.408,01026e00000000000000000000000000000000000000000000000000000000000000000000000000000000000000000000000000000000000000000000000000,"1,0,0,0","2,110,0,0"
2026-05-16T12:25:20.408,01026f00000000000000000000000000000000000000000000000000000000000000000000000000000000000000000000000000000000000000000000000000,"1,0,0,0","2,111,0,0"
2026-05-16T12:25:20.408,01027000000000000000000000000000000000000000000000000000000000000000000000000000000000000000000000000000000000000000000000000000,"1,0,0,0","2,112,0,0"
2026-05-16T12:25:20.508,01027100000000000000000000000000000000000000000000000000000000000000000000000000000000000000000000000000000000000000000000000000,"1,0,0,0","2,113,0,0"
2026-05-16T12:25:20.508,01027200000000000000000000000000000000000000000000000000000000000000000000000000000000000000000000000000000000000000000000000000,"1,0,0,0","2,114,0,0"
2026-05-16T12:25:20.508,01027300000000000000000000000000000000000000000000000000000000000000000000000000000000000000000000000000000000000000000000000000,"1,0,0,0","2,115,0,0"
2026-05-16T12:25:20.508,01027400000000000000000000000000000000000000000000000000000000000000000000000000000000000000000000000000000000000000000000000000,"1,0,0,0","2,116,0,0"
2026-05-16T12:25:20.508,01027500000000000000000000000000000000000000000000000000000000000000000000000000000000000000000000000000000000000000000000000000,"1,0,0,0","2,117,0,0"
2026-05-16T12:25:20.508,01027600000000000000000000000000000000000000000000000000000000000000000000000000000000000000000000000000000000000000000000000000,"1,0,0,0","2,118,0,0"
2026-05-16T12:25:20.508,01027700000000000000000000000000000000000000000000000000000000000000000000000000000000000000000000000000000000000000000000000000,"1,0,0,0","2,119,0,0"
2026-05-16T12:25:20.508,01027800000000000000000000000000000000000000000000000000000000000000000000000000000000000000000000000000000000000000000000000000,"1,0,0,0","2,120,0,0"
2026-05-16T12:25:20.508,01027900000000000000000000000000000000000000000000000000000000000000000000000000000000000000000000000000000000000000000000000000,"1,0,0,0","2,121,0,0"
2026-05-16T12:25:20.508,01027a00000000000000000000000000000000000000000000000000000000000000000000000000000000000000000000000000000000000000000000000000,"1,0,0,0","2,122,0,0"
2026-05-16T12:25:20.508,01027b00000000000000000000000000000000000000000000000000000000000000000000000000000000000000000000000000000000000000000000000000,"1,0,0,0","2,123,0,0"
2026-05-16T12:25:20.508,01027c00000000000000000000000000000000000000000000000000000000000000000000000000000000000000000000000000000000000000000000000000,"1,0,0,0","2,124,0,0"
2026-05-16T12:25:20.508,01027d00000000000000000000000000000000000000000000000000000000000000000000000000000000000000000000000000000000000000000000000000,"1,0,0,0","2,125,0,0"
2026-05-16T12:25:20.608,01027e00000000000000000000000000000000000000000000000000000000000000000000000000000000000000000000000000000000000000000000000000,"1,0,0,0","2,126,0,0"
2026-05-16T12:25:20.609,01027f00000000000000000000000000000000000000000000000000000000000000000000000000000000000000000000000000000000000000000000000000,"1,0,0,0","2,127,0,0"
2026-05-16T12:25:20.609,01028000000000000000000000000000000000000000000000000000000000000000000000000000000000000000000000000000000000000000000000000000,"1,0,0,0","2,128,0,0"
2026-05-16T12:25:20.609,01028100000000000000000000000000000000000000000000000000000000000000000000000000000000000000000000000000000000000000000000000000,"1,0,0,0","2,129,0,0"
2026-05-16T12:25:20.609,01028200000000000000000000000000000000000000000000000000000000000000000000000000000000000000000000000000000000000000000000000000,"1,0,0,0","2,130,0,0"
2026-05-16T12:25:20.609,01028300000000000000000000000000000000000000000000000000000000000000000000000000000000000000000000000000000000000000000000000000,"1,0,0,0","2,131,0,0"
2026-05-16T12:25:21.009,01028400000000000000000000000000000000000000000000000000000000000000000000000000000000000000000000000000000000000000000000000000,"1,0,0,0","2,132,0,0"
2026-05-16T12:25:21.009,01028500000000000000000000000000000000000000000000000000000000000000000000000000000000000000000000000000000000000000000000000000,"1,0,0,0","2,133,0,0"
2026-05-16T12:25:21.009,01028600000000000000000000000000000000000000000000000000000000000000000000000000000000000000000000000000000000000000000000000000,"1,0,0,0","2,134,0,0"
2026-05-16T12:25:21.009,01028700000000000000000000000000000000000000000000000000000000000000000000000000000000000000000000000000000000000000000000000000,"1,0,0,0","2,135,0,0"
2026-05-16T12:25:21.009,01028800000000000000000000000000000000000000000000000000000000000000000000000000000000000000000000000000000000000000000000000000,"1,0,0,0","2,136,0,0"
2026-05-16T12:25:21.009,01028900000000000000000000000000000000000000000000000000000000000000000000000000000000000000000000000000000000000000000000000000,"1,0,0,0","2,137,0,0"
2026-05-16T12:25:21.009,01028a00000000000000000000000000000000000000000000000000000000000000000000000000000000000000000000000000000000000000000000000000,"1,0,0,0","2,138,0,0"
2026-05-16T12:25:21.009,01028b00000000000000000000000000000000000000000000000000000000000000000000000000000000000000000000000000000000000000000000000000,"1,0,0,0","2,139,0,0"
2026-05-16T12:25:21.009,01028c00000000000000000000000000000000000000000000000000000000000000000000000000000000000000000000000000000000000000000000000000,"1,0,0,0","2,140,0,0"
2026-05-16T12:25:21.009,01028d00000000000000000000000000000000000000000000000000000000000000000000000000000000000000000000000000000000000000000000000000,"1,0,0,0","2,141,0,0"
2026-05-16T12:25:21.009,01028e00000000000000000000000000000000000000000000000000000000000000000000000000000000000000000000000000000000000000000000000000,"1,0,0,0","2,142,0,0"
2026-05-16T12:25:21.009,01028f00000000000000000000000000000000000000000000000000000000000000000000000000000000000000000000000000000000000000000000000000,"1,0,0,0","2,143,0,0"
2026-05-16T12:25:21.009,01029000000000000000000000000000000000000000000000000000000000000000000000000000000000000000000000000000000000000000000000000000,"1,0,0,0","2,144,0,0"
2026-05-16T12:25:21.009,01029100000000000000000000000000000000000000000000000000000000000000000000000000000000000000000000000000000000000000000000000000,"1,0,0,0","2,145,0,0"
2026-05-16T12:25:21.009,01029200000000000000000000000000000000000000000000000000000000000000000000000000000000000000000000000000000000000000000000000000,"1,0,0,0","2,146,0,0"
2026-05-16T12:25:21.010,01029300000000000000000000000000000000000000000000000000000000000000000000000000000000000000000000000000000000000000000000000000,"1,0,0,0","2,147,0,0"
2026-05-16T12:25:21.010,01029400000000000000000000000000000000000000000000000000000000000000000000000000000000000000000000000000000000000000000000000000,"1,0,0,0","2,148,0,0"
2026-05-16T12:25:21.010,01029500000000000000000000000000000000000000000000000000000000000000000000000000000000000000000000000000000000000000000000000000,"1,0,0,0","2,149,0,0"
2026-05-16T12:25:21.010,01029600000000000000000000000000000000000000000000000000000000000000000000000000000000000000000000000000000000000000000000000000,"1,0,0,0","2,150,0,0"
2026-05-16T12:25:21.010,01029700000000000000000000000000000000000000000000000000000000000000000000000000000000000000000000000000000000000000000000000000,"1,0,0,0","2,151,0,0"
2026-05-16T12:25:21.010,01029800000000000000000000000000000000000000000000000000000000000000000000000000000000000000000000000000000000000000000000000000,"1,0,0,0","2,152,0,0"
2026-05-16T12:25:21.010,01029900000000000000000000000000000000000000000000000000000000000000000000000000000000000000000000000000000000000000000000000000,"1,0,0,0","2,153,0,0"
2026-05-16T12:25:21.010,01029a00000000000000000000000000000000000000000000000000000000000000000000000000000000000000000000000000000000000000000000000000,"1,0,0,0","2,154,0,0"
2026-05-16T12:25:21.010,01029b00000000000000000000000000000000000000000000000000000000000000000000000000000000000000000000000000000000000000000000000000,"1,0,0,0","2,155,0,0"
2026-05-16T12:25:21.010,01029c00000000000000000000000000000000000000000000000000000000000000000000000000000000000000000000000000000000000000000000000000,"1,0,0,0","2,156,0,0"
2026-05-16T12:25:21.010,01029d00000000000000000000000000000000000000000000000000000000000000000000000000000000000000000000000000000000000000000000000000,"1,0,0,0","2,157,0,0"
2026-05-16T12:25:21.010,01029e00000000000000000000000000000000000000000000000000000000000000000000000000000000000000000000000000000000000000000000000000,"1,0,0,0","2,158,0,0"
2026-05-16T12:25:21.010,01029f00000000000000000000000000000000000000000000000000000000000000000000000000000000000000000000000000000000000000000000000000,"1,0,0,0","2,159,0,0"
2026-05-16T12:25:21.010,0102a000000000000000000000000000000000000000000000000000000000000000000000000000000000000000000000000000000000000000000000000000,"1,0,0,0","2,160,0,0"
2026-05-16T12:25:21.010,0102a100000000000000000000000000000000000000000000000000000000000000000000000000000000000000000000000000000000000000000000000000,"1,0,0,0","2,161,0,0"
2026-05-16T12:25:21.010,0102a200000000000000000000000000000000000000000000000000000000000000000000000000000000000000000000000000000000000000000000000000,"1,0,0,0","2,162,0,0"
2026-05-16T12:25:21.010,0102a300000000000000000000000000000000000000000000000000000000000000000000000000000000000000000000000000000000000000000000000000,"1,0,0,0","2,163,0,0"
2026-05-16T12:25:21.010,0102a400000000000000000000000000000000000000000000000000000000000000000000000000000000000000000000000000000000000000000000000000,"1,0,0,0","2,164,0,0"
2026-05-16T12:25:21.010,0102a500000000000000000000000000000000000000000000000000000000000000000000000000000000000000000000000000000000000000000000000000,"1,0,0,0","2,165,0,0"
2026-05-16T12:25:21.010,0102a600000000000000000000000000000000000000000000000000000000000000000000000000000000000000000000000000000000000000000000000000,"1,0,0,0","2,166,0,0"
2026-05-16T12:25:21.010,0102a700000000000000000000000000000000000000000000000000000000000000000000000000000000000000000000000000000000000000000000000000,"1,0,0,0","2,167,0,0"
2026-05-16T12:25:21.010,0102a800000000000000000000000000000000000000000000000000000000000000000000000000000000000000000000000000000000000000000000000000,"1,0,0,0","2,168,0,0"
2026-05-16T12:25:21.010,0102a900000000000000000000000000000000000000000000000000000000000000000000000000000000000000000000000000000000000000000000000000,"1,0,0,0","2,169,0,0"
2026-05-16T12:25:21.010,0102aa00000000000000000000000000000000000000000000000000000000000000000000000000000000000000000000000000000000000000000000000000,"1,0,0,0","2,170,0,0"
2026-05-16T12:25:21.110,0102ab00000000000000000000000000000000000000000000000000000000000000000000000000000000000000000000000000000000000000000000000000,"1,0,0,0","2,171,0,0"
2026-05-16T12:25:21.110,0102ac00000000000000000000000000000000000000000000000000000000000000000000000000000000000000000000000000000000000000000000000000,"1,0,0,0","2,172,0,0"
2026-05-16T12:25:21.110,0102ad00000000000000000000000000000000000000000000000000000000000000000000000000000000000000000000000000000000000000000000000000,"1,0,0,0","2,173,0,0"
2026-05-16T12:25:21.110,0102ae00000000000000000000000000000000000000000000000000000000000000000000000000000000000000000000000000000000000000000000000000,"1,0,0,0","2,174,0,0"
2026-05-16T12:25:21.110,0102af00000000000000000000000000000000000000000000000000000000000000000000000000000000000000000000000000000000000000000000000000,"1,0,0,0","2,175,0,0"
2026-05-16T12:25:21.110,0102b000000000000000000000000000000000000000000000000000000000000000000000000000000000000000000000000000000000000000000000000000,"1,0,0,0","2,176,0,0"
2026-05-16T12:25:21.110,0102b100000000000000000000000000000000000000000000000000000000000000000000000000000000000000000000000000000000000000000000000000,"1,0,0,0","2,177,0,0"
2026-05-16T12:25:21.110,0102b200000000000000000000000000000000000000000000000000000000000000000000000000000000000000000000000000000000000000000000000000,"1,0,0,0","2,178,0,0"
2026-05-16T12:25:21.110,0102b300000000000000000000000000000000000000000000000000000000000000000000000000000000000000000000000000000000000000000000000000,"1,0,0,0","2,179,0,0"
2026-05-16T12:25:21.111,0102b400000000000000000000000000000000000000000000000000000000000000000000000000000000000000000000000000000000000000000000000000,"1,0,0,0","2,180,0,0"
2026-05-16T12:25:21.111,0102b500000000000000000000000000000000000000000000000000000000000000000000000000000000000000000000000000000000000000000000000000,"1,0,0,0","2,181,0,0"
2026-05-16T12:25:21.111,0102b600000000000000000000000000000000000000000000000000000000000000000000000000000000000000000000000000000000000000000000000000,"1,0,0,0","2,182,0,0"
2026-05-16T12:25:21.111,0102b700000000000000000000000000000000000000000000000000000000000000000000000000000000000000000000000000000000000000000000000000,"1,0,0,0","2,183,0,0"
2026-05-16T12:25:21.111,0102b800000000000000000000000000000000000000000000000000000000000000000000000000000000000000000000000000000000000000000000000000,"1,0,0,0","2,184,0,0"
2026-05-16T12:25:21.111,0102b900000000000000000000000000000000000000000000000000000000000000000000000000000000000000000000000000000000000000000000000000,"1,0,0,0","2,185,0,0"
2026-05-16T12:25:21.111,0102ba00000000000000000000000000000000000000000000000000000000000000000000000000000000000000000000000000000000000000000000000000,"1,0,0,0","2,186,0,0"
2026-05-16T12:25:21.111,0102bb00000000000000000000000000000000000000000000000000000000000000000000000000000000000000000000000000000000000000000000000000,"1,0,0,0","2,187,0,0"
2026-05-16T12:25:21.111,0102bc00000000000000000000000000000000000000000000000000000000000000000000000000000000000000000000000000000000000000000000000000,"1,0,0,0","2,188,0,0"
2026-05-16T12:25:21.111,0102bd00000000000000000000000000000000000000000000000000000000000000000000000000000000000000000000000000000000000000000000000000,"1,0,0,0","2,189,0,0"
2026-05-16T12:25:21.111,0102be00000000000000000000000000000000000000000000000000000000000000000000000000000000000000000000000000000000000000000000000000,"1,0,0,0","2,190,0,0"
2026-05-16T12:25:21.111,0102bf00000000000000000000000000000000000000000000000000000000000000000000000000000000000000000000000000000000000000000000000000,"1,0,0,0","2,191,0,0"
2026-05-16T12:25:21.111,0102c000000000000000000000000000000000000000000000000000000000000000000000000000000000000000000000000000000000000000000000000000,"1,0,0,0","2,192,0,0"
2026-05-16T12:25:21.111,0102c100000000000000000000000000000000000000000000000000000000000000000000000000000000000000000000000000000000000000000000000000,"1,0,0,0","2,193,0,0"
2026-05-16T12:25:21.111,0102c200000000000000000000000000000000000000000000000000000000000000000000000000000000000000000000000000000000000000000000000000,"1,0,0,0","2,194,0,0"
2026-05-16T12:25:21.111,0102c300000000000000000000000000000000000000000000000000000000000000000000000000000000000000000000000000000000000000000000000000,"1,0,0,0","2,195,0,0"
2026-05-16T12:25:21.111,0102c400000000000000000000000000000000000000000000000000000000000000000000000000000000000000000000000000000000000000000000000000,"1,0,0,0","2,196,0,0"
2026-05-16T12:25:21.111,0102c500000000000000000000000000000000000000000000000000000000000000000000000000000000000000000000000000000000000000000000000000,"1,0,0,0","2,197,0,0"
2026-05-16T12:25:21.111,0102c600000000000000000000000000000000000000000000000000000000000000000000000000000000000000000000000000000000000000000000000000,"1,0,0,0","2,198,0,0"
2026-05-16T12:25:21.111,0102c700000000000000000000000000000000000000000000000000000000000000000000000000000000000000000000000000000000000000000000000000,"1,0,0,0","2,199,0,0"
2026-05-16T12:25:21.111,0102c800000000000000000000000000000000000000000000000000000000000000000000000000000000000000000000000000000000000000000000000000,"1,0,0,0","2,200,0,0"
2026-05-16T12:25:21.111,0102c900000000000000000000000000000000000000000000000000000000000000000000000000000000000000000000000000000000000000000000000000,"1,0,0,0","2,201,0,0"
2026-05-16T12:25:21.111,0102ca00000000000000000000000000000000000000000000000000000000000000000000000000000000000000000000000000000000000000000000000000,"1,0,0,0","2,202,0,0"
2026-05-16T12:25:21.111,0102cb00000000000000000000000000000000000000000000000000000000000000000000000000000000000000000000000000000000000000000000000000,"1,0,0,0","2,203,0,0"
2026-05-16T12:25:21.211,0102cc00000000000000000000000000000000000000000000000000000000000000000000000000000000000000000000000000000000000000000000000000,"1,0,0,0","2,204,0,0"
2026-05-16T12:25:21.211,0102cd00000000000000000000000000000000000000000000000000000000000000000000000000000000000000000000000000000000000000000000000000,"1,0,0,0","2,205,0,0"
2026-05-16T12:25:21.211,0102ce00000000000000000000000000000000000000000000000000000000000000000000000000000000000000000000000000000000000000000000000000,"1,0,0,0","2,206,0,0"
2026-05-16T12:25:21.211,0102cf00000000000000000000000000000000000000000000000000000000000000000000000000000000000000000000000000000000000000000000000000,"1,0,0,0","2,207,0,0"
2026-05-16T12:25:21.211,0102d000000000000000000000000000000000000000000000000000000000000000000000000000000000000000000000000000000000000000000000000000,"1,0,0,0","2,208,0,0"
2026-05-16T12:25:21.211,0102d100000000000000000000000000000000000000000000000000000000000000000000000000000000000000000000000000000000000000000000000000,"1,0,0,0","2,209,0,0"
2026-05-16T12:25:21.211,0102d200000000000000000000000000000000000000000000000000000000000000000000000000000000000000000000000000000000000000000000000000,"1,0,0,0","2,210,0,0"
2026-05-16T12:25:21.211,0102d300000000000000000000000000000000000000000000000000000000000000000000000000000000000000000000000000000000000000000000000000,"1,0,0,0","2,211,0,0"
2026-05-16T12:25:21.211,0102d400000000000000000000000000000000000000000000000000000000000000000000000000000000000000000000000000000000000000000000000000,"1,0,0,0","2,212,0,0"
2026-05-16T12:25:21.212,0102d500000000000000000000000000000000000000000000000000000000000000000000000000000000000000000000000000000000000000000000000000,"1,0,0,0","2,213,0,0"
2026-05-16T12:25:21.212,0102d600000000000000000000000000000000000000000000000000000000000000000000000000000000000000000000000000000000000000000000000000,"1,0,0,0","2,214,0,0"
2026-05-16T12:25:21.212,0102d700000000000000000000000000000000000000000000000000000000000000000000000000000000000000000000000000000000000000000000000000,"1,0,0,0","2,215,0,0"
2026-05-16T12:25:21.212,0102d800000000000000000000000000000000000000000000000000000000000000000000000000000000000000000000000000000000000000000000000000,"1,0,0,0","2,216,0,0"
2026-05-16T12:25:21.212,0102d900000000000000000000000000000000000000000000000000000000000000000000000000000000000000000000000000000000000000000000000000,"1,0,0,0","2,217,0,0"
2026-05-16T12:25:21.212,0102da00000000000000000000000000000000000000000000000000000000000000000000000000000000000000000000000000000000000000000000000000,"1,0,0,0","2,218,0,0"
2026-05-16T12:25:21.212,0102db00000000000000000000000000000000000000000000000000000000000000000000000000000000000000000000000000000000000000000000000000,"1,0,0,0","2,219,0,0"
2026-05-16T12:25:21.212,0102dc00000000000000000000000000000000000000000000000000000000000000000000000000000000000000000000000000000000000000000000000000,"1,0,0,0","2,220,0,0"
2026-05-16T12:25:21.212,0102dd00000000000000000000000000000000000000000000000000000000000000000000000000000000000000000000000000000000000000000000000000,"1,0,0,0","2,221,0,0"
2026-05-16T12:25:21.212,0102de00000000000000000000000000000000000000000000000000000000000000000000000000000000000000000000000000000000000000000000000000,"1,0,0,0","2,222,0,0"
2026-05-16T12:25:21.212,0102df00000000000000000000000000000000000000000000000000000000000000000000000000000000000000000000000000000000000000000000000000,"1,0,0,0","2,223,0,0"
2026-05-16T12:25:21.212,0102e000000000000000000000000000000000000000000000000000000000000000000000000000000000000000000000000000000000000000000000000000,"1,0,0,0","2,224,0,0"
2026-05-16T12:25:21.212,0102e100000000000000000000000000000000000000000000000000000000000000000000000000000000000000000000000000000000000000000000000000,"1,0,0,0","2,225,0,0"
2026-05-16T12:25:21.212,0102e200000000000000000000000000000000000000000000000000000000000000000000000000000000000000000000000000000000000000000000000000,"1,0,0,0","2,226,0,0"
2026-05-16T12:25:21.212,0102e300000000000000000000000000000000000000000000000000000000000000000000000000000000000000000000000000000000000000000000000000,"1,0,0,0","2,227,0,0"
2026-05-16T12:25:21.212,0102e400000000000000000000000000000000000000000000000000000000000000000000000000000000000000000000000000000000000000000000000000,"1,0,0,0","2,228,0,0"
2026-05-16T12:25:21.212,0102e500000000000000000000000000000000000000000000000000000000000000000000000000000000000000000000000000000000000000000000000000,"1,0,0,0","2,229,0,0"
2026-05-16T12:25:21.212,0102e600000000000000000000000000000000000000000000000000000000000000000000000000000000000000000000000000000000000000000000000000,"1,0,0,0","2,230,0,0"
2026-05-16T12:25:21.212,0102e700000000000000000000000000000000000000000000000000000000000000000000000000000000000000000000000000000000000000000000000000,"1,0,0,0","2,231,0,0"
2026-05-16T12:25:21.312,0102e800000000000000000000000000000000000000000000000000000000000000000000000000000000000000000000000000000000000000000000000000,"1,0,0,0","2,232,0,0"
2026-05-16T12:25:21.312,0102e900000000000000000000000000000000000000000000000000000000000000000000000000000000000000000000000000000000000000000000000000,"1,0,0,0","2,233,0,0"
2026-05-16T12:25:21.312,0102ea00000000000000000000000000000000000000000000000000000000000000000000000000000000000000000000000000000000000000000000000000,"1,0,0,0","2,234,0,0"
2026-05-16T12:25:21.312,0102eb00000000000000000000000000000000000000000000000000000000000000000000000000000000000000000000000000000000000000000000000000,"1,0,0,0","2,235,0,0"
2026-05-16T12:25:21.312,0102ec00000000000000000000000000000000000000000000000000000000000000000000000000000000000000000000000000000000000000000000000000,"1,0,0,0","2,236,0,0"
2026-05-16T12:25:21.312,0102ed00000000000000000000000000000000000000000000000000000000000000000000000000000000000000000000000000000000000000000000000000,"1,0,0,0","2,237,0,0"
2026-05-16T12:25:21.312,0102ee00000000000000000000000000000000000000000000000000000000000000000000000000000000000000000000000000000000000000000000000000,"1,0,0,0","2,238,0,0"
2026-05-16T12:25:21.312,0102ef00000000000000000000000000000000000000000000000000000000000000000000000000000000000000000000000000000000000000000000000000,"1,0,0,0","2,239,0,0"
2026-05-16T12:25:21.312,0102f000000000000000000000000000000000000000000000000000000000000000000000000000000000000000000000000000000000000000000000000000,"1,0,0,0","2,240,0,0"
2026-05-16T12:25:21.312,0102f100000000000000000000000000000000000000000000000000000000000000000000000000000000000000000000000000000000000000000000000000,"1,0,0,0","2,241,0,0"
2026-05-16T12:25:21.312,0102f200000000000000000000000000000000000000000000000000000000000000000000000000000000000000000000000000000000000000000000000000,"1,0,0,0","2,242,0,0"
2026-05-16T12:25:21.312,0102f300000000000000000000000000000000000000000000000000000000000000000000000000000000000000000000000000000000000000000000000000,"1,0,0,0","2,243,0,0"
2026-05-16T12:25:21.312,0102f400000000000000000000000000000000000000000000000000000000000000000000000000000000000000000000000000000000000000000000000000,"1,0,0,0","2,244,0,0"
2026-05-16T12:25:21.312,0102f500000000000000000000000000000000000000000000000000000000000000000000000000000000000000000000000000000000000000000000000000,"1,0,0,0","2,245,0,0"
2026-05-16T12:25:21.312,0102f600000000000000000000000000000000000000000000000000000000000000000000000000000000000000000000000000000000000000000000000000,"1,0,0,0","2,246,0,0"
2026-05-16T12:25:21.313,0102f700000000000000000000000000000000000000000000000000000000000000000000000000000000000000000000000000000000000000000000000000,"1,0,0,0","2,247,0,0"
2026-05-16T12:25:21.313,0102f800000000000000000000000000000000000000000000000000000000000000000000000000000000000000000000000000000000000000000000000000,"1,0,0,0","2,248,0,0"
2026-05-16T12:25:21.313,0102f900000000000000000000000000000000000000000000000000000000000000000000000000000000000000000000000000000000000000000000000000,"1,0,0,0","2,249,0,0"
2026-05-16T12:25:21.313,0102fa00000000000000000000000000000000000000000000000000000000000000000000000000000000000000000000000000000000000000000000000000,"1,0,0,0","2,250,0,0"
2026-05-16T12:25:21.313,0102fb00000000000000000000000000000000000000000000000000000000000000000000000000000000000000000000000000000000000000000000000000,"1,0,0,0","2,251,0,0"
2026-05-16T12:25:21.313,0102fc00000000000000000000000000000000000000000000000000000000000000000000000000000000000000000000000000000000000000000000000000,"1,0,0,0","2,252,0,0"
2026-05-16T12:25:21.313,0102fd00000000000000000000000000000000000000000000000000000000000000000000000000000000000000000000000000000000000000000000000000,"1,0,0,0","2,253,0,0"
2026-05-16T12:25:21.313,0102fe00000000000000000000000000000000000000000000000000000000000000000000000000000000000000000000000000000000000000000000000000,"1,0,0,0","2,254,0,0"
2026-05-16T12:25:21.313,0102ff00000000000000000000000000000000000000000000000000000000000000000000000000000000000000000000000000000000000000000000000000,"1,0,0,0","2,255,0,0"
2026-05-16T12:25:31.543,0102fe00000000000000000000000000000000000000000000000000000000000000000000000000000000000000000000000000000000000000000000000000,"1,0,0,0","2,254,0,0"
2026-05-16T12:25:31.543,0102fd00000000000000000000000000000000000000000000000000000000000000000000000000000000000000000000000000000000000000000000000000,"1,0,0,0","2,253,0,0"
2026-05-16T12:25:31.543,0102fc00000000000000000000000000000000000000000000000000000000000000000000000000000000000000000000000000000000000000000000000000,"1,0,0,0","2,252,0,0"
2026-05-16T12:25:31.543,0102fb00000000000000000000000000000000000000000000000000000000000000000000000000000000000000000000000000000000000000000000000000,"1,0,0,0","2,251,0,0"
2026-05-16T12:25:31.543,0102fa00000000000000000000000000000000000000000000000000000000000000000000000000000000000000000000000000000000000000000000000000,"1,0,0,0","2,250,0,0"
2026-05-16T12:25:31.543,0102f900000000000000000000000000000000000000000000000000000000000000000000000000000000000000000000000000000000000000000000000000,"1,0,0,0","2,249,0,0"
2026-05-16T12:25:31.543,0102f800000000000000000000000000000000000000000000000000000000000000000000000000000000000000000000000000000000000000000000000000,"1,0,0,0","2,248,0,0"
2026-05-16T12:25:31.543,0102f700000000000000000000000000000000000000000000000000000000000000000000000000000000000000000000000000000000000000000000000000,"1,0,0,0","2,247,0,0"
2026-05-16T12:25:31.543,0102f600000000000000000000000000000000000000000000000000000000000000000000000000000000000000000000000000000000000000000000000000,"1,0,0,0","2,246,0,0"
2026-05-16T12:25:31.543,0102f500000000000000000000000000000000000000000000000000000000000000000000000000000000000000000000000000000000000000000000000000,"1,0,0,0","2,245,0,0"
2026-05-16T12:25:31.643,0102f400000000000000000000000000000000000000000000000000000000000000000000000000000000000000000000000000000000000000000000000000,"1,0,0,0","2,244,0,0"
2026-05-16T12:25:31.643,0102f300000000000000000000000000000000000000000000000000000000000000000000000000000000000000000000000000000000000000000000000000,"1,0,0,0","2,243,0,0"
2026-05-16T12:25:31.643,0102f200000000000000000000000000000000000000000000000000000000000000000000000000000000000000000000000000000000000000000000000000,"1,0,0,0","2,242,0,0"
2026-05-16T12:25:31.643,0102f100000000000000000000000000000000000000000000000000000000000000000000000000000000000000000000000000000000000000000000000000,"1,0,0,0","2,241,0,0"
2026-05-16T12:25:31.643,0102f000000000000000000000000000000000000000000000000000000000000000000000000000000000000000000000000000000000000000000000000000,"1,0,0,0","2,240,0,0"
2026-05-16T12:25:31.643,0102ef00000000000000000000000000000000000000000000000000000000000000000000000000000000000000000000000000000000000000000000000000,"1,0,0,0","2,239,0,0"
2026-05-16T12:25:31.643,0102ee00000000000000000000000000000000000000000000000000000000000000000000000000000000000000000000000000000000000000000000000000,"1,0,0,0","2,238,0,0"
2026-05-16T12:25:31.643,0102ed00000000000000000000000000000000000000000000000000000000000000000000000000000000000000000000000000000000000000000000000000,"1,0,0,0","2,237,0,0"
2026-05-16T12:25:31.643,0102ec00000000000000000000000000000000000000000000000000000000000000000000000000000000000000000000000000000000000000000000000000,"1,0,0,0","2,236,0,0"
2026-05-16T12:25:31.643,0102eb00000000000000000000000000000000000000000000000000000000000000000000000000000000000000000000000000000000000000000000000000,"1,0,0,0","2,235,0,0"
2026-05-16T12:25:31.643,0102ea00000000000000000000000000000000000000000000000000000000000000000000000000000000000000000000000000000000000000000000000000,"1,0,0,0","2,234,0,0"
2026-05-16T12:25:31.643,0102e900000000000000000000000000000000000000000000000000000000000000000000000000000000000000000000000000000000000000000000000000,"1,0,0,0","2,233,0,0"
2026-05-16T12:25:31.643,0102e800000000000000000000000000000000000000000000000000000000000000000000000000000000000000000000000000000000000000000000000000,"1,0,0,0","2,232,0,0"
2026-05-16T12:25:31.643,0102e700000000000000000000000000000000000000000000000000000000000000000000000000000000000000000000000000000000000000000000000000,"1,0,0,0","2,231,0,0"
2026-05-16T12:25:31.643,0102e600000000000000000000000000000000000000000000000000000000000000000000000000000000000000000000000000000000000000000000000000,"1,0,0,0","2,230,0,0"
2026-05-16T12:25:31.643,0102e500000000000000000000000000000000000000000000000000000000000000000000000000000000000000000000000000000000000000000000000000,"1,0,0,0","2,229,0,0"
2026-05-16T12:25:31.643,0102e400000000000000000000000000000000000000000000000000000000000000000000000000000000000000000000000000000000000000000000000000,"1,0,0,0","2,228,0,0"
2026-05-16T12:25:31.643,0102e300000000000000000000000000000000000000000000000000000000000000000000000000000000000000000000000000000000000000000000000000,"1,0,0,0","2,227,0,0"
2026-05-16T12:25:31.643,0102e200000000000000000000000000000000000000000000000000000000000000000000000000000000000000000000000000000000000000000000000000,"1,0,0,0","2,226,0,0"
2026-05-16T12:25:31.643,0102e100000000000000000000000000000000000000000000000000000000000000000000000000000000000000000000000000000000000000000000000000,"1,0,0,0","2,225,0,0"
2026-05-16T12:25:31.643,0102e000000000000000000000000000000000000000000000000000000000000000000000000000000000000000000000000000000000000000000000000000,"1,0,0,0","2,224,0,0"
2026-05-16T12:25:31.643,0102df00000000000000000000000000000000000000000000000000000000000000000000000000000000000000000000000000000000000000000000000000,"1,0,0,0","2,223,0,0"
2026-05-16T12:25:31.643,0102de00000000000000000000000000000000000000000000000000000000000000000000000000000000000000000000000000000000000000000000000000,"1,0,0,0","2,222,0,0"
2026-05-16T12:25:31.643,0102dd00000000000000000000000000000000000000000000000000000000000000000000000000000000000000000000000000000000000000000000000000,"1,0,0,0","2,221,0,0"
2026-05-16T12:25:31.643,0102dc00000000000000000000000000000000000000000000000000000000000000000000000000000000000000000000000000000000000000000000000000,"1,0,0,0","2,220,0,0"
2026-05-16T12:25:31.644,0102db00000000000000000000000000000000000000000000000000000000000000000000000000000000000000000000000000000000000000000000000000,"1,0,0,0","2,219,0,0"
2026-05-16T12:25:31.644,0102da00000000000000000000000000000000000000000000000000000000000000000000000000000000000000000000000000000000000000000000000000,"1,0,0,0","2,218,0,0"
2026-05-16T12:25:31.644,0102d900000000000000000000000000000000000000000000000000000000000000000000000000000000000000000000000000000000000000000000000000,"1,0,0,0","2,217,0,0"
2026-05-16T12:25:31.644,0102d800000000000000000000000000000000000000000000000000000000000000000000000000000000000000000000000000000000000000000000000000,"1,0,0,0","2,216,0,0"
2026-05-16T12:25:31.644,0102d700000000000000000000000000000000000000000000000000000000000000000000000000000000000000000000000000000000000000000000000000,"1,0,0,0","2,215,0,0"
2026-05-16T12:25:31.644,0102d600000000000000000000000000000000000000000000000000000000000000000000000000000000000000000000000000000000000000000000000000,"1,0,0,0","2,214,0,0"
2026-05-16T12:25:31.644,0102d500000000000000000000000000000000000000000000000000000000000000000000000000000000000000000000000000000000000000000000000000,"1,0,0,0","2,213,0,0"
2026-05-16T12:25:31.644,0102d400000000000000000000000000000000000000000000000000000000000000000000000000000000000000000000000000000000000000000000000000,"1,0,0,0","2,212,0,0"
2026-05-16T12:25:31.644,0102d300000000000000000000000000000000000000000000000000000000000000000000000000000000000000000000000000000000000000000000000000,"1,0,0,0","2,211,0,0"
2026-05-16T12:25:31.744,0102d200000000000000000000000000000000000000000000000000000000000000000000000000000000000000000000000000000000000000000000000000,"1,0,0,0","2,210,0,0"
2026-05-16T12:25:31.744,0102d100000000000000000000000000000000000000000000000000000000000000000000000000000000000000000000000000000000000000000000000000,"1,0,0,0","2,209,0,0"
2026-05-16T12:25:31.744,0102d000000000000000000000000000000000000000000000000000000000000000000000000000000000000000000000000000000000000000000000000000,"1,0,0,0","2,208,0,0"
2026-05-16T12:25:31.744,0102cf00000000000000000000000000000000000000000000000000000000000000000000000000000000000000000000000000000000000000000000000000,"1,0,0,0","2,207,0,0"
2026-05-16T12:25:31.744,0102ce00000000000000000000000000000000000000000000000000000000000000000000000000000000000000000000000000000000000000000000000000,"1,0,0,0","2,206,0,0"
2026-05-16T12:25:31.744,0102cd00000000000000000000000000000000000000000000000000000000000000000000000000000000000000000000000000000000000000000000000000,"1,0,0,0","2,205,0,0"
2026-05-16T12:25:31.744,0102cc00000000000000000000000000000000000000000000000000000000000000000000000000000000000000000000000000000000000000000000000000,"1,0,0,0","2,204,0,0"
2026-05-16T12:25:31.744,0102cb00000000000000000000000000000000000000000000000000000000000000000000000000000000000000000000000000000000000000000000000000,"1,0,0,0","2,203,0,0"
2026-05-16T12:25:31.744,0102ca00000000000000000000000000000000000000000000000000000000000000000000000000000000000000000000000000000000000000000000000000,"1,0,0,0","2,202,0,0"
2026-05-16T12:25:31.744,0102c900000000000000000000000000000000000000000000000000000000000000000000000000000000000000000000000000000000000000000000000000,"1,0,0,0","2,201,0,0"
2026-05-16T12:25:31.744,0102c800000000000000000000000000000000000000000000000000000000000000000000000000000000000000000000000000000000000000000000000000,"1,0,0,0","2,200,0,0"
2026-05-16T12:25:31.744,0102c700000000000000000000000000000000000000000000000000000000000000000000000000000000000000000000000000000000000000000000000000,"1,0,0,0","2,199,0,0"
2026-05-16T12:25:31.744,0102c600000000000000000000000000000000000000000000000000000000000000000000000000000000000000000000000000000000000000000000000000,"1,0,0,0","2,198,0,0"
2026-05-16T12:25:31.744,0102c500000000000000000000000000000000000000000000000000000000000000000000000000000000000000000000000000000000000000000000000000,"1,0,0,0","2,197,0,0"
2026-05-16T12:25:31.744,0102c400000000000000000000000000000000000000000000000000000000000000000000000000000000000000000000000000000000000000000000000000,"1,0,0,0","2,196,0,0"
2026-05-16T12:25:31.744,0102c300000000000000000000000000000000000000000000000000000000000000000000000000000000000000000000000000000000000000000000000000,"1,0,0,0","2,195,0,0"
2026-05-16T12:25:31.744,0102c200000000000000000000000000000000000000000000000000000000000000000000000000000000000000000000000000000000000000000000000000,"1,0,0,0","2,194,0,0"
2026-05-16T12:25:31.744,0102c100000000000000000000000000000000000000000000000000000000000000000000000000000000000000000000000000000000000000000000000000,"1,0,0,0","2,193,0,0"
2026-05-16T12:25:31.744,0102c000000000000000000000000000000000000000000000000000000000000000000000000000000000000000000000000000000000000000000000000000,"1,0,0,0","2,192,0,0"
2026-05-16T12:25:31.744,0102bf00000000000000000000000000000000000000000000000000000000000000000000000000000000000000000000000000000000000000000000000000,"1,0,0,0","2,191,0,0"
2026-05-16T12:25:31.744,0102be00000000000000000000000000000000000000000000000000000000000000000000000000000000000000000000000000000000000000000000000000,"1,0,0,0","2,190,0,0"
2026-05-16T12:25:31.744,0102bd00000000000000000000000000000000000000000000000000000000000000000000000000000000000000000000000000000000000000000000000000,"1,0,0,0","2,189,0,0"
2026-05-16T12:25:31.744,0102bc00000000000000000000000000000000000000000000000000000000000000000000000000000000000000000000000000000000000000000000000000,"1,0,0,0","2,188,0,0"
2026-05-16T12:25:31.744,0102bb00000000000000000000000000000000000000000000000000000000000000000000000000000000000000000000000000000000000000000000000000,"1,0,0,0","2,187,0,0"
2026-05-16T12:25:31.744,0102ba00000000000000000000000000000000000000000000000000000000000000000000000000000000000000000000000000000000000000000000000000,"1,0,0,0","2,186,0,0"
2026-05-16T12:25:31.744,0102b900000000000000000000000000000000000000000000000000000000000000000000000000000000000000000000000000000000000000000000000000,"1,0,0,0","2,185,0,0"
2026-05-16T12:25:31.744,0102b800000000000000000000000000000000000000000000000000000000000000000000000000000000000000000000000000000000000000000000000000,"1,0,0,0","2,184,0,0"
2026-05-16T12:25:31.744,0102b600000000000000000000000000000000000000000000000000000000000000000000000000000000000000000000000000000000000000000000000000,"1,0,0,0","2,182,0,0"
2026-05-16T12:25:31.744,0102b500000000000000000000000000000000000000000000000000000000000000000000000000000000000000000000000000000000000000000000000000,"1,0,0,0","2,181,0,0"
2026-05-16T12:25:31.744,0102b400000000000000000000000000000000000000000000000000000000000000000000000000000000000000000000000000000000000000000000000000,"1,0,0,0","2,180,0,0"
2026-05-16T12:25:31.744,0102b300000000000000000000000000000000000000000000000000000000000000000000000000000000000000000000000000000000000000000000000000,"1,0,0,0","2,179,0,0"
2026-05-16T12:25:31.744,0102b200000000000000000000000000000000000000000000000000000000000000000000000000000000000000000000000000000000000000000000000000,"1,0,0,0","2,178,0,0"
2026-05-16T12:25:31.744,0102b100000000000000000000000000000000000000000000000000000000000000000000000000000000000000000000000000000000000000000000000000,"1,0,0,0","2,177,0,0"
2026-05-16T12:25:31.745,0102b000000000000000000000000000000000000000000000000000000000000000000000000000000000000000000000000000000000000000000000000000,"1,0,0,0","2,176,0,0"
2026-05-16T12:25:31.745,0102af00000000000000000000000000000000000000000000000000000000000000000000000000000000000000000000000000000000000000000000000000,"1,0,0,0","2,175,0,0"
2026-05-16T12:25:31.745,0102ae00000000000000000000000000000000000000000000000000000000000000000000000000000000000000000000000000000000000000000000000000,"1,0,0,0","2,174,0,0"
2026-05-16T12:25:31.745,0102ad00000000000000000000000000000000000000000000000000000000000000000000000000000000000000000000000000000000000000000000000000,"1,0,0,0","2,173,0,0"
2026-05-16T12:25:31.745,0102ac00000000000000000000000000000000000000000000000000000000000000000000000000000000000000000000000000000000000000000000000000,"1,0,0,0","2,172,0,0"
2026-05-16T12:25:31.745,0102ab00000000000000000000000000000000000000000000000000000000000000000000000000000000000000000000000000000000000000000000000000,"1,0,0,0","2,171,0,0"
2026-05-16T12:25:31.745,0102aa00000000000000000000000000000000000000000000000000000000000000000000000000000000000000000000000000000000000000000000000000,"1,0,0,0","2,170,0,0"
2026-05-16T12:25:31.745,0102a900000000000000000000000000000000000000000000000000000000000000000000000000000000000000000000000000000000000000000000000000,"1,0,0,0","2,169,0,0"
2026-05-16T12:25:31.845,0102a800000000000000000000000000000000000000000000000000000000000000000000000000000000000000000000000000000000000000000000000000,"1,0,0,0","2,168,0,0"
2026-05-16T12:25:32.245,0102a700000000000000000000000000000000000000000000000000000000000000000000000000000000000000000000000000000000000000000000000000,"1,0,0,0","2,167,0,0"
2026-05-16T12:25:32.245,0102a600000000000000000000000000000000000000000000000000000000000000000000000000000000000000000000000000000000000000000000000000,"1,0,0,0","2,166,0,0"
2026-05-16T12:25:32.245,0102a500000000000000000000000000000000000000000000000000000000000000000000000000000000000000000000000000000000000000000000000000,"1,0,0,0","2,165,0,0"
2026-05-16T12:25:32.346,0102a400000000000000000000000000000000000000000000000000000000000000000000000000000000000000000000000000000000000000000000000000,"1,0,0,0","2,164,0,0"
2026-05-16T12:25:32.346,0102a300000000000000000000000000000000000000000000000000000000000000000000000000000000000000000000000000000000000000000000000000,"1,0,0,0","2,163,0,0"
2026-05-16T12:25:32.346,0102a200000000000000000000000000000000000000000000000000000000000000000000000000000000000000000000000000000000000000000000000000,"1,0,0,0","2,162,0,0"
2026-05-16T12:25:32.346,0102a100000000000000000000000000000000000000000000000000000000000000000000000000000000000000000000000000000000000000000000000000,"1,0,0,0","2,161,0,0"
2026-05-16T12:25:32.346,0102a000000000000000000000000000000000000000000000000000000000000000000000000000000000000000000000000000000000000000000000000000,"1,0,0,0","2,160,0,0"
2026-05-16T12:25:32.346,01029f00000000000000000000000000000000000000000000000000000000000000000000000000000000000000000000000000000000000000000000000000,"1,0,0,0","2,159,0,0"
2026-05-16T12:25:32.346,01029e00000000000000000000000000000000000000000000000000000000000000000000000000000000000000000000000000000000000000000000000000,"1,0,0,0","2,158,0,0"
2026-05-16T12:25:32.346,01029d00000000000000000000000000000000000000000000000000000000000000000000000000000000000000000000000000000000000000000000000000,"1,0,0,0","2,157,0,0"
2026-05-16T12:25:32.346,01029c00000000000000000000000000000000000000000000000000000000000000000000000000000000000000000000000000000000000000000000000000,"1,0,0,0","2,156,0,0"
2026-05-16T12:25:32.346,01029b00000000000000000000000000000000000000000000000000000000000000000000000000000000000000000000000000000000000000000000000000,"1,0,0,0","2,155,0,0"
2026-05-16T12:25:32.346,01029a00000000000000000000000000000000000000000000000000000000000000000000000000000000000000000000000000000000000000000000000000,"1,0,0,0","2,154,0,0"
2026-05-16T12:25:32.346,01029900000000000000000000000000000000000000000000000000000000000000000000000000000000000000000000000000000000000000000000000000,"1,0,0,0","2,153,0,0"
2026-05-16T12:25:32.346,01029800000000000000000000000000000000000000000000000000000000000000000000000000000000000000000000000000000000000000000000000000,"1,0,0,0","2,152,0,0"
2026-05-16T12:25:32.346,01029700000000000000000000000000000000000000000000000000000000000000000000000000000000000000000000000000000000000000000000000000,"1,0,0,0","2,151,0,0"
2026-05-16T12:25:32.346,01029600000000000000000000000000000000000000000000000000000000000000000000000000000000000000000000000000000000000000000000000000,"1,0,0,0","2,150,0,0"
2026-05-16T12:25:32.346,01029500000000000000000000000000000000000000000000000000000000000000000000000000000000000000000000000000000000000000000000000000,"1,0,0,0","2,149,0,0"
2026-05-16T12:25:32.346,01029400000000000000000000000000000000000000000000000000000000000000000000000000000000000000000000000000000000000000000000000000,"1,0,0,0","2,148,0,0"
2026-05-16T12:25:32.346,01029300000000000000000000000000000000000000000000000000000000000000000000000000000000000000000000000000000000000000000000000000,"1,0,0,0","2,147,0,0"
2026-05-16T12:25:32.346,01029200000000000000000000000000000000000000000000000000000000000000000000000000000000000000000000000000000000000000000000000000,"1,0,0,0","2,146,0,0"
2026-05-16T12:25:32.346,01029100000000000000000000000000000000000000000000000000000000000000000000000000000000000000000000000000000000000000000000000000,"1,0,0,0","2,145,0,0"
2026-05-16T12:25:32.346,01029000000000000000000000000000000000000000000000000000000000000000000000000000000000000000000000000000000000000000000000000000,"1,0,0,0","2,144,0,0"
2026-05-16T12:25:32.346,01028f00000000000000000000000000000000000000000000000000000000000000000000000000000000000000000000000000000000000000000000000000,"1,0,0,0","2,143,0,0"
2026-05-16T12:25:32.346,01028e00000000000000000000000000000000000000000000000000000000000000000000000000000000000000000000000000000000000000000000000000,"1,0,0,0","2,142,0,0"
2026-05-16T12:25:32.346,01028d00000000000000000000000000000000000000000000000000000000000000000000000000000000000000000000000000000000000000000000000000,"1,0,0,0","2,141,0,0"
2026-05-16T12:25:32.346,01028c00000000000000000000000000000000000000000000000000000000000000000000000000000000000000000000000000000000000000000000000000,"1,0,0,0","2,140,0,0"
2026-05-16T12:25:32.346,01028b00000000000000000000000000000000000000000000000000000000000000000000000000000000000000000000000000000000000000000000000000,"1,0,0,0","2,139,0,0"
2026-05-16T12:25:32.346,01028a00000000000000000000000000000000000000000000000000000000000000000000000000000000000000000000000000000000000000000000000000,"1,0,0,0","2,138,0,0"
2026-05-16T12:25:32.346,01028900000000000000000000000000000000000000000000000000000000000000000000000000000000000000000000000000000000000000000000000000,"1,0,0,0","2,137,0,0"
2026-05-16T12:25:32.346,01028800000000000000000000000000000000000000000000000000000000000000000000000000000000000000000000000000000000000000000000000000,"1,0,0,0","2,136,0,0"
2026-05-16T12:25:32.346,01028700000000000000000000000000000000000000000000000000000000000000000000000000000000000000000000000000000000000000000000000000,"1,0,0,0","2,135,0,0"
2026-05-16T12:25:32.346,01028600000000000000000000000000000000000000000000000000000000000000000000000000000000000000000000000000000000000000000000000000,"1,0,0,0","2,134,0,0"
2026-05-16T12:25:32.346,01028500000000000000000000000000000000000000000000000000000000000000000000000000000000000000000000000000000000000000000000000000,"1,0,0,0","2,133,0,0"
2026-05-16T12:25:32.346,01028400000000000000000000000000000000000000000000000000000000000000000000000000000000000000000000000000000000000000000000000000,"1,0,0,0","2,132,0,0"
2026-05-16T12:25:32.346,01028300000000000000000000000000000000000000000000000000000000000000000000000000000000000000000000000000000000000000000000000000,"1,0,0,0","2,131,0,0"
2026-05-16T12:25:32.346,01028200000000000000000000000000000000000000000000000000000000000000000000000000000000000000000000000000000000000000000000000000,"1,0,0,0","2,130,0,0"
2026-05-16T12:25:32.346,01028100000000000000000000000000000000000000000000000000000000000000000000000000000000000000000000000000000000000000000000000000,"1,0,0,0","2,129,0,0"
2026-05-16T12:25:32.346,01028000000000000000000000000000000000000000000000000000000000000000000000000000000000000000000000000000000000000000000000000000,"1,0,0,0","2,128,0,0"
2026-05-16T12:25:32.346,01027f00000000000000000000000000000000000000000000000000000000000000000000000000000000000000000000000000000000000000000000000000,"1,0,0,0","2,127,0,0"
2026-05-16T12:25:32.346,01027e00000000000000000000000000000000000000000000000000000000000000000000000000000000000000000000000000000000000000000000000000,"1,0,0,0","2,126,0,0"
2026-05-16T12:25:32.346,01027d00000000000000000000000000000000000000000000000000000000000000000000000000000000000000000000000000000000000000000000000000,"1,0,0,0","2,125,0,0"
2026-05-16T12:25:32.346,01027c00000000000000000000000000000000000000000000000000000000000000000000000000000000000000000000000000000000000000000000000000,"1,0,0,0","2,124,0,0"
2026-05-16T12:25:32.346,01027b00000000000000000000000000000000000000000000000000000000000000000000000000000000000000000000000000000000000000000000000000,"1,0,0,0","2,123,0,0"
2026-05-16T12:25:32.448,01027a00000000000000000000000000000000000000000000000000000000000000000000000000000000000000000000000000000000000000000000000000,"1,0,0,0","2,122,0,0"
2026-05-16T12:25:32.448,01027900000000000000000000000000000000000000000000000000000000000000000000000000000000000000000000000000000000000000000000000000,"1,0,0,0","2,121,0,0"
2026-05-16T12:25:32.448,01027800000000000000000000000000000000000000000000000000000000000000000000000000000000000000000000000000000000000000000000000000,"1,0,0,0","2,120,0,0"
2026-05-16T12:25:32.448,01027700000000000000000000000000000000000000000000000000000000000000000000000000000000000000000000000000000000000000000000000000,"1,0,0,0","2,119,0,0"
2026-05-16T12:25:32.448,01027600000000000000000000000000000000000000000000000000000000000000000000000000000000000000000000000000000000000000000000000000,"1,0,0,0","2,118,0,0"
2026-05-16T12:25:32.448,01027500000000000000000000000000000000000000000000000000000000000000000000000000000000000000000000000000000000000000000000000000,"1,0,0,0","2,117,0,0"
2026-05-16T12:25:32.448,01027400000000000000000000000000000000000000000000000000000000000000000000000000000000000000000000000000000000000000000000000000,"1,0,0,0","2,116,0,0"
2026-05-16T12:25:32.448,01027300000000000000000000000000000000000000000000000000000000000000000000000000000000000000000000000000000000000000000000000000,"1,0,0,0","2,115,0,0"
2026-05-16T12:25:32.448,01027200000000000000000000000000000000000000000000000000000000000000000000000000000000000000000000000000000000000000000000000000,"1,0,0,0","2,114,0,0"
2026-05-16T12:25:32.448,01027100000000000000000000000000000000000000000000000000000000000000000000000000000000000000000000000000000000000000000000000000,"1,0,0,0","2,113,0,0"
2026-05-16T12:25:32.448,01027000000000000000000000000000000000000000000000000000000000000000000000000000000000000000000000000000000000000000000000000000,"1,0,0,0","2,112,0,0"
2026-05-16T12:25:32.448,01026f00000000000000000000000000000000000000000000000000000000000000000000000000000000000000000000000000000000000000000000000000,"1,0,0,0","2,111,0,0"
2026-05-16T12:25:32.448,01026e00000000000000000000000000000000000000000000000000000000000000000000000000000000000000000000000000000000000000000000000000,"1,0,0,0","2,110,0,0"
2026-05-16T12:25:32.448,01026d00000000000000000000000000000000000000000000000000000000000000000000000000000000000000000000000000000000000000000000000000,"1,0,0,0","2,109,0,0"
2026-05-16T12:25:32.448,01026c00000000000000000000000000000000000000000000000000000000000000000000000000000000000000000000000000000000000000000000000000,"1,0,0,0","2,108,0,0"
2026-05-16T12:25:32.448,01026b00000000000000000000000000000000000000000000000000000000000000000000000000000000000000000000000000000000000000000000000000,"1,0,0,0","2,107,0,0"
2026-05-16T12:25:32.448,01026a00000000000000000000000000000000000000000000000000000000000000000000000000000000000000000000000000000000000000000000000000,"1,0,0,0","2,106,0,0"
2026-05-16T12:25:32.448,01026900000000000000000000000000000000000000000000000000000000000000000000000000000000000000000000000000000000000000000000000000,"1,0,0,0","2,105,0,0"
2026-05-16T12:25:32.448,01026800000000000000000000000000000000000000000000000000000000000000000000000000000000000000000000000000000000000000000000000000,"1,0,0,0","2,104,0,0"
2026-05-16T12:25:32.448,01026700000000000000000000000000000000000000000000000000000000000000000000000000000000000000000000000000000000000000000000000000,"1,0,0,0","2,103,0,0"
2026-05-16T12:25:32.448,01026600000000000000000000000000000000000000000000000000000000000000000000000000000000000000000000000000000000000000000000000000,"1,0,0,0","2,102,0,0"
2026-05-16T12:25:32.448,01026500000000000000000000000000000000000000000000000000000000000000000000000000000000000000000000000000000000000000000000000000,"1,0,0,0","2,101,0,0"
2026-05-16T12:25:32.448,01026400000000000000000000000000000000000000000000000000000000000000000000000000000000000000000000000000000000000000000000000000,"1,0,0,0","2,100,0,0"
2026-05-16T12:25:32.448,01026300000000000000000000000000000000000000000000000000000000000000000000000000000000000000000000000000000000000000000000000000,"1,0,0,0","2,99,0,0"
2026-05-16T12:25:32.448,01026200000000000000000000000000000000000000000000000000000000000000000000000000000000000000000000000000000000000000000000000000,"1,0,0,0","2,98,0,0"
2026-05-16T12:25:32.448,01026100000000000000000000000000000000000000000000000000000000000000000000000000000000000000000000000000000000000000000000000000,"1,0,0,0","2,97,0,0"
2026-05-16T12:25:32.448,01026000000000000000000000000000000000000000000000000000000000000000000000000000000000000000000000000000000000000000000000000000,"1,0,0,0","2,96,0,0"
2026-05-16T12:25:32.448,01025f00000000000000000000000000000000000000000000000000000000000000000000000000000000000000000000000000000000000000000000000000,"1,0,0,0","2,95,0,0"
2026-05-16T12:25:32.448,01025e00000000000000000000000000000000000000000000000000000000000000000000000000000000000000000000000000000000000000000000000000,"1,0,0,0","2,94,0,0"
2026-05-16T12:25:32.448,01025d00000000000000000000000000000000000000000000000000000000000000000000000000000000000000000000000000000000000000000000000000,"1,0,0,0","2,93,0,0"
2026-05-16T12:25:32.448,01025c00000000000000000000000000000000000000000000000000000000000000000000000000000000000000000000000000000000000000000000000000,"1,0,0,0","2,92,0,0"
2026-05-16T12:25:32.448,01025b00000000000000000000000000000000000000000000000000000000000000000000000000000000000000000000000000000000000000000000000000,"1,0,0,0","2,91,0,0"
2026-05-16T12:25:32.448,01025a00000000000000000000000000000000000000000000000000000000000000000000000000000000000000000000000000000000000000000000000000,"1,0,0,0","2,90,0,0"
2026-05-16T12:25:32.448,01025900000000000000000000000000000000000000000000000000000000000000000000000000000000000000000000000000000000000000000000000000,"1,0,0,0","2,89,0,0"
2026-05-16T12:25:32.448,01025800000000000000000000000000000000000000000000000000000000000000000000000000000000000000000000000000000000000000000000000000,"1,0,0,0","2,88,0,0"
2026-05-16T12:25:32.448,01025700000000000000000000000000000000000000000000000000000000000000000000000000000000000000000000000000000000000000000000000000,"1,0,0,0","2,87,0,0"
2026-05-16T12:25:32.448,01025600000000000000000000000000000000000000000000000000000000000000000000000000000000000000000000000000000000000000000000000000,"1,0,0,0","2,86,0,0"
2026-05-16T12:25:32.448,01025500000000000000000000000000000000000000000000000000000000000000000000000000000000000000000000000000000000000000000000000000,"1,0,0,0","2,85,0,0"
2026-05-16T12:25:32.448,01025400000000000000000000000000000000000000000000000000000000000000000000000000000000000000000000000000000000000000000000000000,"1,0,0,0","2,84,0,0"
2026-05-16T12:25:32.448,01025300000000000000000000000000000000000000000000000000000000000000000000000000000000000000000000000000000000000000000000000000,"1,0,0,0","2,83,0,0"
2026-05-16T12:25:32.448,01025200000000000000000000000000000000000000000000000000000000000000000000000000000000000000000000000000000000000000000000000000,"1,0,0,0","2,82,0,0"
2026-05-16T12:25:32.449,01025100000000000000000000000000000000000000000000000000000000000000000000000000000000000000000000000000000000000000000000000000,"1,0,0,0","2,81,0,0"
2026-05-16T12:25:32.449,01025000000000000000000000000000000000000000000000000000000000000000000000000000000000000000000000000000000000000000000000000000,"1,0,0,0","2,80,0,0"
2026-05-16T12:25:32.449,01024f00000000000000000000000000000000000000000000000000000000000000000000000000000000000000000000000000000000000000000000000000,"1,0,0,0","2,79,0,0"
2026-05-16T12:25:32.549,01024e00000000000000000000000000000000000000000000000000000000000000000000000000000000000000000000000000000000000000000000000000,"1,0,0,0","2,78,0,0"
2026-05-16T12:25:32.549,01024d00000000000000000000000000000000000000000000000000000000000000000000000000000000000000000000000000000000000000000000000000,"1,0,0,0","2,77,0,0"
2026-05-16T12:25:32.549,01024c00000000000000000000000000000000000000000000000000000000000000000000000000000000000000000000000000000000000000000000000000,"1,0,0,0","2,76,0,0"
2026-05-16T12:25:32.549,01024b00000000000000000000000000000000000000000000000000000000000000000000000000000000000000000000000000000000000000000000000000,"1,0,0,0","2,75,0,0"
2026-05-16T12:25:32.949,01024a00000000000000000000000000000000000000000000000000000000000000000000000000000000000000000000000000000000000000000000000000,"1,0,0,0","2,74,0,0"
2026-05-16T12:25:32.949,01024900000000000000000000000000000000000000000000000000000000000000000000000000000000000000000000000000000000000000000000000000,"1,0,0,0","2,73,0,0"
2026-05-16T12:25:32.949,01024800000000000000000000000000000000000000000000000000000000000000000000000000000000000000000000000000000000000000000000000000,"1,0,0,0","2,72,0,0"
2026-05-16T12:25:32.949,01024700000000000000000000000000000000000000000000000000000000000000000000000000000000000000000000000000000000000000000000000000,"1,0,0,0","2,71,0,0"
2026-05-16T12:25:32.949,01024600000000000000000000000000000000000000000000000000000000000000000000000000000000000000000000000000000000000000000000000000,"1,0,0,0","2,70,0,0"
2026-05-16T12:25:32.950,01024500000000000000000000000000000000000000000000000000000000000000000000000000000000000000000000000000000000000000000000000000,"1,0,0,0","2,69,0,0"
2026-05-16T12:25:32.950,01024400000000000000000000000000000000000000000000000000000000000000000000000000000000000000000000000000000000000000000000000000,"1,0,0,0","2,68,0,0"
2026-05-16T12:25:32.950,01024300000000000000000000000000000000000000000000000000000000000000000000000000000000000000000000000000000000000000000000000000,"1,0,0,0","2,67,0,0"
2026-05-16T12:25:32.950,01024200000000000000000000000000000000000000000000000000000000000000000000000000000000000000000000000000000000000000000000000000,"1,0,0,0","2,66,0,0"
2026-05-16T12:25:32.950,01024100000000000000000000000000000000000000000000000000000000000000000000000000000000000000000000000000000000000000000000000000,"1,0,0,0","2,65,0,0"
2026-05-16T12:25:32.950,01024000000000000000000000000000000000000000000000000000000000000000000000000000000000000000000000000000000000000000000000000000,"1,0,0,0","2,64,0,0"
2026-05-16T12:25:32.950,01023f00000000000000000000000000000000000000000000000000000000000000000000000000000000000000000000000000000000000000000000000000,"1,0,0,0","2,63,0,0"
2026-05-16T12:25:32.950,01023e00000000000000000000000000000000000000000000000000000000000000000000000000000000000000000000000000000000000000000000000000,"1,0,0,0","2,62,0,0"
2026-05-16T12:25:32.950,01023d00000000000000000000000000000000000000000000000000000000000000000000000000000000000000000000000000000000000000000000000000,"1,0,0,0","2,61,0,0"
2026-05-16T12:25:32.950,01023c00000000000000000000000000000000000000000000000000000000000000000000000000000000000000000000000000000000000000000000000000,"1,0,0,0","2,60,0,0"
2026-05-16T12:25:32.950,01023b00000000000000000000000000000000000000000000000000000000000000000000000000000000000000000000000000000000000000000000000000,"1,0,0,0","2,59,0,0"
2026-05-16T12:25:32.950,01023a00000000000000000000000000000000000000000000000000000000000000000000000000000000000000000000000000000000000000000000000000,"1,0,0,0","2,58,0,0"
2026-05-16T12:25:32.950,01023900000000000000000000000000000000000000000000000000000000000000000000000000000000000000000000000000000000000000000000000000,"1,0,0,0","2,57,0,0"
2026-05-16T12:25:32.950,01023800000000000000000000000000000000000000000000000000000000000000000000000000000000000000000000000000000000000000000000000000,"1,0,0,0","2,56,0,0"
2026-05-16T12:25:32.950,01023700000000000000000000000000000000000000000000000000000000000000000000000000000000000000000000000000000000000000000000000000,"1,0,0,0","2,55,0,0"
2026-05-16T12:25:32.950,01023600000000000000000000000000000000000000000000000000000000000000000000000000000000000000000000000000000000000000000000000000,"1,0,0,0","2,54,0,0"
2026-05-16T12:25:32.950,01023500000000000000000000000000000000000000000000000000000000000000000000000000000000000000000000000000000000000000000000000000,"1,0,0,0","2,53,0,0"
2026-05-16T12:25:32.950,01023400000000000000000000000000000000000000000000000000000000000000000000000000000000000000000000000000000000000000000000000000,"1,0,0,0","2,52,0,0"
2026-05-16T12:25:32.950,01023300000000000000000000000000000000000000000000000000000000000000000000000000000000000000000000000000000000000000000000000000,"1,0,0,0","2,51,0,0"
2026-05-16T12:25:32.950,01023200000000000000000000000000000000000000000000000000000000000000000000000000000000000000000000000000000000000000000000000000,"1,0,0,0","2,50,0,0"
2026-05-16T12:25:33.050,01023100000000000000000000000000000000000000000000000000000000000000000000000000000000000000000000000000000000000000000000000000,"1,0,0,0","2,49,0,0"
2026-05-16T12:25:33.050,01023000000000000000000000000000000000000000000000000000000000000000000000000000000000000000000000000000000000000000000000000000,"1,0,0,0","2,48,0,0"
2026-05-16T12:25:33.050,01022f00000000000000000000000000000000000000000000000000000000000000000000000000000000000000000000000000000000000000000000000000,"1,0,0,0","2,47,0,0"
2026-05-16T12:25:33.050,01022e00000000000000000000000000000000000000000000000000000000000000000000000000000000000000000000000000000000000000000000000000,"1,0,0,0","2,46,0,0"
2026-05-16T12:25:33.050,01022d00000000000000000000000000000000000000000000000000000000000000000000000000000000000000000000000000000000000000000000000000,"1,0,0,0","2,45,0,0"
2026-05-16T12:25:33.050,01022c00000000000000000000000000000000000000000000000000000000000000000000000000000000000000000000000000000000000000000000000000,"1,0,0,0","2,44,0,0"
2026-05-16T12:25:33.050,01022b00000000000000000000000000000000000000000000000000000000000000000000000000000000000000000000000000000000000000000000000000,"1,0,0,0","2,43,0,0"
2026-05-16T12:25:33.050,01022a00000000000000000000000000000000000000000000000000000000000000000000000000000000000000000000000000000000000000000000000000,"1,0,0,0","2,42,0,0"
2026-05-16T12:25:33.050,01022900000000000000000000000000000000000000000000000000000000000000000000000000000000000000000000000000000000000000000000000000,"1,0,0,0","2,41,0,0"
2026-05-16T12:25:33.050,01022800000000000000000000000000000000000000000000000000000000000000000000000000000000000000000000000000000000000000000000000000,"1,0,0,0","2,40,0,0"
2026-05-16T12:25:33.050,01022700000000000000000000000000000000000000000000000000000000000000000000000000000000000000000000000000000000000000000000000000,"1,0,0,0","2,39,0,0"
2026-05-16T12:25:33.050,01022600000000000000000000000000000000000000000000000000000000000000000000000000000000000000000000000000000000000000000000000000,"1,0,0,0","2,38,0,0"
2026-05-16T12:25:33.050,01022500000000000000000000000000000000000000000000000000000000000000000000000000000000000000000000000000000000000000000000000000,"1,0,0,0","2,37,0,0"
2026-05-16T12:25:33.050,01022400000000000000000000000000000000000000000000000000000000000000000000000000000000000000000000000000000000000000000000000000,"1,0,0,0","2,36,0,0"
2026-05-16T12:25:33.050,01022200000000000000000000000000000000000000000000000000000000000000000000000000000000000000000000000000000000000000000000000000,"1,0,0,0","2,34,0,0"
2026-05-16T12:25:33.050,01022100000000000000000000000000000000000000000000000000000000000000000000000000000000000000000000000000000000000000000000000000,"1,0,0,0","2,33,0,0"
2026-05-16T12:25:33.051,01022000000000000000000000000000000000000000000000000000000000000000000000000000000000000000000000000000000000000000000000000000,"1,0,0,0","2,32,0,0"
2026-05-16T12:25:33.051,01021f00000000000000000000000000000000000000000000000000000000000000000000000000000000000000000000000000000000000000000000000000,"1,0,0,0","2,31,0,0"
2026-05-16T12:25:33.051,01021e00000000000000000000000000000000000000000000000000000000000000000000000000000000000000000000000000000000000000000000000000,"1,0,0,0","2,30,0,0"
2026-05-16T12:25:33.051,01021d00000000000000000000000000000000000000000000000000000000000000000000000000000000000000000000000000000000000000000000000000,"1,0,0,0","2,29,0,0"
2026-05-16T12:25:33.051,01021c00000000000000000000000000000000000000000000000000000000000000000000000000000000000000000000000000000000000000000000000000,"1,0,0,0","2,28,0,0"
2026-05-16T12:25:33.051,01021b00000000000000000000000000000000000000000000000000000000000000000000000000000000000000000000000000000000000000000000000000,"1,0,0,0","2,27,0,0"
2026-05-16T12:25:33.051,01021a00000000000000000000000000000000000000000000000000000000000000000000000000000000000000000000000000000000000000000000000000,"1,0,0,0","2,26,0,0"
2026-05-16T12:25:33.051,01021900000000000000000000000000000000000000000000000000000000000000000000000000000000000000000000000000000000000000000000000000,"1,0,0,0","2,25,0,0"
2026-05-16T12:25:33.051,01021800000000000000000000000000000000000000000000000000000000000000000000000000000000000000000000000000000000000000000000000000,"1,0,0,0","2,24,0,0"
2026-05-16T12:25:33.051,01021700000000000000000000000000000000000000000000000000000000000000000000000000000000000000000000000000000000000000000000000000,"1,0,0,0","2,23,0,0"
2026-05-16T12:25:33.051,01021600000000000000000000000000000000000000000000000000000000000000000000000000000000000000000000000000000000000000000000000000,"1,0,0,0","2,22,0,0"
2026-05-16T12:25:33.051,01021500000000000000000000000000000000000000000000000000000000000000000000000000000000000000000000000000000000000000000000000000,"1,0,0,0","2,21,0,0"
2026-05-16T12:25:33.051,01021400000000000000000000000000000000000000000000000000000000000000000000000000000000000000000000000000000000000000000000000000,"1,0,0,0","2,20,0,0"
2026-05-16T12:25:33.051,01021300000000000000000000000000000000000000000000000000000000000000000000000000000000000000000000000000000000000000000000000000,"1,0,0,0","2,19,0,0"
2026-05-16T12:25:33.051,01021200000000000000000000000000000000000000000000000000000000000000000000000000000000000000000000000000000000000000000000000000,"1,0,0,0","2,18,0,0"
2026-05-16T12:25:33.051,01021100000000000000000000000000000000000000000000000000000000000000000000000000000000000000000000000000000000000000000000000000,"1,0,0,0","2,17,0,0"
2026-05-16T12:25:33.051,01021000000000000000000000000000000000000000000000000000000000000000000000000000000000000000000000000000000000000000000000000000,"1,0,0,0","2,16,0,0"
2026-05-16T12:25:33.051,01020f00000000000000000000000000000000000000000000000000000000000000000000000000000000000000000000000000000000000000000000000000,"1,0,0,0","2,15,0,0"
2026-05-16T12:25:33.051,01020e00000000000000000000000000000000000000000000000000000000000000000000000000000000000000000000000000000000000000000000000000,"1,0,0,0","2,14,0,0"
2026-05-16T12:25:33.051,01020d00000000000000000000000000000000000000000000000000000000000000000000000000000000000000000000000000000000000000000000000000,"1,0,0,0","2,13,0,0"
2026-05-16T12:25:33.051,01020c00000000000000000000000000000000000000000000000000000000000000000000000000000000000000000000000000000000000000000000000000,"1,0,0,0","2,12,0,0"
2026-05-16T12:25:33.051,01020b00000000000000000000000000000000000000000000000000000000000000000000000000000000000000000000000000000000000000000000000000,"1,0,0,0","2,11,0,0"
2026-05-16T12:25:33.051,01020a00000000000000000000000000000000000000000000000000000000000000000000000000000000000000000000000000000000000000000000000000,"1,0,0,0","2,10,0,0"
2026-05-16T12:25:33.051,01020900000000000000000000000000000000000000000000000000000000000000000000000000000000000000000000000000000000000000000000000000,"1,0,0,0","2,9,0,0"
2026-05-16T12:25:33.051,01020800000000000000000000000000000000000000000000000000000000000000000000000000000000000000000000000000000000000000000000000000,"1,0,0,0","2,8,0,0"
2026-05-16T12:25:33.051,01020700000000000000000000000000000000000000000000000000000000000000000000000000000000000000000000000000000000000000000000000000,"1,0,0,0","2,7,0,0"
2026-05-16T12:25:33.051,01020600000000000000000000000000000000000000000000000000000000000000000000000000000000000000000000000000000000000000000000000000,"1,0,0,0","2,6,0,0"
2026-05-16T12:25:33.051,01020500000000000000000000000000000000000000000000000000000000000000000000000000000000000000000000000000000000000000000000000000,"1,0,0,0","2,5,0,0"
2026-05-16T12:25:33.051,01020400000000000000000000000000000000000000000000000000000000000000000000000000000000000000000000000000000000000000000000000000,"1,0,0,0","2,4,0,0"
2026-05-16T12:25:33.051,01020300000000000000000000000000000000000000000000000000000000000000000000000000000000000000000000000000000000000000000000000000,"1,0,0,0","2,3,0,0"
2026-05-16T12:25:33.051,01020200000000000000000000000000000000000000000000000000000000000000000000000000000000000000000000000000000000000000000000000000,"1,0,0,0","2,2,0,0"
2026-05-16T12:25:33.151,01020100000000000000000000000000000000000000000000000000000000000000000000000000000000000000000000000000000000000000000000000000,"1,0,0,0","2,1,0,0"
2026-05-16T12:25:33.151,01020000000000000000000000000000000000000000000000000000000000000000000000000000000000000000000000000000000000000000000000000000,"1,0,0,0","2,0,0,0"
2026-05-16T12:25:43.068,01030100000000000000000000000000000000000000000000000000000000000000000000000000000000000000000000000000000000000000000000000000,"1,0,0,0","3,1,0,0"
2026-05-16T12:25:43.068,01030200000000000000000000000000000000000000000000000000000000000000000000000000000000000000000000000000000000000000000000000000,"1,0,0,0","3,2,0,0"
2026-05-16T12:25:43.068,01030300000000000000000000000000000000000000000000000000000000000000000000000000000000000000000000000000000000000000000000000000,"1,0,0,0","3,3,0,0"
2026-05-16T12:25:43.068,01030400000000000000000000000000000000000000000000000000000000000000000000000000000000000000000000000000000000000000000000000000,"1,0,0,0","3,4,0,0"
2026-05-16T12:25:43.068,01030500000000000000000000000000000000000000000000000000000000000000000000000000000000000000000000000000000000000000000000000000,"1,0,0,0","3,5,0,0"
2026-05-16T12:25:43.068,01030600000000000000000000000000000000000000000000000000000000000000000000000000000000000000000000000000000000000000000000000000,"1,0,0,0","3,6,0,0"
2026-05-16T12:25:43.068,01030700000000000000000000000000000000000000000000000000000000000000000000000000000000000000000000000000000000000000000000000000,"1,0,0,0","3,7,0,0"
2026-05-16T12:25:43.068,01030800000000000000000000000000000000000000000000000000000000000000000000000000000000000000000000000000000000000000000000000000,"1,0,0,0","3,8,0,0"
2026-05-16T12:25:43.068,01030900000000000000000000000000000000000000000000000000000000000000000000000000000000000000000000000000000000000000000000000000,"1,0,0,0","3,9,0,0"
2026-05-16T12:25:43.068,01030a00000000000000000000000000000000000000000000000000000000000000000000000000000000000000000000000000000000000000000000000000,"1,0,0,0","3,10,0,0"
2026-05-16T12:25:43.068,01030b00000000000000000000000000000000000000000000000000000000000000000000000000000000000000000000000000000000000000000000000000,"1,0,0,0","3,11,0,0"
2026-05-16T12:25:43.069,01030c00000000000000000000000000000000000000000000000000000000000000000000000000000000000000000000000000000000000000000000000000,"1,0,0,0","3,12,0,0"
2026-05-16T12:25:43.069,01030d00000000000000000000000000000000000000000000000000000000000000000000000000000000000000000000000000000000000000000000000000,"1,0,0,0","3,13,0,0"
2026-05-16T12:25:43.069,01030e00000000000000000000000000000000000000000000000000000000000000000000000000000000000000000000000000000000000000000000000000,"1,0,0,0","3,14,0,0"
2026-05-16T12:25:43.069,01030f00000000000000000000000000000000000000000000000000000000000000000000000000000000000000000000000000000000000000000000000000,"1,0,0,0","3,15,0,0"
2026-05-16T12:25:43.069,01031000000000000000000000000000000000000000000000000000000000000000000000000000000000000000000000000000000000000000000000000000,"1,0,0,0","3,16,0,0"
2026-05-16T12:25:43.069,01031100000000000000000000000000000000000000000000000000000000000000000000000000000000000000000000000000000000000000000000000000,"1,0,0,0","3,17,0,0"
2026-05-16T12:25:43.069,01031200000000000000000000000000000000000000000000000000000000000000000000000000000000000000000000000000000000000000000000000000,"1,0,0,0","3,18,0,0"
2026-05-16T12:25:43.069,01031300000000000000000000000000000000000000000000000000000000000000000000000000000000000000000000000000000000000000000000000000,"1,0,0,0","3,19,0,0"
2026-05-16T12:25:43.069,01031400000000000000000000000000000000000000000000000000000000000000000000000000000000000000000000000000000000000000000000000000,"1,0,0,0","3,20,0,0"
2026-05-16T12:25:43.069,01031600000000000000000000000000000000000000000000000000000000000000000000000000000000000000000000000000000000000000000000000000,"1,0,0,0","3,22,0,0"
2026-05-16T12:25:43.069,01031700000000000000000000000000000000000000000000000000000000000000000000000000000000000000000000000000000000000000000000000000,"1,0,0,0","3,23,0,0"
2026-05-16T12:25:43.069,01031800000000000000000000000000000000000000000000000000000000000000000000000000000000000000000000000000000000000000000000000000,"1,0,0,0","3,24,0,0"
2026-05-16T12:25:43.069,01031900000000000000000000000000000000000000000000000000000000000000000000000000000000000000000000000000000000000000000000000000,"1,0,0,0","3,25,0,0"
2026-05-16T12:25:43.069,01031a00000000000000000000000000000000000000000000000000000000000000000000000000000000000000000000000000000000000000000000000000,"1,0,0,0","3,26,0,0"
2026-05-16T12:25:43.069,01031b00000000000000000000000000000000000000000000000000000000000000000000000000000000000000000000000000000000000000000000000000,"1,0,0,0","3,27,0,0"
2026-05-16T12:25:43.069,01031c00000000000000000000000000000000000000000000000000000000000000000000000000000000000000000000000000000000000000000000000000,"1,0,0,0","3,28,0,0"
2026-05-16T12:25:43.069,01031d00000000000000000000000000000000000000000000000000000000000000000000000000000000000000000000000000000000000000000000000000,"1,0,0,0","3,29,0,0"
2026-05-16T12:25:43.169,01031e00000000000000000000000000000000000000000000000000000000000000000000000000000000000000000000000000000000000000000000000000,"1,0,0,0","3,30,0,0"
2026-05-16T12:25:43.169,01031f00000000000000000000000000000000000000000000000000000000000000000000000000000000000000000000000000000000000000000000000000,"1,0,0,0","3,31,0,0"
2026-05-16T12:25:43.169,01032000000000000000000000000000000000000000000000000000000000000000000000000000000000000000000000000000000000000000000000000000,"1,0,0,0","3,32,0,0"
2026-05-16T12:25:43.169,01032100000000000000000000000000000000000000000000000000000000000000000000000000000000000000000000000000000000000000000000000000,"1,0,0,0","3,33,0,0"
2026-05-16T12:25:43.169,01032200000000000000000000000000000000000000000000000000000000000000000000000000000000000000000000000000000000000000000000000000,"1,0,0,0","3,34,0,0"
2026-05-16T12:25:43.169,01032300000000000000000000000000000000000000000000000000000000000000000000000000000000000000000000000000000000000000000000000000,"1,0,0,0","3,35,0,0"
2026-05-16T12:25:43.169,01032400000000000000000000000000000000000000000000000000000000000000000000000000000000000000000000000000000000000000000000000000,"1,0,0,0","3,36,0,0"
2026-05-16T12:25:43.169,01032500000000000000000000000000000000000000000000000000000000000000000000000000000000000000000000000000000000000000000000000000,"1,0,0,0","3,37,0,0"
2026-05-16T12:25:43.169,01032600000000000000000000000000000000000000000000000000000000000000000000000000000000000000000000000000000000000000000000000000,"1,0,0,0","3,38,0,0"
2026-05-16T12:25:43.169,01032700000000000000000000000000000000000000000000000000000000000000000000000000000000000000000000000000000000000000000000000000,"1,0,0,0","3,39,0,0"
2026-05-16T12:25:43.169,01032800000000000000000000000000000000000000000000000000000000000000000000000000000000000000000000000000000000000000000000000000,"1,0,0,0","3,40,0,0"
2026-05-16T12:25:43.169,01032900000000000000000000000000000000000000000000000000000000000000000000000000000000000000000000000000000000000000000000000000,"1,0,0,0","3,41,0,0"
2026-05-16T12:25:43.169,01032a00000000000000000000000000000000000000000000000000000000000000000000000000000000000000000000000000000000000000000000000000,"1,0,0,0","3,42,0,0"
2026-05-16T12:25:43.169,01032b00000000000000000000000000000000000000000000000000000000000000000000000000000000000000000000000000000000000000000000000000,"1,0,0,0","3,43,0,0"
2026-05-16T12:25:43.169,01032c00000000000000000000000000000000000000000000000000000000000000000000000000000000000000000000000000000000000000000000000000,"1,0,0,0","3,44,0,0"
2026-05-16T12:25:43.169,01032d00000000000000000000000000000000000000000000000000000000000000000000000000000000000000000000000000000000000000000000000000,"1,0,0,0","3,45,0,0"
2026-05-16T12:25:43.169,01032e00000000000000000000000000000000000000000000000000000000000000000000000000000000000000000000000000000000000000000000000000,"1,0,0,0","3,46,0,0"
2026-05-16T12:25:43.169,01032f00000000000000000000000000000000000000000000000000000000000000000000000000000000000000000000000000000000000000000000000000,"1,0,0,0","3,47,0,0"
2026-05-16T12:25:43.169,01033000000000000000000000000000000000000000000000000000000000000000000000000000000000000000000000000000000000000000000000000000,"1,0,0,0","3,48,0,0"
2026-05-16T12:25:43.169,01033100000000000000000000000000000000000000000000000000000000000000000000000000000000000000000000000000000000000000000000000000,"1,0,0,0","3,49,0,0"
2026-05-16T12:25:43.169,01033200000000000000000000000000000000000000000000000000000000000000000000000000000000000000000000000000000000000000000000000000,"1,0,0,0","3,50,0,0"
2026-05-16T12:25:43.169,01033300000000000000000000000000000000000000000000000000000000000000000000000000000000000000000000000000000000000000000000000000,"1,0,0,0","3,51,0,0"
2026-05-16T12:25:43.169,01033400000000000000000000000000000000000000000000000000000000000000000000000000000000000000000000000000000000000000000000000000,"1,0,0,0","3,52,0,0"
2026-05-16T12:25:43.169,01033500000000000000000000000000000000000000000000000000000000000000000000000000000000000000000000000000000000000000000000000000,"1,0,0,0","3,53,0,0"
2026-05-16T12:25:43.169,01033600000000000000000000000000000000000000000000000000000000000000000000000000000000000000000000000000000000000000000000000000,"1,0,0,0","3,54,0,0"
2026-05-16T12:25:43.169,01033700000000000000000000000000000000000000000000000000000000000000000000000000000000000000000000000000000000000000000000000000,"1,0,0,0","3,55,0,0"
2026-05-16T12:25:43.170,01033800000000000000000000000000000000000000000000000000000000000000000000000000000000000000000000000000000000000000000000000000,"1,0,0,0","3,56,0,0"
2026-05-16T12:25:43.170,01033900000000000000000000000000000000000000000000000000000000000000000000000000000000000000000000000000000000000000000000000000,"1,0,0,0","3,57,0,0"
2026-05-16T12:25:43.170,01033a00000000000000000000000000000000000000000000000000000000000000000000000000000000000000000000000000000000000000000000000000,"1,0,0,0","3,58,0,0"
2026-05-16T12:25:43.170,01033b00000000000000000000000000000000000000000000000000000000000000000000000000000000000000000000000000000000000000000000000000,"1,0,0,0","3,59,0,0"
2026-05-16T12:25:43.170,01033c00000000000000000000000000000000000000000000000000000000000000000000000000000000000000000000000000000000000000000000000000,"1,0,0,0","3,60,0,0"
2026-05-16T12:25:43.270,01033d00000000000000000000000000000000000000000000000000000000000000000000000000000000000000000000000000000000000000000000000000,"1,0,0,0","3,61,0,0"
2026-05-16T12:25:43.270,01033e00000000000000000000000000000000000000000000000000000000000000000000000000000000000000000000000000000000000000000000000000,"1,0,0,0","3,62,0,0"
2026-05-16T12:25:43.270,01033f00000000000000000000000000000000000000000000000000000000000000000000000000000000000000000000000000000000000000000000000000,"1,0,0,0","3,63,0,0"
2026-05-16T12:25:43.270,01034000000000000000000000000000000000000000000000000000000000000000000000000000000000000000000000000000000000000000000000000000,"1,0,0,0","3,64,0,0"
2026-05-16T12:25:43.270,01034100000000000000000000000000000000000000000000000000000000000000000000000000000000000000000000000000000000000000000000000000,"1,0,0,0","3,65,0,0"
2026-05-16T12:25:43.270,01034200000000000000000000000000000000000000000000000000000000000000000000000000000000000000000000000000000000000000000000000000,"1,0,0,0","3,66,0,0"
2026-05-16T12:25:43.270,01034300000000000000000000000000000000000000000000000000000000000000000000000000000000000000000000000000000000000000000000000000,"1,0,0,0","3,67,0,0"
2026-05-16T12:25:43.270,01034400000000000000000000000000000000000000000000000000000000000000000000000000000000000000000000000000000000000000000000000000,"1,0,0,0","3,68,0,0"
2026-05-16T12:25:43.270,01034500000000000000000000000000000000000000000000000000000000000000000000000000000000000000000000000000000000000000000000000000,"1,0,0,0","3,69,0,0"
2026-05-16T12:25:43.270,01034600000000000000000000000000000000000000000000000000000000000000000000000000000000000000000000000000000000000000000000000000,"1,0,0,0","3,70,0,0"
2026-05-16T12:25:43.270,01034700000000000000000000000000000000000000000000000000000000000000000000000000000000000000000000000000000000000000000000000000,"1,0,0,0","3,71,0,0"
2026-05-16T12:25:43.270,01034800000000000000000000000000000000000000000000000000000000000000000000000000000000000000000000000000000000000000000000000000,"1,0,0,0","3,72,0,0"
2026-05-16T12:25:43.270,01034900000000000000000000000000000000000000000000000000000000000000000000000000000000000000000000000000000000000000000000000000,"1,0,0,0","3,73,0,0"
2026-05-16T12:25:43.270,01034a00000000000000000000000000000000000000000000000000000000000000000000000000000000000000000000000000000000000000000000000000,"1,0,0,0","3,74,0,0"
2026-05-16T12:25:43.270,01034b00000000000000000000000000000000000000000000000000000000000000000000000000000000000000000000000000000000000000000000000000,"1,0,0,0","3,75,0,0"
2026-05-16T12:25:43.270,01034c00000000000000000000000000000000000000000000000000000000000000000000000000000000000000000000000000000000000000000000000000,"1,0,0,0","3,76,0,0"
2026-05-16T12:25:43.270,01034d00000000000000000000000000000000000000000000000000000000000000000000000000000000000000000000000000000000000000000000000000,"1,0,0,0","3,77,0,0"
2026-05-16T12:25:43.270,01034e00000000000000000000000000000000000000000000000000000000000000000000000000000000000000000000000000000000000000000000000000,"1,0,0,0","3,78,0,0"
2026-05-16T12:25:43.270,01034f00000000000000000000000000000000000000000000000000000000000000000000000000000000000000000000000000000000000000000000000000,"1,0,0,0","3,79,0,0"
2026-05-16T12:25:43.270,01035000000000000000000000000000000000000000000000000000000000000000000000000000000000000000000000000000000000000000000000000000,"1,0,0,0","3,80,0,0"
2026-05-16T12:25:43.270,01035100000000000000000000000000000000000000000000000000000000000000000000000000000000000000000000000000000000000000000000000000,"1,0,0,0","3,81,0,0"
2026-05-16T12:25:43.270,01035200000000000000000000000000000000000000000000000000000000000000000000000000000000000000000000000000000000000000000000000000,"1,0,0,0","3,82,0,0"
2026-05-16T12:25:43.270,01035300000000000000000000000000000000000000000000000000000000000000000000000000000000000000000000000000000000000000000000000000,"1,0,0,0","3,83,0,0"
2026-05-16T12:25:43.270,01035400000000000000000000000000000000000000000000000000000000000000000000000000000000000000000000000000000000000000000000000000,"1,0,0,0","3,84,0,0"
2026-05-16T12:25:43.270,01035500000000000000000000000000000000000000000000000000000000000000000000000000000000000000000000000000000000000000000000000000,"1,0,0,0","3,85,0,0"
2026-05-16T12:25:43.270,01035600000000000000000000000000000000000000000000000000000000000000000000000000000000000000000000000000000000000000000000000000,"1,0,0,0","3,86,0,0"
2026-05-16T12:25:43.270,01035700000000000000000000000000000000000000000000000000000000000000000000000000000000000000000000000000000000000000000000000000,"1,0,0,0","3,87,0,0"
2026-05-16T12:25:43.270,01035800000000000000000000000000000000000000000000000000000000000000000000000000000000000000000000000000000000000000000000000000,"1,0,0,0","3,88,0,0"
2026-05-16T12:25:43.270,01035900000000000000000000000000000000000000000000000000000000000000000000000000000000000000000000000000000000000000000000000000,"1,0,0,0","3,89,0,0"
2026-05-16T12:25:43.270,01035a00000000000000000000000000000000000000000000000000000000000000000000000000000000000000000000000000000000000000000000000000,"1,0,0,0","3,90,0,0"
2026-05-16T12:25:43.270,01035b00000000000000000000000000000000000000000000000000000000000000000000000000000000000000000000000000000000000000000000000000,"1,0,0,0","3,91,0,0"
2026-05-16T12:25:43.270,01035c00000000000000000000000000000000000000000000000000000000000000000000000000000000000000000000000000000000000000000000000000,"1,0,0,0","3,92,0,0"
2026-05-16T12:25:43.371,01035d00000000000000000000000000000000000000000000000000000000000000000000000000000000000000000000000000000000000000000000000000,"1,0,0,0","3,93,0,0"
2026-05-16T12:25:43.371,01035e00000000000000000000000000000000000000000000000000000000000000000000000000000000000000000000000000000000000000000000000000,"1,0,0,0","3,94,0,0"
2026-05-16T12:25:43.371,01035f00000000000000000000000000000000000000000000000000000000000000000000000000000000000000000000000000000000000000000000000000,"1,0,0,0","3,95,0,0"
2026-05-16T12:25:43.371,01036000000000000000000000000000000000000000000000000000000000000000000000000000000000000000000000000000000000000000000000000000,"1,0,0,0","3,96,0,0"
2026-05-16T12:25:43.371,01036100000000000000000000000000000000000000000000000000000000000000000000000000000000000000000000000000000000000000000000000000,"1,0,0,0","3,97,0,0"
2026-05-16T12:25:43.371,01036200000000000000000000000000000000000000000000000000000000000000000000000000000000000000000000000000000000000000000000000000,"1,0,0,0","3,98,0,0"
2026-05-16T12:25:43.371,01036300000000000000000000000000000000000000000000000000000000000000000000000000000000000000000000000000000000000000000000000000,"1,0,0,0","3,99,0,0"
2026-05-16T12:25:43.371,01036400000000000000000000000000000000000000000000000000000000000000000000000000000000000000000000000000000000000000000000000000,"1,0,0,0","3,100,0,0"
2026-05-16T12:25:43.771,01036500000000000000000000000000000000000000000000000000000000000000000000000000000000000000000000000000000000000000000000000000,"1,0,0,0","3,101,0,0"
2026-05-16T12:25:43.771,01036600000000000000000000000000000000000000000000000000000000000000000000000000000000000000000000000000000000000000000000000000,"1,0,0,0","3,102,0,0"
2026-05-16T12:25:43.771,01036700000000000000000000000000000000000000000000000000000000000000000000000000000000000000000000000000000000000000000000000000,"1,0,0,0","3,103,0,0"
2026-05-16T12:25:43.772,01036800000000000000000000000000000000000000000000000000000000000000000000000000000000000000000000000000000000000000000000000000,"1,0,0,0","3,104,0,0"
2026-05-16T12:25:43.772,01036900000000000000000000000000000000000000000000000000000000000000000000000000000000000000000000000000000000000000000000000000,"1,0,0,0","3,105,0,0"
2026-05-16T12:25:43.772,01036a00000000000000000000000000000000000000000000000000000000000000000000000000000000000000000000000000000000000000000000000000,"1,0,0,0","3,106,0,0"
2026-05-16T12:25:43.772,01036b00000000000000000000000000000000000000000000000000000000000000000000000000000000000000000000000000000000000000000000000000,"1,0,0,0","3,107,0,0"
2026-05-16T12:25:43.772,01036c00000000000000000000000000000000000000000000000000000000000000000000000000000000000000000000000000000000000000000000000000,"1,0,0,0","3,108,0,0"
2026-05-16T12:25:43.772,01036d00000000000000000000000000000000000000000000000000000000000000000000000000000000000000000000000000000000000000000000000000,"1,0,0,0","3,109,0,0"
2026-05-16T12:25:43.772,01036e00000000000000000000000000000000000000000000000000000000000000000000000000000000000000000000000000000000000000000000000000,"1,0,0,0","3,110,0,0"
2026-05-16T12:25:43.772,01036f00000000000000000000000000000000000000000000000000000000000000000000000000000000000000000000000000000000000000000000000000,"1,0,0,0","3,111,0,0"
2026-05-16T12:25:43.872,01037000000000000000000000000000000000000000000000000000000000000000000000000000000000000000000000000000000000000000000000000000,"1,0,0,0","3,112,0,0"
2026-05-16T12:25:43.872,01037100000000000000000000000000000000000000000000000000000000000000000000000000000000000000000000000000000000000000000000000000,"1,0,0,0","3,113,0,0"
2026-05-16T12:25:43.872,01037200000000000000000000000000000000000000000000000000000000000000000000000000000000000000000000000000000000000000000000000000,"1,0,0,0","3,114,0,0"
2026-05-16T12:25:43.872,01037300000000000000000000000000000000000000000000000000000000000000000000000000000000000000000000000000000000000000000000000000,"1,0,0,0","3,115,0,0"
2026-05-16T12:25:43.872,01037400000000000000000000000000000000000000000000000000000000000000000000000000000000000000000000000000000000000000000000000000,"1,0,0,0","3,116,0,0"
2026-05-16T12:25:43.872,01037500000000000000000000000000000000000000000000000000000000000000000000000000000000000000000000000000000000000000000000000000,"1,0,0,0","3,117,0,0"
2026-05-16T12:25:43.872,01037600000000000000000000000000000000000000000000000000000000000000000000000000000000000000000000000000000000000000000000000000,"1,0,0,0","3,118,0,0"
2026-05-16T12:25:43.872,01037700000000000000000000000000000000000000000000000000000000000000000000000000000000000000000000000000000000000000000000000000,"1,0,0,0","3,119,0,0"
2026-05-16T12:25:43.872,01037800000000000000000000000000000000000000000000000000000000000000000000000000000000000000000000000000000000000000000000000000,"1,0,0,0","3,120,0,0"
2026-05-16T12:25:43.872,01037900000000000000000000000000000000000000000000000000000000000000000000000000000000000000000000000000000000000000000000000000,"1,0,0,0","3,121,0,0"
2026-05-16T12:25:43.872,01037a00000000000000000000000000000000000000000000000000000000000000000000000000000000000000000000000000000000000000000000000000,"1,0,0,0","3,122,0,0"
2026-05-16T12:25:43.872,01037b00000000000000000000000000000000000000000000000000000000000000000000000000000000000000000000000000000000000000000000000000,"1,0,0,0","3,123,0,0"
2026-05-16T12:25:43.872,01037c00000000000000000000000000000000000000000000000000000000000000000000000000000000000000000000000000000000000000000000000000,"1,0,0,0","3,124,0,0"
2026-05-16T12:25:43.872,01037d00000000000000000000000000000000000000000000000000000000000000000000000000000000000000000000000000000000000000000000000000,"1,0,0,0","3,125,0,0"
2026-05-16T12:25:43.872,01037e00000000000000000000000000000000000000000000000000000000000000000000000000000000000000000000000000000000000000000000000000,"1,0,0,0","3,126,0,0"
2026-05-16T12:25:43.872,01037f00000000000000000000000000000000000000000000000000000000000000000000000000000000000000000000000000000000000000000000000000,"1,0,0,0","3,127,0,0"
2026-05-16T12:25:43.872,01038000000000000000000000000000000000000000000000000000000000000000000000000000000000000000000000000000000000000000000000000000,"1,0,0,0","3,128,0,0"
2026-05-16T12:25:43.872,01038100000000000000000000000000000000000000000000000000000000000000000000000000000000000000000000000000000000000000000000000000,"1,0,0,0","3,129,0,0"
2026-05-16T12:25:43.872,01038200000000000000000000000000000000000000000000000000000000000000000000000000000000000000000000000000000000000000000000000000,"1,0,0,0","3,130,0,0"
2026-05-16T12:25:43.872,01038300000000000000000000000000000000000000000000000000000000000000000000000000000000000000000000000000000000000000000000000000,"1,0,0,0","3,131,0,0"
2026-05-16T12:25:43.872,01038400000000000000000000000000000000000000000000000000000000000000000000000000000000000000000000000000000000000000000000000000,"1,0,0,0","3,132,0,0"
2026-05-16T12:25:43.872,01038500000000000000000000000000000000000000000000000000000000000000000000000000000000000000000000000000000000000000000000000000,"1,0,0,0","3,133,0,0"
2026-05-16T12:25:43.872,01038600000000000000000000000000000000000000000000000000000000000000000000000000000000000000000000000000000000000000000000000000,"1,0,0,0","3,134,0,0"
2026-05-16T12:25:43.872,01038700000000000000000000000000000000000000000000000000000000000000000000000000000000000000000000000000000000000000000000000000,"1,0,0,0","3,135,0,0"
2026-05-16T12:25:43.872,01038800000000000000000000000000000000000000000000000000000000000000000000000000000000000000000000000000000000000000000000000000,"1,0,0,0","3,136,0,0"
2026-05-16T12:25:43.872,01038900000000000000000000000000000000000000000000000000000000000000000000000000000000000000000000000000000000000000000000000000,"1,0,0,0","3,137,0,0"
2026-05-16T12:25:43.872,01038a00000000000000000000000000000000000000000000000000000000000000000000000000000000000000000000000000000000000000000000000000,"1,0,0,0","3,138,0,0"
2026-05-16T12:25:43.872,01038b00000000000000000000000000000000000000000000000000000000000000000000000000000000000000000000000000000000000000000000000000,"1,0,0,0","3,139,0,0"
2026-05-16T12:25:43.872,01038c00000000000000000000000000000000000000000000000000000000000000000000000000000000000000000000000000000000000000000000000000,"1,0,0,0","3,140,0,0"
2026-05-16T12:25:43.872,01038d00000000000000000000000000000000000000000000000000000000000000000000000000000000000000000000000000000000000000000000000000,"1,0,0,0","3,141,0,0"
2026-05-16T12:25:43.872,01038e00000000000000000000000000000000000000000000000000000000000000000000000000000000000000000000000000000000000000000000000000,"1,0,0,0","3,142,0,0"
2026-05-16T12:25:43.873,01038f00000000000000000000000000000000000000000000000000000000000000000000000000000000000000000000000000000000000000000000000000,"1,0,0,0","3,143,0,0"
2026-05-16T12:25:43.873,01039000000000000000000000000000000000000000000000000000000000000000000000000000000000000000000000000000000000000000000000000000,"1,0,0,0","3,144,0,0"
2026-05-16T12:25:43.873,01039100000000000000000000000000000000000000000000000000000000000000000000000000000000000000000000000000000000000000000000000000,"1,0,0,0","3,145,0,0"
2026-05-16T12:25:43.973,01039200000000000000000000000000000000000000000000000000000000000000000000000000000000000000000000000000000000000000000000000000,"1,0,0,0","3,146,0,0"
2026-05-16T12:25:43.973,01039300000000000000000000000000000000000000000000000000000000000000000000000000000000000000000000000000000000000000000000000000,"1,0,0,0","3,147,0,0"
2026-05-16T12:25:43.973,01039400000000000000000000000000000000000000000000000000000000000000000000000000000000000000000000000000000000000000000000000000,"1,0,0,0","3,148,0,0"
2026-05-16T12:25:43.973,01039500000000000000000000000000000000000000000000000000000000000000000000000000000000000000000000000000000000000000000000000000,"1,0,0,0","3,149,0,0"
2026-05-16T12:25:43.973,01039600000000000000000000000000000000000000000000000000000000000000000000000000000000000000000000000000000000000000000000000000,"1,0,0,0","3,150,0,0"
2026-05-16T12:25:43.973,01039700000000000000000000000000000000000000000000000000000000000000000000000000000000000000000000000000000000000000000000000000,"1,0,0,0","3,151,0,0"
2026-05-16T12:25:43.973,01039800000000000000000000000000000000000000000000000000000000000000000000000000000000000000000000000000000000000000000000000000,"1,0,0,0","3,152,0,0"
2026-05-16T12:25:43.973,01039900000000000000000000000000000000000000000000000000000000000000000000000000000000000000000000000000000000000000000000000000,"1,0,0,0","3,153,0,0"
2026-05-16T12:25:43.973,01039a00000000000000000000000000000000000000000000000000000000000000000000000000000000000000000000000000000000000000000000000000,"1,0,0,0","3,154,0,0"
2026-05-16T12:25:43.973,01039b00000000000000000000000000000000000000000000000000000000000000000000000000000000000000000000000000000000000000000000000000,"1,0,0,0","3,155,0,0"
2026-05-16T12:25:43.973,01039c00000000000000000000000000000000000000000000000000000000000000000000000000000000000000000000000000000000000000000000000000,"1,0,0,0","3,156,0,0"
2026-05-16T12:25:43.973,01039d00000000000000000000000000000000000000000000000000000000000000000000000000000000000000000000000000000000000000000000000000,"1,0,0,0","3,157,0,0"
2026-05-16T12:25:43.973,01039e00000000000000000000000000000000000000000000000000000000000000000000000000000000000000000000000000000000000000000000000000,"1,0,0,0","3,158,0,0"
2026-05-16T12:25:43.973,01039f00000000000000000000000000000000000000000000000000000000000000000000000000000000000000000000000000000000000000000000000000,"1,0,0,0","3,159,0,0"
2026-05-16T12:25:43.973,0103a000000000000000000000000000000000000000000000000000000000000000000000000000000000000000000000000000000000000000000000000000,"1,0,0,0","3,160,0,0"
2026-05-16T12:25:43.973,0103a100000000000000000000000000000000000000000000000000000000000000000000000000000000000000000000000000000000000000000000000000,"1,0,0,0","3,161,0,0"
2026-05-16T12:25:43.973,0103a200000000000000000000000000000000000000000000000000000000000000000000000000000000000000000000000000000000000000000000000000,"1,0,0,0","3,162,0,0"
2026-05-16T12:25:43.973,0103a300000000000000000000000000000000000000000000000000000000000000000000000000000000000000000000000000000000000000000000000000,"1,0,0,0","3,163,0,0"
2026-05-16T12:25:43.973,0103a400000000000000000000000000000000000000000000000000000000000000000000000000000000000000000000000000000000000000000000000000,"1,0,0,0","3,164,0,0"
2026-05-16T12:25:43.973,0103a500000000000000000000000000000000000000000000000000000000000000000000000000000000000000000000000000000000000000000000000000,"1,0,0,0","3,165,0,0"
2026-05-16T12:25:43.973,0103a600000000000000000000000000000000000000000000000000000000000000000000000000000000000000000000000000000000000000000000000000,"1,0,0,0","3,166,0,0"
2026-05-16T12:25:43.973,0103a700000000000000000000000000000000000000000000000000000000000000000000000000000000000000000000000000000000000000000000000000,"1,0,0,0","3,167,0,0"
2026-05-16T12:25:43.973,0103a800000000000000000000000000000000000000000000000000000000000000000000000000000000000000000000000000000000000000000000000000,"1,0,0,0","3,168,0,0"
2026-05-16T12:25:43.973,0103a900000000000000000000000000000000000000000000000000000000000000000000000000000000000000000000000000000000000000000000000000,"1,0,0,0","3,169,0,0"
2026-05-16T12:25:43.973,0103aa00000000000000000000000000000000000000000000000000000000000000000000000000000000000000000000000000000000000000000000000000,"1,0,0,0","3,170,0,0"
2026-05-16T12:25:43.973,0103ab00000000000000000000000000000000000000000000000000000000000000000000000000000000000000000000000000000000000000000000000000,"1,0,0,0","3,171,0,0"
2026-05-16T12:25:43.973,0103ac00000000000000000000000000000000000000000000000000000000000000000000000000000000000000000000000000000000000000000000000000,"1,0,0,0","3,172,0,0"
2026-05-16T12:25:43.973,0103ad00000000000000000000000000000000000000000000000000000000000000000000000000000000000000000000000000000000000000000000000000,"1,0,0,0","3,173,0,0"
2026-05-16T12:25:44.074,0103ae00000000000000000000000000000000000000000000000000000000000000000000000000000000000000000000000000000000000000000000000000,"1,0,0,0","3,174,0,0"
2026-05-16T12:25:44.074,0103af00000000000000000000000000000000000000000000000000000000000000000000000000000000000000000000000000000000000000000000000000,"1,0,0,0","3,175,0,0"
2026-05-16T12:25:44.074,0103b000000000000000000000000000000000000000000000000000000000000000000000000000000000000000000000000000000000000000000000000000,"1,0,0,0","3,176,0,0"
2026-05-16T12:25:44.074,0103b100000000000000000000000000000000000000000000000000000000000000000000000000000000000000000000000000000000000000000000000000,"1,0,0,0","3,177,0,0"
2026-05-16T12:25:44.074,0103b200000000000000000000000000000000000000000000000000000000000000000000000000000000000000000000000000000000000000000000000000,"1,0,0,0","3,178,0,0"
2026-05-16T12:25:44.074,0103b300000000000000000000000000000000000000000000000000000000000000000000000000000000000000000000000000000000000000000000000000,"1,0,0,0","3,179,0,0"
2026-05-16T12:25:44.074,0103b400000000000000000000000000000000000000000000000000000000000000000000000000000000000000000000000000000000000000000000000000,"1,0,0,0","3,180,0,0"
2026-05-16T12:25:44.074,0103b500000000000000000000000000000000000000000000000000000000000000000000000000000000000000000000000000000000000000000000000000,"1,0,0,0","3,181,0,0"
2026-05-16T12:25:44.074,0103b600000000000000000000000000000000000000000000000000000000000000000000000000000000000000000000000000000000000000000000000000,"1,0,0,0","3,182,0,0"
2026-05-16T12:25:44.074,0103b700000000000000000000000000000000000000000000000000000000000000000000000000000000000000000000000000000000000000000000000000,"1,0,0,0","3,183,0,0"
2026-05-16T12:25:44.074,0103b800000000000000000000000000000000000000000000000000000000000000000000000000000000000000000000000000000000000000000000000000,"1,0,0,0","3,184,0,0"
2026-05-16T12:25:44.074,0103b900000000000000000000000000000000000000000000000000000000000000000000000000000000000000000000000000000000000000000000000000,"1,0,0,0","3,185,0,0"
2026-05-16T12:25:44.074,0103ba00000000000000000000000000000000000000000000000000000000000000000000000000000000000000000000000000000000000000000000000000,"1,0,0,0","3,186,0,0"
2026-05-16T12:25:44.074,0103bb00000000000000000000000000000000000000000000000000000000000000000000000000000000000000000000000000000000000000000000000000,"1,0,0,0","3,187,0,0"
2026-05-16T12:25:44.074,0103bc00000000000000000000000000000000000000000000000000000000000000000000000000000000000000000000000000000000000000000000000000,"1,0,0,0","3,188,0,0"
2026-05-16T12:25:44.074,0103bd00000000000000000000000000000000000000000000000000000000000000000000000000000000000000000000000000000000000000000000000000,"1,0,0,0","3,189,0,0"
2026-05-16T12:25:44.074,0103be00000000000000000000000000000000000000000000000000000000000000000000000000000000000000000000000000000000000000000000000000,"1,0,0,0","3,190,0,0"
2026-05-16T12:25:44.074,0103bf00000000000000000000000000000000000000000000000000000000000000000000000000000000000000000000000000000000000000000000000000,"1,0,0,0","3,191,0,0"
2026-05-16T12:25:44.074,0103c000000000000000000000000000000000000000000000000000000000000000000000000000000000000000000000000000000000000000000000000000,"1,0,0,0","3,192,0,0"
2026-05-16T12:25:44.074,0103c100000000000000000000000000000000000000000000000000000000000000000000000000000000000000000000000000000000000000000000000000,"1,0,0,0","3,193,0,0"
2026-05-16T12:25:44.074,0103c200000000000000000000000000000000000000000000000000000000000000000000000000000000000000000000000000000000000000000000000000,"1,0,0,0","3,194,0,0"
2026-05-16T12:25:44.074,0103c300000000000000000000000000000000000000000000000000000000000000000000000000000000000000000000000000000000000000000000000000,"1,0,0,0","3,195,0,0"
2026-05-16T12:25:44.074,0103c400000000000000000000000000000000000000000000000000000000000000000000000000000000000000000000000000000000000000000000000000,"1,0,0,0","3,196,0,0"
2026-05-16T12:25:44.074,0103c500000000000000000000000000000000000000000000000000000000000000000000000000000000000000000000000000000000000000000000000000,"1,0,0,0","3,197,0,0"
2026-05-16T12:25:44.074,0103c600000000000000000000000000000000000000000000000000000000000000000000000000000000000000000000000000000000000000000000000000,"1,0,0,0","3,198,0,0"
2026-05-16T12:25:44.074,0103c700000000000000000000000000000000000000000000000000000000000000000000000000000000000000000000000000000000000000000000000000,"1,0,0,0","3,199,0,0"
2026-05-16T12:25:44.174,0103c800000000000000000000000000000000000000000000000000000000000000000000000000000000000000000000000000000000000000000000000000,"1,0,0,0","3,200,0,0"
2026-05-16T12:25:44.174,0103c900000000000000000000000000000000000000000000000000000000000000000000000000000000000000000000000000000000000000000000000000,"1,0,0,0","3,201,0,0"
2026-05-16T12:25:44.174,0103ca00000000000000000000000000000000000000000000000000000000000000000000000000000000000000000000000000000000000000000000000000,"1,0,0,0","3,202,0,0"
2026-05-16T12:25:44.174,0103cb00000000000000000000000000000000000000000000000000000000000000000000000000000000000000000000000000000000000000000000000000,"1,0,0,0","3,203,0,0"
2026-05-16T12:25:44.174,0103cc00000000000000000000000000000000000000000000000000000000000000000000000000000000000000000000000000000000000000000000000000,"1,0,0,0","3,204,0,0"
2026-05-16T12:25:44.175,0103cd00000000000000000000000000000000000000000000000000000000000000000000000000000000000000000000000000000000000000000000000000,"1,0,0,0","3,205,0,0"
2026-05-16T12:25:44.175,0103ce00000000000000000000000000000000000000000000000000000000000000000000000000000000000000000000000000000000000000000000000000,"1,0,0,0","3,206,0,0"
2026-05-16T12:25:44.175,0103cf00000000000000000000000000000000000000000000000000000000000000000000000000000000000000000000000000000000000000000000000000,"1,0,0,0","3,207,0,0"
2026-05-16T12:25:44.175,0103d000000000000000000000000000000000000000000000000000000000000000000000000000000000000000000000000000000000000000000000000000,"1,0,0,0","3,208,0,0"
2026-05-16T12:25:44.175,0103d100000000000000000000000000000000000000000000000000000000000000000000000000000000000000000000000000000000000000000000000000,"1,0,0,0","3,209,0,0"
2026-05-16T12:25:44.175,0103d200000000000000000000000000000000000000000000000000000000000000000000000000000000000000000000000000000000000000000000000000,"1,0,0,0","3,210,0,0"
2026-05-16T12:25:44.175,0103d300000000000000000000000000000000000000000000000000000000000000000000000000000000000000000000000000000000000000000000000000,"1,0,0,0","3,211,0,0"
2026-05-16T12:25:44.175,0103d400000000000000000000000000000000000000000000000000000000000000000000000000000000000000000000000000000000000000000000000000,"1,0,0,0","3,212,0,0"
2026-05-16T12:25:44.275,0103d500000000000000000000000000000000000000000000000000000000000000000000000000000000000000000000000000000000000000000000000000,"1,0,0,0","3,213,0,0"
2026-05-16T12:25:44.275,0103d600000000000000000000000000000000000000000000000000000000000000000000000000000000000000000000000000000000000000000000000000,"1,0,0,0","3,214,0,0"
2026-05-16T12:25:44.575,0103d700000000000000000000000000000000000000000000000000000000000000000000000000000000000000000000000000000000000000000000000000,"1,0,0,0","3,215,0,0"
2026-05-16T12:25:44.575,0103d800000000000000000000000000000000000000000000000000000000000000000000000000000000000000000000000000000000000000000000000000,"1,0,0,0","3,216,0,0"
2026-05-16T12:25:44.576,0103d900000000000000000000000000000000000000000000000000000000000000000000000000000000000000000000000000000000000000000000000000,"1,0,0,0","3,217,0,0"
2026-05-16T12:25:44.576,0103da00000000000000000000000000000000000000000000000000000000000000000000000000000000000000000000000000000000000000000000000000,"1,0,0,0","3,218,0,0"
2026-05-16T12:25:44.576,0103db00000000000000000000000000000000000000000000000000000000000000000000000000000000000000000000000000000000000000000000000000,"1,0,0,0","3,219,0,0"
2026-05-16T12:25:44.576,0103dc00000000000000000000000000000000000000000000000000000000000000000000000000000000000000000000000000000000000000000000000000,"1,0,0,0","3,220,0,0"
2026-05-16T12:25:44.576,0103dd00000000000000000000000000000000000000000000000000000000000000000000000000000000000000000000000000000000000000000000000000,"1,0,0,0","3,221,0,0"
2026-05-16T12:25:44.576,0103de00000000000000000000000000000000000000000000000000000000000000000000000000000000000000000000000000000000000000000000000000,"1,0,0,0","3,222,0,0"
2026-05-16T12:25:44.576,0103df00000000000000000000000000000000000000000000000000000000000000000000000000000000000000000000000000000000000000000000000000,"1,0,0,0","3,223,0,0"
2026-05-16T12:25:44.576,0103e000000000000000000000000000000000000000000000000000000000000000000000000000000000000000000000000000000000000000000000000000,"1,0,0,0","3,224,0,0"
2026-05-16T12:25:44.576,0103e100000000000000000000000000000000000000000000000000000000000000000000000000000000000000000000000000000000000000000000000000,"1,0,0,0","3,225,0,0"
2026-05-16T12:25:44.576,0103e200000000000000000000000000000000000000000000000000000000000000000000000000000000000000000000000000000000000000000000000000,"1,0,0,0","3,226,0,0"
2026-05-16T12:25:44.576,0103e300000000000000000000000000000000000000000000000000000000000000000000000000000000000000000000000000000000000000000000000000,"1,0,0,0","3,227,0,0"
2026-05-16T12:25:44.576,0103e400000000000000000000000000000000000000000000000000000000000000000000000000000000000000000000000000000000000000000000000000,"1,0,0,0","3,228,0,0"
2026-05-16T12:25:44.576,0103e500000000000000000000000000000000000000000000000000000000000000000000000000000000000000000000000000000000000000000000000000,"1,0,0,0","3,229,0,0"
2026-05-16T12:25:44.576,0103e600000000000000000000000000000000000000000000000000000000000000000000000000000000000000000000000000000000000000000000000000,"1,0,0,0","3,230,0,0"
2026-05-16T12:25:44.576,0103e700000000000000000000000000000000000000000000000000000000000000000000000000000000000000000000000000000000000000000000000000,"1,0,0,0","3,231,0,0"
2026-05-16T12:25:44.576,0103e800000000000000000000000000000000000000000000000000000000000000000000000000000000000000000000000000000000000000000000000000,"1,0,0,0","3,232,0,0"
2026-05-16T12:25:44.676,0103e900000000000000000000000000000000000000000000000000000000000000000000000000000000000000000000000000000000000000000000000000,"1,0,0,0","3,233,0,0"
2026-05-16T12:25:44.676,0103ea00000000000000000000000000000000000000000000000000000000000000000000000000000000000000000000000000000000000000000000000000,"1,0,0,0","3,234,0,0"
2026-05-16T12:25:44.676,0103eb00000000000000000000000000000000000000000000000000000000000000000000000000000000000000000000000000000000000000000000000000,"1,0,0,0","3,235,0,0"
2026-05-16T12:25:44.676,0103ec00000000000000000000000000000000000000000000000000000000000000000000000000000000000000000000000000000000000000000000000000,"1,0,0,0","3,236,0,0"
2026-05-16T12:25:44.676,0103ed00000000000000000000000000000000000000000000000000000000000000000000000000000000000000000000000000000000000000000000000000,"1,0,0,0","3,237,0,0"
2026-05-16T12:25:44.676,0103ee00000000000000000000000000000000000000000000000000000000000000000000000000000000000000000000000000000000000000000000000000,"1,0,0,0","3,238,0,0"
2026-05-16T12:25:44.676,0103ef00000000000000000000000000000000000000000000000000000000000000000000000000000000000000000000000000000000000000000000000000,"1,0,0,0","3,239,0,0"
2026-05-16T12:25:44.676,0103f000000000000000000000000000000000000000000000000000000000000000000000000000000000000000000000000000000000000000000000000000,"1,0,0,0","3,240,0,0"
2026-05-16T12:25:44.676,0103f100000000000000000000000000000000000000000000000000000000000000000000000000000000000000000000000000000000000000000000000000,"1,0,0,0","3,241,0,0"
2026-05-16T12:25:44.676,0103f200000000000000000000000000000000000000000000000000000000000000000000000000000000000000000000000000000000000000000000000000,"1,0,0,0","3,242,0,0"
2026-05-16T12:25:44.676,0103f300000000000000000000000000000000000000000000000000000000000000000000000000000000000000000000000000000000000000000000000000,"1,0,0,0","3,243,0,0"
2026-05-16T12:25:44.676,0103f400000000000000000000000000000000000000000000000000000000000000000000000000000000000000000000000000000000000000000000000000,"1,0,0,0","3,244,0,0"
2026-05-16T12:25:44.676,0103f500000000000000000000000000000000000000000000000000000000000000000000000000000000000000000000000000000000000000000000000000,"1,0,0,0","3,245,0,0"
2026-05-16T12:25:44.676,0103f600000000000000000000000000000000000000000000000000000000000000000000000000000000000000000000000000000000000000000000000000,"1,0,0,0","3,246,0,0"
2026-05-16T12:25:44.676,0103f700000000000000000000000000000000000000000000000000000000000000000000000000000000000000000000000000000000000000000000000000,"1,0,0,0","3,247,0,0"
2026-05-16T12:25:44.676,0103f800000000000000000000000000000000000000000000000000000000000000000000000000000000000000000000000000000000000000000000000000,"1,0,0,0","3,248,0,0"
2026-05-16T12:25:44.676,0103f900000000000000000000000000000000000000000000000000000000000000000000000000000000000000000000000000000000000000000000000000,"1,0,0,0","3,249,0,0"
2026-05-16T12:25:44.676,0103fa00000000000000000000000000000000000000000000000000000000000000000000000000000000000000000000000000000000000000000000000000,"1,0,0,0","3,250,0,0"
2026-05-16T12:25:44.676,0103fb00000000000000000000000000000000000000000000000000000000000000000000000000000000000000000000000000000000000000000000000000,"1,0,0,0","3,251,0,0"
2026-05-16T12:25:44.676,0103fd00000000000000000000000000000000000000000000000000000000000000000000000000000000000000000000000000000000000000000000000000,"1,0,0,0","3,253,0,0"
2026-05-16T12:25:44.676,0103fe00000000000000000000000000000000000000000000000000000000000000000000000000000000000000000000000000000000000000000000000000,"1,0,0,0","3,254,0,0"
2026-05-16T12:25:44.676,0103ff00000000000000000000000000000000000000000000000000000000000000000000000000000000000000000000000000000000000000000000000000,"1,0,0,0","3,255,0,0"
2026-05-16T12:25:53.590,0103fe00000000000000000000000000000000000000000000000000000000000000000000000000000000000000000000000000000000000000000000000000,"1,0,0,0","3,254,0,0"
2026-05-16T12:25:53.591,0103fd00000000000000000000000000000000000000000000000000000000000000000000000000000000000000000000000000000000000000000000000000,"1,0,0,0","3,253,0,0"
2026-05-16T12:25:53.591,0103fc00000000000000000000000000000000000000000000000000000000000000000000000000000000000000000000000000000000000000000000000000,"1,0,0,0","3,252,0,0"
2026-05-16T12:25:53.591,0103fb00000000000000000000000000000000000000000000000000000000000000000000000000000000000000000000000000000000000000000000000000,"1,0,0,0","3,251,0,0"
2026-05-16T12:25:53.591,0103fa00000000000000000000000000000000000000000000000000000000000000000000000000000000000000000000000000000000000000000000000000,"1,0,0,0","3,250,0,0"
2026-05-16T12:25:53.591,0103f900000000000000000000000000000000000000000000000000000000000000000000000000000000000000000000000000000000000000000000000000,"1,0,0,0","3,249,0,0"
2026-05-16T12:25:53.591,0103f800000000000000000000000000000000000000000000000000000000000000000000000000000000000000000000000000000000000000000000000000,"1,0,0,0","3,248,0,0"
2026-05-16T12:25:53.591,0103f700000000000000000000000000000000000000000000000000000000000000000000000000000000000000000000000000000000000000000000000000,"1,0,0,0","3,247,0,0"
2026-05-16T12:25:53.591,0103f600000000000000000000000000000000000000000000000000000000000000000000000000000000000000000000000000000000000000000000000000,"1,0,0,0","3,246,0,0"
2026-05-16T12:25:53.591,0103f500000000000000000000000000000000000000000000000000000000000000000000000000000000000000000000000000000000000000000000000000,"1,0,0,0","3,245,0,0"
2026-05-16T12:25:53.591,0103f400000000000000000000000000000000000000000000000000000000000000000000000000000000000000000000000000000000000000000000000000,"1,0,0,0","3,244,0,0"
2026-05-16T12:25:53.591,0103f300000000000000000000000000000000000000000000000000000000000000000000000000000000000000000000000000000000000000000000000000,"1,0,0,0","3,243,0,0"
2026-05-16T12:25:53.591,0103f200000000000000000000000000000000000000000000000000000000000000000000000000000000000000000000000000000000000000000000000000,"1,0,0,0","3,242,0,0"
2026-05-16T12:25:53.591,0103f100000000000000000000000000000000000000000000000000000000000000000000000000000000000000000000000000000000000000000000000000,"1,0,0,0","3,241,0,0"
2026-05-16T12:25:53.591,0103f000000000000000000000000000000000000000000000000000000000000000000000000000000000000000000000000000000000000000000000000000,"1,0,0,0","3,240,0,0"
2026-05-16T12:25:53.591,0103ef00000000000000000000000000000000000000000000000000000000000000000000000000000000000000000000000000000000000000000000000000,"1,0,0,0","3,239,0,0"
2026-05-16T12:25:53.691,0103ee00000000000000000000000000000000000000000000000000000000000000000000000000000000000000000000000000000000000000000000000000,"1,0,0,0","3,238,0,0"
2026-05-16T12:25:53.691,0103ed00000000000000000000000000000000000000000000000000000000000000000000000000000000000000000000000000000000000000000000000000,"1,0,0,0","3,237,0,0"
2026-05-16T12:25:53.691,0103ec00000000000000000000000000000000000000000000000000000000000000000000000000000000000000000000000000000000000000000000000000,"1,0,0,0","3,236,0,0"
2026-05-16T12:25:53.691,0103eb00000000000000000000000000000000000000000000000000000000000000000000000000000000000000000000000000000000000000000000000000,"1,0,0,0","3,235,0,0"
2026-05-16T12:25:53.691,0103ea00000000000000000000000000000000000000000000000000000000000000000000000000000000000000000000000000000000000000000000000000,"1,0,0,0","3,234,0,0"
2026-05-16T12:25:53.691,0103e900000000000000000000000000000000000000000000000000000000000000000000000000000000000000000000000000000000000000000000000000,"1,0,0,0","3,233,0,0"
2026-05-16T12:25:53.691,0103e800000000000000000000000000000000000000000000000000000000000000000000000000000000000000000000000000000000000000000000000000,"1,0,0,0","3,232,0,0"
2026-05-16T12:25:53.691,0103e700000000000000000000000000000000000000000000000000000000000000000000000000000000000000000000000000000000000000000000000000,"1,0,0,0","3,231,0,0"
2026-05-16T12:25:53.691,0103e600000000000000000000000000000000000000000000000000000000000000000000000000000000000000000000000000000000000000000000000000,"1,0,0,0","3,230,0,0"
2026-05-16T12:25:53.691,0103e500000000000000000000000000000000000000000000000000000000000000000000000000000000000000000000000000000000000000000000000000,"1,0,0,0","3,229,0,0"
2026-05-16T12:25:53.691,0103e400000000000000000000000000000000000000000000000000000000000000000000000000000000000000000000000000000000000000000000000000,"1,0,0,0","3,228,0,0"
2026-05-16T12:25:53.691,0103e300000000000000000000000000000000000000000000000000000000000000000000000000000000000000000000000000000000000000000000000000,"1,0,0,0","3,227,0,0"
2026-05-16T12:25:53.691,0103e200000000000000000000000000000000000000000000000000000000000000000000000000000000000000000000000000000000000000000000000000,"1,0,0,0","3,226,0,0"
2026-05-16T12:25:53.691,0103e100000000000000000000000000000000000000000000000000000000000000000000000000000000000000000000000000000000000000000000000000,"1,0,0,0","3,225,0,0"
2026-05-16T12:25:53.691,0103e000000000000000000000000000000000000000000000000000000000000000000000000000000000000000000000000000000000000000000000000000,"1,0,0,0","3,224,0,0"
2026-05-16T12:25:53.691,0103df00000000000000000000000000000000000000000000000000000000000000000000000000000000000000000000000000000000000000000000000000,"1,0,0,0","3,223,0,0"
2026-05-16T12:25:53.691,0103de00000000000000000000000000000000000000000000000000000000000000000000000000000000000000000000000000000000000000000000000000,"1,0,0,0","3,222,0,0"
2026-05-16T12:25:53.691,0103dd00000000000000000000000000000000000000000000000000000000000000000000000000000000000000000000000000000000000000000000000000,"1,0,0,0","3,221,0,0"
2026-05-16T12:25:53.691,0103dc00000000000000000000000000000000000000000000000000000000000000000000000000000000000000000000000000000000000000000000000000,"1,0,0,0","3,220,0,0"
2026-05-16T12:25:53.691,0103db00000000000000000000000000000000000000000000000000000000000000000000000000000000000000000000000000000000000000000000000000,"1,0,0,0","3,219,0,0"
2026-05-16T12:25:53.691,0103da00000000000000000000000000000000000000000000000000000000000000000000000000000000000000000000000000000000000000000000000000,"1,0,0,0","3,218,0,0"
2026-05-16T12:25:53.692,0103d900000000000000000000000000000000000000000000000000000000000000000000000000000000000000000000000000000000000000000000000000,"1,0,0,0","3,217,0,0"
2026-05-16T12:25:53.692,0103d800000000000000000000000000000000000000000000000000000000000000000000000000000000000000000000000000000000000000000000000000,"1,0,0,0","3,216,0,0"
2026-05-16T12:25:53.692,0103d700000000000000000000000000000000000000000000000000000000000000000000000000000000000000000000000000000000000000000000000000,"1,0,0,0","3,215,0,0"
2026-05-16T12:25:53.692,0103d600000000000000000000000000000000000000000000000000000000000000000000000000000000000000000000000000000000000000000000000000,"1,0,0,0","3,214,0,0"
2026-05-16T12:25:53.692,0103d500000000000000000000000000000000000000000000000000000000000000000000000000000000000000000000000000000000000000000000000000,"1,0,0,0","3,213,0,0"
2026-05-16T12:25:53.692,0103d400000000000000000000000000000000000000000000000000000000000000000000000000000000000000000000000000000000000000000000000000,"1,0,0,0","3,212,0,0"
2026-05-16T12:25:53.692,0103d300000000000000000000000000000000000000000000000000000000000000000000000000000000000000000000000000000000000000000000000000,"1,0,0,0","3,211,0,0"
2026-05-16T12:25:53.692,0103d200000000000000000000000000000000000000000000000000000000000000000000000000000000000000000000000000000000000000000000000000,"1,0,0,0","3,210,0,0"
2026-05-16T12:25:53.692,0103d100000000000000000000000000000000000000000000000000000000000000000000000000000000000000000000000000000000000000000000000000,"1,0,0,0","3,209,0,0"
2026-05-16T12:25:53.692,0103d000000000000000000000000000000000000000000000000000000000000000000000000000000000000000000000000000000000000000000000000000,"1,0,0,0","3,208,0,0"
2026-05-16T12:25:53.692,0103cf00000000000000000000000000000000000000000000000000000000000000000000000000000000000000000000000000000000000000000000000000,"1,0,0,0","3,207,0,0"
2026-05-16T12:25:53.792,0103ce00000000000000000000000000000000000000000000000000000000000000000000000000000000000000000000000000000000000000000000000000,"1,0,0,0","3,206,0,0"
2026-05-16T12:25:53.792,0103cd00000000000000000000000000000000000000000000000000000000000000000000000000000000000000000000000000000000000000000000000000,"1,0,0,0","3,205,0,0"
2026-05-16T12:25:53.792,0103cc00000000000000000000000000000000000000000000000000000000000000000000000000000000000000000000000000000000000000000000000000,"1,0,0,0","3,204,0,0"
2026-05-16T12:25:53.792,0103cb00000000000000000000000000000000000000000000000000000000000000000000000000000000000000000000000000000000000000000000000000,"1,0,0,0","3,203,0,0"
2026-05-16T12:25:53.792,0103ca00000000000000000000000000000000000000000000000000000000000000000000000000000000000000000000000000000000000000000000000000,"1,0,0,0","3,202,0,0"
2026-05-16T12:25:53.792,0103c900000000000000000000000000000000000000000000000000000000000000000000000000000000000000000000000000000000000000000000000000,"1,0,0,0","3,201,0,0"
2026-05-16T12:25:53.792,0103c800000000000000000000000000000000000000000000000000000000000000000000000000000000000000000000000000000000000000000000000000,"1,0,0,0","3,200,0,0"
2026-05-16T12:25:53.792,0103c700000000000000000000000000000000000000000000000000000000000000000000000000000000000000000000000000000000000000000000000000,"1,0,0,0","3,199,0,0"
2026-05-16T12:25:53.792,0103c600000000000000000000000000000000000000000000000000000000000000000000000000000000000000000000000000000000000000000000000000,"1,0,0,0","3,198,0,0"
2026-05-16T12:25:53.792,0103c500000000000000000000000000000000000000000000000000000000000000000000000000000000000000000000000000000000000000000000000000,"1,0,0,0","3,197,0,0"
2026-05-16T12:25:53.792,0103c400000000000000000000000000000000000000000000000000000000000000000000000000000000000000000000000000000000000000000000000000,"1,0,0,0","3,196,0,0"
2026-05-16T12:25:53.792,0103c300000000000000000000000000000000000000000000000000000000000000000000000000000000000000000000000000000000000000000000000000,"1,0,0,0","3,195,0,0"
2026-05-16T12:25:53.792,0103c200000000000000000000000000000000000000000000000000000000000000000000000000000000000000000000000000000000000000000000000000,"1,0,0,0","3,194,0,0"
2026-05-16T12:25:53.792,0103c100000000000000000000000000000000000000000000000000000000000000000000000000000000000000000000000000000000000000000000000000,"1,0,0,0","3,193,0,0"
2026-05-16T12:25:53.792,0103c000000000000000000000000000000000000000000000000000000000000000000000000000000000000000000000000000000000000000000000000000,"1,0,0,0","3,192,0,0"
2026-05-16T12:25:53.792,0103bf00000000000000000000000000000000000000000000000000000000000000000000000000000000000000000000000000000000000000000000000000,"1,0,0,0","3,191,0,0"
2026-05-16T12:25:53.792,0103be00000000000000000000000000000000000000000000000000000000000000000000000000000000000000000000000000000000000000000000000000,"1,0,0,0","3,190,0,0"
2026-05-16T12:25:53.792,0103bd00000000000000000000000000000000000000000000000000000000000000000000000000000000000000000000000000000000000000000000000000,"1,0,0,0","3,189,0,0"
2026-05-16T12:25:53.792,0103bc00000000000000000000000000000000000000000000000000000000000000000000000000000000000000000000000000000000000000000000000000,"1,0,0,0","3,188,0,0"
2026-05-16T12:25:53.792,0103bb00000000000000000000000000000000000000000000000000000000000000000000000000000000000000000000000000000000000000000000000000,"1,0,0,0","3,187,0,0"
2026-05-16T12:25:53.792,0103ba00000000000000000000000000000000000000000000000000000000000000000000000000000000000000000000000000000000000000000000000000,"1,0,0,0","3,186,0,0"
2026-05-16T12:25:53.792,0103b900000000000000000000000000000000000000000000000000000000000000000000000000000000000000000000000000000000000000000000000000,"1,0,0,0","3,185,0,0"
2026-05-16T12:25:53.792,0103b800000000000000000000000000000000000000000000000000000000000000000000000000000000000000000000000000000000000000000000000000,"1,0,0,0","3,184,0,0"
2026-05-16T12:25:53.792,0103b700000000000000000000000000000000000000000000000000000000000000000000000000000000000000000000000000000000000000000000000000,"1,0,0,0","3,183,0,0"
2026-05-16T12:25:53.792,0103b600000000000000000000000000000000000000000000000000000000000000000000000000000000000000000000000000000000000000000000000000,"1,0,0,0","3,182,0,0"
2026-05-16T12:25:53.792,0103b500000000000000000000000000000000000000000000000000000000000000000000000000000000000000000000000000000000000000000000000000,"1,0,0,0","3,181,0,0"
2026-05-16T12:25:53.792,0103b400000000000000000000000000000000000000000000000000000000000000000000000000000000000000000000000000000000000000000000000000,"1,0,0,0","3,180,0,0"
2026-05-16T12:25:53.792,0103b300000000000000000000000000000000000000000000000000000000000000000000000000000000000000000000000000000000000000000000000000,"1,0,0,0","3,179,0,0"
2026-05-16T12:25:53.792,0103b200000000000000000000000000000000000000000000000000000000000000000000000000000000000000000000000000000000000000000000000000,"1,0,0,0","3,178,0,0"
2026-05-16T12:25:53.792,0103b100000000000000000000000000000000000000000000000000000000000000000000000000000000000000000000000000000000000000000000000000,"1,0,0,0","3,177,0,0"
2026-05-16T12:25:53.893,0103b000000000000000000000000000000000000000000000000000000000000000000000000000000000000000000000000000000000000000000000000000,"1,0,0,0","3,176,0,0"
2026-05-16T12:25:53.893,0103af00000000000000000000000000000000000000000000000000000000000000000000000000000000000000000000000000000000000000000000000000,"1,0,0,0","3,175,0,0"
2026-05-16T12:25:53.893,0103ae00000000000000000000000000000000000000000000000000000000000000000000000000000000000000000000000000000000000000000000000000,"1,0,0,0","3,174,0,0"
2026-05-16T12:25:54.393,0103ad00000000000000000000000000000000000000000000000000000000000000000000000000000000000000000000000000000000000000000000000000,"1,0,0,0","3,173,0,0"
2026-05-16T12:25:54.393,0103ac00000000000000000000000000000000000000000000000000000000000000000000000000000000000000000000000000000000000000000000000000,"1,0,0,0","3,172,0,0"
2026-05-16T12:25:54.393,0103ab00000000000000000000000000000000000000000000000000000000000000000000000000000000000000000000000000000000000000000000000000,"1,0,0,0","3,171,0,0"
2026-05-16T12:25:54.393,0103aa00000000000000000000000000000000000000000000000000000000000000000000000000000000000000000000000000000000000000000000000000,"1,0,0,0","3,170,0,0"
2026-05-16T12:25:54.393,0103a900000000000000000000000000000000000000000000000000000000000000000000000000000000000000000000000000000000000000000000000000,"1,0,0,0","3,169,0,0"
2026-05-16T12:25:54.394,0103a800000000000000000000000000000000000000000000000000000000000000000000000000000000000000000000000000000000000000000000000000,"1,0,0,0","3,168,0,0"
2026-05-16T12:25:54.394,0103a700000000000000000000000000000000000000000000000000000000000000000000000000000000000000000000000000000000000000000000000000,"1,0,0,0","3,167,0,0"
2026-05-16T12:25:54.394,0103a600000000000000000000000000000000000000000000000000000000000000000000000000000000000000000000000000000000000000000000000000,"1,0,0,0","3,166,0,0"
2026-05-16T12:25:54.394,0103a500000000000000000000000000000000000000000000000000000000000000000000000000000000000000000000000000000000000000000000000000,"1,0,0,0","3,165,0,0"
2026-05-16T12:25:54.394,0103a400000000000000000000000000000000000000000000000000000000000000000000000000000000000000000000000000000000000000000000000000,"1,0,0,0","3,164,0,0"
2026-05-16T12:25:54.394,0103a300000000000000000000000000000000000000000000000000000000000000000000000000000000000000000000000000000000000000000000000000,"1,0,0,0","3,163,0,0"
2026-05-16T12:25:54.394,0103a200000000000000000000000000000000000000000000000000000000000000000000000000000000000000000000000000000000000000000000000000,"1,0,0,0","3,162,0,0"
2026-05-16T12:25:54.394,0103a100000000000000000000000000000000000000000000000000000000000000000000000000000000000000000000000000000000000000000000000000,"1,0,0,0","3,161,0,0"
2026-05-16T12:25:54.394,0103a000000000000000000000000000000000000000000000000000000000000000000000000000000000000000000000000000000000000000000000000000,"1,0,0,0","3,160,0,0"
2026-05-16T12:25:54.394,01039f00000000000000000000000000000000000000000000000000000000000000000000000000000000000000000000000000000000000000000000000000,"1,0,0,0","3,159,0,0"
2026-05-16T12:25:54.394,01039e00000000000000000000000000000000000000000000000000000000000000000000000000000000000000000000000000000000000000000000000000,"1,0,0,0","3,158,0,0"
2026-05-16T12:25:54.494,01039d00000000000000000000000000000000000000000000000000000000000000000000000000000000000000000000000000000000000000000000000000,"1,0,0,0","3,157,0,0"
2026-05-16T12:25:54.494,01039c00000000000000000000000000000000000000000000000000000000000000000000000000000000000000000000000000000000000000000000000000,"1,0,0,0","3,156,0,0"
2026-05-16T12:25:54.494,01039b00000000000000000000000000000000000000000000000000000000000000000000000000000000000000000000000000000000000000000000000000,"1,0,0,0","3,155,0,0"
2026-05-16T12:25:54.494,01039a00000000000000000000000000000000000000000000000000000000000000000000000000000000000000000000000000000000000000000000000000,"1,0,0,0","3,154,0,0"
2026-05-16T12:25:54.494,01039900000000000000000000000000000000000000000000000000000000000000000000000000000000000000000000000000000000000000000000000000,"1,0,0,0","3,153,0,0"
2026-05-16T12:25:54.494,01039800000000000000000000000000000000000000000000000000000000000000000000000000000000000000000000000000000000000000000000000000,"1,0,0,0","3,152,0,0"
2026-05-16T12:25:54.494,01039700000000000000000000000000000000000000000000000000000000000000000000000000000000000000000000000000000000000000000000000000,"1,0,0,0","3,151,0,0"
2026-05-16T12:25:54.494,01039600000000000000000000000000000000000000000000000000000000000000000000000000000000000000000000000000000000000000000000000000,"1,0,0,0","3,150,0,0"
2026-05-16T12:25:54.494,01039500000000000000000000000000000000000000000000000000000000000000000000000000000000000000000000000000000000000000000000000000,"1,0,0,0","3,149,0,0"
2026-05-16T12:25:54.494,01039400000000000000000000000000000000000000000000000000000000000000000000000000000000000000000000000000000000000000000000000000,"1,0,0,0","3,148,0,0"
2026-05-16T12:25:54.494,01039300000000000000000000000000000000000000000000000000000000000000000000000000000000000000000000000000000000000000000000000000,"1,0,0,0","3,147,0,0"
2026-05-16T12:25:54.494,01039200000000000000000000000000000000000000000000000000000000000000000000000000000000000000000000000000000000000000000000000000,"1,0,0,0","3,146,0,0"
2026-05-16T12:25:54.494,01039100000000000000000000000000000000000000000000000000000000000000000000000000000000000000000000000000000000000000000000000000,"1,0,0,0","3,145,0,0"
2026-05-16T12:25:54.494,01039000000000000000000000000000000000000000000000000000000000000000000000000000000000000000000000000000000000000000000000000000,"1,0,0,0","3,144,0,0"
2026-05-16T12:25:54.494,01038f00000000000000000000000000000000000000000000000000000000000000000000000000000000000000000000000000000000000000000000000000,"1,0,0,0","3,143,0,0"
2026-05-16T12:25:54.494,01038e00000000000000000000000000000000000000000000000000000000000000000000000000000000000000000000000000000000000000000000000000,"1,0,0,0","3,142,0,0"
2026-05-16T12:25:54.494,01038d00000000000000000000000000000000000000000000000000000000000000000000000000000000000000000000000000000000000000000000000000,"1,0,0,0","3,141,0,0"
2026-05-16T12:25:54.494,01038c00000000000000000000000000000000000000000000000000000000000000000000000000000000000000000000000000000000000000000000000000,"1,0,0,0","3,140,0,0"
2026-05-16T12:25:54.494,01038b00000000000000000000000000000000000000000000000000000000000000000000000000000000000000000000000000000000000000000000000000,"1,0,0,0","3,139,0,0"
2026-05-16T12:25:54.494,01038a00000000000000000000000000000000000000000000000000000000000000000000000000000000000000000000000000000000000000000000000000,"1,0,0,0","3,138,0,0"
2026-05-16T12:25:54.494,01038900000000000000000000000000000000000000000000000000000000000000000000000000000000000000000000000000000000000000000000000000,"1,0,0,0","3,137,0,0"
2026-05-16T12:25:54.494,01038800000000000000000000000000000000000000000000000000000000000000000000000000000000000000000000000000000000000000000000000000,"1,0,0,0","3,136,0,0"
2026-05-16T12:25:54.595,01038700000000000000000000000000000000000000000000000000000000000000000000000000000000000000000000000000000000000000000000000000,"1,0,0,0","3,135,0,0"
2026-05-16T12:25:54.595,01038600000000000000000000000000000000000000000000000000000000000000000000000000000000000000000000000000000000000000000000000000,"1,0,0,0","3,134,0,0"
2026-05-16T12:25:54.595,01038500000000000000000000000000000000000000000000000000000000000000000000000000000000000000000000000000000000000000000000000000,"1,0,0,0","3,133,0,0"
2026-05-16T12:25:54.595,01038400000000000000000000000000000000000000000000000000000000000000000000000000000000000000000000000000000000000000000000000000,"1,0,0,0","3,132,0,0"
2026-05-16T12:25:54.595,01038300000000000000000000000000000000000000000000000000000000000000000000000000000000000000000000000000000000000000000000000000,"1,0,0,0","3,131,0,0"
2026-05-16T12:25:54.595,01038200000000000000000000000000000000000000000000000000000000000000000000000000000000000000000000000000000000000000000000000000,"1,0,0,0","3,130,0,0"
2026-05-16T12:25:54.595,01038100000000000000000000000000000000000000000000000000000000000000000000000000000000000000000000000000000000000000000000000000,"1,0,0,0","3,129,0,0"
2026-05-16T12:25:54.595,01038000000000000000000000000000000000000000000000000000000000000000000000000000000000000000000000000000000000000000000000000000,"1,0,0,0","3,128,0,0"
2026-05-16T12:25:54.595,01037f00000000000000000000000000000000000000000000000000000000000000000000000000000000000000000000000000000000000000000000000000,"1,0,0,0","3,127,0,0"
2026-05-16T12:25:54.595,01037e00000000000000000000000000000000000000000000000000000000000000000000000000000000000000000000000000000000000000000000000000,"1,0,0,0","3,126,0,0"
2026-05-16T12:25:54.595,01037d00000000000000000000000000000000000000000000000000000000000000000000000000000000000000000000000000000000000000000000000000,"1,0,0,0","3,125,0,0"
2026-05-16T12:25:54.595,01037c00000000000000000000000000000000000000000000000000000000000000000000000000000000000000000000000000000000000000000000000000,"1,0,0,0","3,124,0,0"
2026-05-16T12:25:54.595,01037b00000000000000000000000000000000000000000000000000000000000000000000000000000000000000000000000000000000000000000000000000,"1,0,0,0","3,123,0,0"
2026-05-16T12:25:54.595,01037a00000000000000000000000000000000000000000000000000000000000000000000000000000000000000000000000000000000000000000000000000,"1,0,0,0","3,122,0,0"
2026-05-16T12:25:54.595,01037900000000000000000000000000000000000000000000000000000000000000000000000000000000000000000000000000000000000000000000000000,"1,0,0,0","3,121,0,0"
2026-05-16T12:25:54.595,01037800000000000000000000000000000000000000000000000000000000000000000000000000000000000000000000000000000000000000000000000000,"1,0,0,0","3,120,0,0"
2026-05-16T12:25:54.595,01037700000000000000000000000000000000000000000000000000000000000000000000000000000000000000000000000000000000000000000000000000,"1,0,0,0","3,119,0,0"
2026-05-16T12:25:54.595,01037600000000000000000000000000000000000000000000000000000000000000000000000000000000000000000000000000000000000000000000000000,"1,0,0,0","3,118,0,0"
2026-05-16T12:25:54.595,01037500000000000000000000000000000000000000000000000000000000000000000000000000000000000000000000000000000000000000000000000000,"1,0,0,0","3,117,0,0"
2026-05-16T12:25:54.595,01037400000000000000000000000000000000000000000000000000000000000000000000000000000000000000000000000000000000000000000000000000,"1,0,0,0","3,116,0,0"
2026-05-16T12:25:54.595,01037300000000000000000000000000000000000000000000000000000000000000000000000000000000000000000000000000000000000000000000000000,"1,0,0,0","3,115,0,0"
2026-05-16T12:25:54.595,01037200000000000000000000000000000000000000000000000000000000000000000000000000000000000000000000000000000000000000000000000000,"1,0,0,0","3,114,0,0"
2026-05-16T12:25:54.595,01037100000000000000000000000000000000000000000000000000000000000000000000000000000000000000000000000000000000000000000000000000,"1,0,0,0","3,113,0,0"
2026-05-16T12:25:54.695,01037000000000000000000000000000000000000000000000000000000000000000000000000000000000000000000000000000000000000000000000000000,"1,0,0,0","3,112,0,0"
2026-05-16T12:25:54.695,01036f00000000000000000000000000000000000000000000000000000000000000000000000000000000000000000000000000000000000000000000000000,"1,0,0,0","3,111,0,0"
2026-05-16T12:25:54.696,01036e00000000000000000000000000000000000000000000000000000000000000000000000000000000000000000000000000000000000000000000000000,"1,0,0,0","3,110,0,0"
2026-05-16T12:25:54.696,01036d00000000000000000000000000000000000000000000000000000000000000000000000000000000000000000000000000000000000000000000000000,"1,0,0,0","3,109,0,0"
2026-05-16T12:25:54.696,01036c00000000000000000000000000000000000000000000000000000000000000000000000000000000000000000000000000000000000000000000000000,"1,0,0,0","3,108,0,0"
2026-05-16T12:25:54.696,01036b00000000000000000000000000000000000000000000000000000000000000000000000000000000000000000000000000000000000000000000000000,"1,0,0,0","3,107,0,0"
2026-05-16T12:25:54.696,01036a00000000000000000000000000000000000000000000000000000000000000000000000000000000000000000000000000000000000000000000000000,"1,0,0,0","3,106,0,0"
2026-05-16T12:25:54.696,01036900000000000000000000000000000000000000000000000000000000000000000000000000000000000000000000000000000000000000000000000000,"1,0,0,0","3,105,0,0"
2026-05-16T12:25:54.696,01036800000000000000000000000000000000000000000000000000000000000000000000000000000000000000000000000000000000000000000000000000,"1,0,0,0","3,104,0,0"
2026-05-16T12:25:54.696,01036700000000000000000000000000000000000000000000000000000000000000000000000000000000000000000000000000000000000000000000000000,"1,0,0,0","3,103,0,0"
2026-05-16T12:25:54.696,01036600000000000000000000000000000000000000000000000000000000000000000000000000000000000000000000000000000000000000000000000000,"1,0,0,0","3,102,0,0"
2026-05-16T12:25:54.696,01036500000000000000000000000000000000000000000000000000000000000000000000000000000000000000000000000000000000000000000000000000,"1,0,0,0","3,101,0,0"
2026-05-16T12:25:54.696,01036400000000000000000000000000000000000000000000000000000000000000000000000000000000000000000000000000000000000000000000000000,"1,0,0,0","3,100,0,0"
2026-05-16T12:25:54.696,01036300000000000000000000000000000000000000000000000000000000000000000000000000000000000000000000000000000000000000000000000000,"1,0,0,0","3,99,0,0"
2026-05-16T12:25:54.696,01036200000000000000000000000000000000000000000000000000000000000000000000000000000000000000000000000000000000000000000000000000,"1,0,0,0","3,98,0,0"
2026-05-16T12:25:54.696,01036100000000000000000000000000000000000000000000000000000000000000000000000000000000000000000000000000000000000000000000000000,"1,0,0,0","3,97,0,0"
2026-05-16T12:25:54.696,01036000000000000000000000000000000000000000000000000000000000000000000000000000000000000000000000000000000000000000000000000000,"1,0,0,0","3,96,0,0"
2026-05-16T12:25:54.796,01035f00000000000000000000000000000000000000000000000000000000000000000000000000000000000000000000000000000000000000000000000000,"1,0,0,0","3,95,0,0"
2026-05-16T12:25:54.796,01035e00000000000000000000000000000000000000000000000000000000000000000000000000000000000000000000000000000000000000000000000000,"1,0,0,0","3,94,0,0"
2026-05-16T12:25:55.197,01035d00000000000000000000000000000000000000000000000000000000000000000000000000000000000000000000000000000000000000000000000000,"1,0,0,0","3,93,0,0"
2026-05-16T12:25:55.197,01035c00000000000000000000000000000000000000000000000000000000000000000000000000000000000000000000000000000000000000000000000000,"1,0,0,0","3,92,0,0"
2026-05-16T12:25:55.197,01035b00000000000000000000000000000000000000000000000000000000000000000000000000000000000000000000000000000000000000000000000000,"1,0,0,0","3,91,0,0"
2026-05-16T12:25:55.197,01035a00000000000000000000000000000000000000000000000000000000000000000000000000000000000000000000000000000000000000000000000000,"1,0,0,0","3,90,0,0"
2026-05-16T12:25:55.197,01035900000000000000000000000000000000000000000000000000000000000000000000000000000000000000000000000000000000000000000000000000,"1,0,0,0","3,89,0,0"
2026-05-16T12:25:55.197,01035800000000000000000000000000000000000000000000000000000000000000000000000000000000000000000000000000000000000000000000000000,"1,0,0,0","3,88,0,0"
2026-05-16T12:25:55.197,01035700000000000000000000000000000000000000000000000000000000000000000000000000000000000000000000000000000000000000000000000000,"1,0,0,0","3,87,0,0"
2026-05-16T12:25:55.197,01035600000000000000000000000000000000000000000000000000000000000000000000000000000000000000000000000000000000000000000000000000,"1,0,0,0","3,86,0,0"
2026-05-16T12:25:55.197,01035500000000000000000000000000000000000000000000000000000000000000000000000000000000000000000000000000000000000000000000000000,"1,0,0,0","3,85,0,0"
2026-05-16T12:25:55.197,01035400000000000000000000000000000000000000000000000000000000000000000000000000000000000000000000000000000000000000000000000000,"1,0,0,0","3,84,0,0"
2026-05-16T12:25:55.197,01035300000000000000000000000000000000000000000000000000000000000000000000000000000000000000000000000000000000000000000000000000,"1,0,0,0","3,83,0,0"
2026-05-16T12:25:55.197,01035200000000000000000000000000000000000000000000000000000000000000000000000000000000000000000000000000000000000000000000000000,"1,0,0,0","3,82,0,0"
2026-05-16T12:25:55.197,01035100000000000000000000000000000000000000000000000000000000000000000000000000000000000000000000000000000000000000000000000000,"1,0,0,0","3,81,0,0"
2026-05-16T12:25:55.197,01035000000000000000000000000000000000000000000000000000000000000000000000000000000000000000000000000000000000000000000000000000,"1,0,0,0","3,80,0,0"
2026-05-16T12:25:55.197,01034f00000000000000000000000000000000000000000000000000000000000000000000000000000000000000000000000000000000000000000000000000,"1,0,0,0","3,79,0,0"
2026-05-16T12:25:55.197,01034e00000000000000000000000000000000000000000000000000000000000000000000000000000000000000000000000000000000000000000000000000,"1,0,0,0","3,78,0,0"
2026-05-16T12:25:55.197,01034d00000000000000000000000000000000000000000000000000000000000000000000000000000000000000000000000000000000000000000000000000,"1,0,0,0","3,77,0,0"
2026-05-16T12:25:55.197,01034c00000000000000000000000000000000000000000000000000000000000000000000000000000000000000000000000000000000000000000000000000,"1,0,0,0","3,76,0,0"
2026-05-16T12:25:55.197,01034b00000000000000000000000000000000000000000000000000000000000000000000000000000000000000000000000000000000000000000000000000,"1,0,0,0","3,75,0,0"
2026-05-16T12:25:55.197,01034a00000000000000000000000000000000000000000000000000000000000000000000000000000000000000000000000000000000000000000000000000,"1,0,0,0","3,74,0,0"
2026-05-16T12:25:55.197,01034900000000000000000000000000000000000000000000000000000000000000000000000000000000000000000000000000000000000000000000000000,"1,0,0,0","3,73,0,0"
2026-05-16T12:25:55.197,01034800000000000000000000000000000000000000000000000000000000000000000000000000000000000000000000000000000000000000000000000000,"1,0,0,0","3,72,0,0"
2026-05-16T12:25:55.297,01034700000000000000000000000000000000000000000000000000000000000000000000000000000000000000000000000000000000000000000000000000,"1,0,0,0","3,71,0,0"
2026-05-16T12:25:55.297,01034600000000000000000000000000000000000000000000000000000000000000000000000000000000000000000000000000000000000000000000000000,"1,0,0,0","3,70,0,0"
2026-05-16T12:25:55.298,01034500000000000000000000000000000000000000000000000000000000000000000000000000000000000000000000000000000000000000000000000000,"1,0,0,0","3,69,0,0"
2026-05-16T12:25:55.298,01034400000000000000000000000000000000000000000000000000000000000000000000000000000000000000000000000000000000000000000000000000,"1,0,0,0","3,68,0,0"
2026-05-16T12:25:55.298,01034300000000000000000000000000000000000000000000000000000000000000000000000000000000000000000000000000000000000000000000000000,"1,0,0,0","3,67,0,0"
2026-05-16T12:25:55.298,01034200000000000000000000000000000000000000000000000000000000000000000000000000000000000000000000000000000000000000000000000000,"1,0,0,0","3,66,0,0"
2026-05-16T12:25:55.298,01034100000000000000000000000000000000000000000000000000000000000000000000000000000000000000000000000000000000000000000000000000,"1,0,0,0","3,65,0,0"
2026-05-16T12:25:55.298,01034000000000000000000000000000000000000000000000000000000000000000000000000000000000000000000000000000000000000000000000000000,"1,0,0,0","3,64,0,0"
2026-05-16T12:25:55.298,01033f00000000000000000000000000000000000000000000000000000000000000000000000000000000000000000000000000000000000000000000000000,"1,0,0,0","3,63,0,0"
2026-05-16T12:25:55.298,01033e00000000000000000000000000000000000000000000000000000000000000000000000000000000000000000000000000000000000000000000000000,"1,0,0,0","3,62,0,0"
2026-05-16T12:25:55.298,01033d00000000000000000000000000000000000000000000000000000000000000000000000000000000000000000000000000000000000000000000000000,"1,0,0,0","3,61,0,0"
2026-05-16T12:25:55.298,01033c00000000000000000000000000000000000000000000000000000000000000000000000000000000000000000000000000000000000000000000000000,"1,0,0,0","3,60,0,0"
2026-05-16T12:25:55.298,01033b00000000000000000000000000000000000000000000000000000000000000000000000000000000000000000000000000000000000000000000000000,"1,0,0,0","3,59,0,0"
2026-05-16T12:25:55.298,01033a00000000000000000000000000000000000000000000000000000000000000000000000000000000000000000000000000000000000000000000000000,"1,0,0,0","3,58,0,0"
2026-05-16T12:25:55.298,01033900000000000000000000000000000000000000000000000000000000000000000000000000000000000000000000000000000000000000000000000000,"1,0,0,0","3,57,0,0"
2026-05-16T12:25:55.298,01033800000000000000000000000000000000000000000000000000000000000000000000000000000000000000000000000000000000000000000000000000,"1,0,0,0","3,56,0,0"
2026-05-16T12:25:55.298,01033700000000000000000000000000000000000000000000000000000000000000000000000000000000000000000000000000000000000000000000000000,"1,0,0,0","3,55,0,0"
2026-05-16T12:25:55.298,01033600000000000000000000000000000000000000000000000000000000000000000000000000000000000000000000000000000000000000000000000000,"1,0,0,0","3,54,0,0"
2026-05-16T12:25:55.298,01033500000000000000000000000000000000000000000000000000000000000000000000000000000000000000000000000000000000000000000000000000,"1,0,0,0","3,53,0,0"
2026-05-16T12:25:55.298,01033400000000000000000000000000000000000000000000000000000000000000000000000000000000000000000000000000000000000000000000000000,"1,0,0,0","3,52,0,0"
2026-05-16T12:25:55.298,01033300000000000000000000000000000000000000000000000000000000000000000000000000000000000000000000000000000000000000000000000000,"1,0,0,0","3,51,0,0"
2026-05-16T12:25:55.298,01033200000000000000000000000000000000000000000000000000000000000000000000000000000000000000000000000000000000000000000000000000,"1,0,0,0","3,50,0,0"
2026-05-16T12:25:55.298,01033100000000000000000000000000000000000000000000000000000000000000000000000000000000000000000000000000000000000000000000000000,"1,0,0,0","3,49,0,0"
2026-05-16T12:25:55.298,01033000000000000000000000000000000000000000000000000000000000000000000000000000000000000000000000000000000000000000000000000000,"1,0,0,0","3,48,0,0"
2026-05-16T12:25:55.298,01032f00000000000000000000000000000000000000000000000000000000000000000000000000000000000000000000000000000000000000000000000000,"1,0,0,0","3,47,0,0"
2026-05-16T12:25:55.298,01032e00000000000000000000000000000000000000000000000000000000000000000000000000000000000000000000000000000000000000000000000000,"1,0,0,0","3,46,0,0"
2026-05-16T12:25:55.298,01032d00000000000000000000000000000000000000000000000000000000000000000000000000000000000000000000000000000000000000000000000000,"1,0,0,0","3,45,0,0"
2026-05-16T12:25:55.298,01032c00000000000000000000000000000000000000000000000000000000000000000000000000000000000000000000000000000000000000000000000000,"1,0,0,0","3,44,0,0"
2026-05-16T12:25:55.298,01032b00000000000000000000000000000000000000000000000000000000000000000000000000000000000000000000000000000000000000000000000000,"1,0,0,0","3,43,0,0"
2026-05-16T12:25:55.298,01032a00000000000000000000000000000000000000000000000000000000000000000000000000000000000000000000000000000000000000000000000000,"1,0,0,0","3,42,0,0"
2026-05-16T12:25:55.298,01032900000000000000000000000000000000000000000000000000000000000000000000000000000000000000000000000000000000000000000000000000,"1,0,0,0","3,41,0,0"
2026-05-16T12:25:55.298,01032800000000000000000000000000000000000000000000000000000000000000000000000000000000000000000000000000000000000000000000000000,"1,0,0,0","3,40,0,0"
2026-05-16T12:25:55.298,01032700000000000000000000000000000000000000000000000000000000000000000000000000000000000000000000000000000000000000000000000000,"1,0,0,0","3,39,0,0"
2026-05-16T12:25:55.298,01032600000000000000000000000000000000000000000000000000000000000000000000000000000000000000000000000000000000000000000000000000,"1,0,0,0","3,38,0,0"
2026-05-16T12:25:55.298,01032500000000000000000000000000000000000000000000000000000000000000000000000000000000000000000000000000000000000000000000000000,"1,0,0,0","3,37,0,0"
2026-05-16T12:25:55.298,01032400000000000000000000000000000000000000000000000000000000000000000000000000000000000000000000000000000000000000000000000000,"1,0,0,0","3,36,0,0"
2026-05-16T12:25:55.298,01032300000000000000000000000000000000000000000000000000000000000000000000000000000000000000000000000000000000000000000000000000,"1,0,0,0","3,35,0,0"
2026-05-16T12:25:55.298,01032200000000000000000000000000000000000000000000000000000000000000000000000000000000000000000000000000000000000000000000000000,"1,0,0,0","3,34,0,0"
2026-05-16T12:25:55.398,01032100000000000000000000000000000000000000000000000000000000000000000000000000000000000000000000000000000000000000000000000000,"1,0,0,0","3,33,0,0"
2026-05-16T12:25:55.398,01032000000000000000000000000000000000000000000000000000000000000000000000000000000000000000000000000000000000000000000000000000,"1,0,0,0","3,32,0,0"
2026-05-16T12:25:55.398,01031f00000000000000000000000000000000000000000000000000000000000000000000000000000000000000000000000000000000000000000000000000,"1,0,0,0","3,31,0,0"
2026-05-16T12:25:55.398,01031e00000000000000000000000000000000000000000000000000000000000000000000000000000000000000000000000000000000000000000000000000,"1,0,0,0","3,30,0,0"
2026-05-16T12:25:55.398,01031d00000000000000000000000000000000000000000000000000000000000000000000000000000000000000000000000000000000000000000000000000,"1,0,0,0","3,29,0,0"
2026-05-16T12:25:55.399,01031c00000000000000000000000000000000000000000000000000000000000000000000000000000000000000000000000000000000000000000000000000,"1,0,0,0","3,28,0,0"
2026-05-16T12:25:55.399,01031b00000000000000000000000000000000000000000000000000000000000000000000000000000000000000000000000000000000000000000000000000,"1,0,0,0","3,27,0,0"
2026-05-16T12:25:55.399,01031a00000000000000000000000000000000000000000000000000000000000000000000000000000000000000000000000000000000000000000000000000,"1,0,0,0","3,26,0,0"
2026-05-16T12:25:55.399,01031900000000000000000000000000000000000000000000000000000000000000000000000000000000000000000000000000000000000000000000000000,"1,0,0,0","3,25,0,0"
2026-05-16T12:25:55.399,01031800000000000000000000000000000000000000000000000000000000000000000000000000000000000000000000000000000000000000000000000000,"1,0,0,0","3,24,0,0"
2026-05-16T12:25:55.399,01031700000000000000000000000000000000000000000000000000000000000000000000000000000000000000000000000000000000000000000000000000,"1,0,0,0","3,23,0,0"
2026-05-16T12:25:55.399,01031600000000000000000000000000000000000000000000000000000000000000000000000000000000000000000000000000000000000000000000000000,"1,0,0,0","3,22,0,0"
2026-05-16T12:25:55.399,01031500000000000000000000000000000000000000000000000000000000000000000000000000000000000000000000000000000000000000000000000000,"1,0,0,0","3,21,0,0"
2026-05-16T12:25:55.399,01031400000000000000000000000000000000000000000000000000000000000000000000000000000000000000000000000000000000000000000000000000,"1,0,0,0","3,20,0,0"
2026-05-16T12:25:55.399,01031300000000000000000000000000000000000000000000000000000000000000000000000000000000000000000000000000000000000000000000000000,"1,0,0,0","3,19,0,0"
2026-05-16T12:25:55.399,01031200000000000000000000000000000000000000000000000000000000000000000000000000000000000000000000000000000000000000000000000000,"1,0,0,0","3,18,0,0"
2026-05-16T12:25:55.399,01031100000000000000000000000000000000000000000000000000000000000000000000000000000000000000000000000000000000000000000000000000,"1,0,0,0","3,17,0,0"
2026-05-16T12:25:55.399,01031000000000000000000000000000000000000000000000000000000000000000000000000000000000000000000000000000000000000000000000000000,"1,0,0,0","3,16,0,0"
2026-05-16T12:25:55.399,01030f00000000000000000000000000000000000000000000000000000000000000000000000000000000000000000000000000000000000000000000000000,"1,0,0,0","3,15,0,0"
2026-05-16T12:25:55.399,01030e00000000000000000000000000000000000000000000000000000000000000000000000000000000000000000000000000000000000000000000000000,"1,0,0,0","3,14,0,0"
2026-05-16T12:25:55.399,01030d00000000000000000000000000000000000000000000000000000000000000000000000000000000000000000000000000000000000000000000000000,"1,0,0,0","3,13,0,0"
2026-05-16T12:25:55.399,01030c00000000000000000000000000000000000000000000000000000000000000000000000000000000000000000000000000000000000000000000000000,"1,0,0,0","3,12,0,0"
2026-05-16T12:25:55.399,01030b00000000000000000000000000000000000000000000000000000000000000000000000000000000000000000000000000000000000000000000000000,"1,0,0,0","3,11,0,0"
2026-05-16T12:25:55.399,01030a00000000000000000000000000000000000000000000000000000000000000000000000000000000000000000000000000000000000000000000000000,"1,0,0,0","3,10,0,0"
2026-05-16T12:25:55.399,01030900000000000000000000000000000000000000000000000000000000000000000000000000000000000000000000000000000000000000000000000000,"1,0,0,0","3,9,0,0"
2026-05-16T12:25:55.399,01030800000000000000000000000000000000000000000000000000000000000000000000000000000000000000000000000000000000000000000000000000,"1,0,0,0","3,8,0,0"
2026-05-16T12:25:55.399,01030700000000000000000000000000000000000000000000000000000000000000000000000000000000000000000000000000000000000000000000000000,"1,0,0,0","3,7,0,0"
2026-05-16T12:25:55.399,01030600000000000000000000000000000000000000000000000000000000000000000000000000000000000000000000000000000000000000000000000000,"1,0,0,0","3,6,0,0"
2026-05-16T12:25:55.399,01030500000000000000000000000000000000000000000000000000000000000000000000000000000000000000000000000000000000000000000000000000,"1,0,0,0","3,5,0,0"
2026-05-16T12:25:55.399,01030400000000000000000000000000000000000000000000000000000000000000000000000000000000000000000000000000000000000000000000000000,"1,0,0,0","3,4,0,0"
2026-05-16T12:25:55.399,01030300000000000000000000000000000000000000000000000000000000000000000000000000000000000000000000000000000000000000000000000000,"1,0,0,0","3,3,0,0"
2026-05-16T12:25:55.399,01030200000000000000000000000000000000000000000000000000000000000000000000000000000000000000000000000000000000000000000000000000,"1,0,0,0","3,2,0,0"
2026-05-16T12:25:55.399,01030100000000000000000000000000000000000000000000000000000000000000000000000000000000000000000000000000000000000000000000000000,"1,0,0,0","3,1,0,0"
2026-05-16T12:25:55.399,01030000000000000000000000000000000000000000000000000000000000000000000000000000000000000000000000000000000000000000000000000000,"1,0,0,0","3,0,0,0"
