timestamp,raw,first6,event_type,event_target,event_value,buttons,analogs
2026-05-16T12:51:45.012,02000100000000000000000000000000000000000000000000000000000000000000000000000000000000000000000000000000000000000000000000000000,020001,button,Button 1,1,"1,0,0,0","0,1,0,0"
2026-05-16T12:51:45.212,02000000000000000000000000000000000000000000000000000000000000000000000000000000000000000000000000000000000000000000000000000000,020000,button,Button 1,0,"0,0,0,0","0,0,0,0"
2026-05-16T12:51:49.718,01000100000000000000000000000000000000000000000000000000000000000000000000000000000000000000000000000000000000000000000000000000,010001,dial,Dial 1,1,"1,0,0,0","1,0,0,0"
2026-05-16T12:51:49.718,01000200000000000000000000000000000000000000000000000000000000000000000000000000000000000000000000000000000000000000000000000000,010002,dial,Dial 1,2,"1,0,0,0","2,0,0,0"
2026-05-16T12:51:49.718,01000300000000000000000000000000000000000000000000000000000000000000000000000000000000000000000000000000000000000000000000000000,010003,dial,Dial 1,3,"1,0,0,0","3,0,0,0"
2026-05-16T12:51:49.718,01000400000000000000000000000000000000000000000000000000000000000000000000000000000000000000000000000000000000000000000000000000,010004,dial,Dial 1,4,"1,0,0,0","4,0,0,0"
2026-05-16T12:51:49.718,01000500000000000000000000000000000000000000000000000000000000000000000000000000000000000000000000000000000000000000000000000000,010005,dial,Dial 1,5,"1,0,0,0","5,0,0,0"
2026-05-16T12:51:49.718,01000600000000000000000000000000000000000000000000000000000000000000000000000000000000000000000000000000000000000000000000000000,010006,dial,Dial 1,6,"1,0,0,0","6,0,0,0"
2026-05-16T12:51:49.718,01000700000000000000000000000000000000000000000000000000000000000000000000000000000000000000000000000000000000000000000000000000,010007,dial,Dial 1,7,"1,0,0,0","7,0,0,0"
2026-05-16T12:51:49.818,01000800000000000000000000000000000000000000000000000000000000000000000000000000000000000000000000000000000000000000000000000000,010008,dial,Dial 1,8,"1,0,0,0","8,0,0,0"
2026-05-16T12:51:49.818,01000900000000000000000000000000000000000000000000000000000000000000000000000000000000000000000000000000000000000000000000000000,010009,dial,Dial 1,9,"1,0,0,0","9,0,0,0"
2026-05-16T12:51:49.818,01000a00000000000000000000000000000000000000000000000000000000000000000000000000000000000000000000000000000000000000000000000000,01000a,dial,Dial 1,10,"1,0,0,0","10,0,0,0"
2026-05-16T12:51:49.818,01000b00000000000000000000000000000000000000000000000000000000000000000000000000000000000000000000000000000000000000000000000000,01000b,dial,Dial 1,11,"1,0,0,0","11,0,0,0"
2026-05-16T12:51:49.818,01000c00000000000000000000000000000000000000000000000000000000000000000000000000000000000000000000000000000000000000000000000000,01000c,dial,Dial 1,12,"1,0,0,0","12,0,0,0"
2026-05-16T12:51:49.818,01000d00000000000000000000000000000000000000000000000000000000000000000000000000000000000000000000000000000000000000000000000000,01000d,dial,Dial 1,13,"1,0,0,0","13,0,0,0"
2026-05-16T12:51:49.818,01000e00000000000000000000000000000000000000000000000000000000000000000000000000000000000000000000000000000000000000000000000000,01000e,dial,Dial 1,14,"1,0,0,0","14,0,0,0"
2026-05-16T12:51:49.818,01000f00000000000000000000000000000000000000000000000000000000000000000000000000000000000000000000000000000000000000000000000000,01000f,dial,Dial 1,15,"1,0,0,0","15,0,0,0"
2026-05-16T12:51:49.818,01001000000000000000000000000000000000000000000000000000000000000000000000000000000000000000000000000000000000000000000000000000,010010,dial,Dial 1,16,"1,0,0,0","16,0,0,0"
2026-05-16T12:51:49.818,01001100000000000000000000000000000000000000000000000000000000000000000000000000000000000000000000000000000000000000000000000000,010011,dial,Dial 1,17,"1,0,0,0","17,0,0,0"
2026-05-16T12:51:49.818,01001200000000000000000000000000000000000000000000000000000000000000000000000000000000000000000000000000000000000000000000000000,010012,dial,Dial 1,18,"1,0,0,0","18,0,0,0"
2026-05-16T12:51:49.818,01001300000000000000000000000000000000000000000000000000000000000000000000000000000000000000000000000000000000000000000000000000,010013,dial,Dial 1,19,"1,0,0,0","19,0,0,0"
2026-05-16T12:51:49.818,01001400000000000000000000000000000000000000000000000000000000000000000000000000000000000000000000000000000000000000000000000000,010014,dial,Dial 1,20,"1,0,0,0","20,0,0,0"
2026-05-16T12:51:49.818,01001500000000000000000000000000000000000000000000000000000000000000000000000000000000000000000000000000000000000000000000000000,010015,dial,Dial 1,21,"1,0,0,0","21,0,0,0"
2026-05-16T12:51:49.818,01001600000000000000000000000000000000000000000000000000000000000000000000000000000000000000000000000000000000000000000000000000,010016,dial,Dial 1,22,"1,0,0,0","22,0,0,0"
2026-05-16T12:51:49.818,01001700000000000000000000000000000000000000000000000000000000000000000000000000000000000000000000000000000000000000000000000000,010017,dial,Dial 1,23,"1,0,0,0","23,0,0,0"
2026-05-16T12:51:49.819,01001800000000000000000000000000000000000000000000000000000000000000000000000000000000000000000000000000000000000000000000000000,010018,dial,Dial 1,24,"1,0,0,0","24,0,0,0"
2026-05-16T12:51:49.919,01001900000000000000000000000000000000000000000000000000000000000000000000000000000000000000000000000000000000000000000000000000,010019,dial,Dial 1,25,"1,0,0,0","25,0,0,0"
2026-05-16T12:51:49.919,01001a00000000000000000000000000000000000000000000000000000000000000000000000000000000000000000000000000000000000000000000000000,01001a,dial,Dial 1,26,"1,0,0,0","26,0,0,0"
2026-05-16T12:51:49.919,01001b00000000000000000000000000000000000000000000000000000000000000000000000000000000000000000000000000000000000000000000000000,01001b,dial,Dial 1,27,"1,0,0,0","27,0,0,0"
2026-05-16T12:51:49.919,01001c00000000000000000000000000000000000000000000000000000000000000000000000000000000000000000000000000000000000000000000000000,01001c,dial,Dial 1,28,"1,0,0,0","28,0,0,0"
2026-05-16T12:51:49.919,01001d00000000000000000000000000000000000000000000000000000000000000000000000000000000000000000000000000000000000000000000000000,01001d,dial,Dial 1,29,"1,0,0,0","29,0,0,0"
2026-05-16T12:51:49.919,01001e00000000000000000000000000000000000000000000000000000000000000000000000000000000000000000000000000000000000000000000000000,01001e,dial,Dial 1,30,"1,0,0,0","30,0,0,0"
2026-05-16T12:51:49.919,01001f00000000000000000000000000000000000000000000000000000000000000000000000000000000000000000000000000000000000000000000000000,01001f,dial,Dial 1,31,"1,0,0,0","31,0,0,0"
2026-05-16T12:51:49.919,01002000000000000000000000000000000000000000000000000000000000000000000000000000000000000000000000000000000000000000000000000000,010020,dial,Dial 1,32,"1,0,0,0","32,0,0,0"
2026-05-16T12:51:49.919,01002100000000000000000000000000000000000000000000000000000000000000000000000000000000000000000000000000000000000000000000000000,010021,dial,Dial 1,33,"1,0,0,0","33,0,0,0"
2026-05-16T12:51:49.919,01002200000000000000000000000000000000000000000000000000000000000000000000000000000000000000000000000000000000000000000000000000,010022,dial,Dial 1,34,"1,0,0,0","34,0,0,0"
2026-05-16T12:51:49.919,01002300000000000000000000000000000000000000000000000000000000000000000000000000000000000000000000000000000000000000000000000000,010023,dial,Dial 1,35,"1,0,0,0","35,0,0,0"
2026-05-16T12:51:49.919,01002400000000000000000000000000000000000000000000000000000000000000000000000000000000000000000000000000000000000000000000000000,010024,dial,Dial 1,36,"1,0,0,0","36,0,0,0"
2026-05-16T12:51:49.919,01002500000000000000000000000000000000000000000000000000000000000000000000000000000000000000000000000000000000000000000000000000,010025,dial,Dial 1,37,"1,0,0,0","37,0,0,0"
2026-05-16T12:51:50.320,01002600000000000000000000000000000000000000000000000000000000000000000000000000000000000000000000000000000000000000000000000000,010026,dial,Dial 1,38,"1,0,0,0","38,0,0,0"
2026-05-16T12:51:50.420,01002700000000000000000000000000000000000000000000000000000000000000000000000000000000000000000000000000000000000000000000000000,010027,dial,Dial 1,39,"1,0,0,0","39,0,0,0"
2026-05-16T12:51:50.420,01002800000000000000000000000000000000000000000000000000000000000000000000000000000000000000000000000000000000000000000000000000,010028,dial,Dial 1,40,"1,0,0,0","40,0,0,0"
2026-05-16T12:51:50.420,01002900000000000000000000000000000000000000000000000000000000000000000000000000000000000000000000000000000000000000000000000000,010029,dial,Dial 1,41,"1,0,0,0","41,0,0,0"
2026-05-16T12:51:50.420,01002a00000000000000000000000000000000000000000000000000000000000000000000000000000000000000000000000000000000000000000000000000,01002a,dial,Dial 1,42,"1,0,0,0","42,0,0,0"
2026-05-16T12:51:50.420,01002b00000000000000000000000000000000000000000000000000000000000000000000000000000000000000000000000000000000000000000000000000,01002b,dial,Dial 1,43,"1,0,0,0","43,0,0,0"
2026-05-16T12:51:50.420,01002c00000000000000000000000000000000000000000000000000000000000000000000000000000000000000000000000000000000000000000000000000,01002c,dial,Dial 1,44,"1,0,0,0","44,0,0,0"
2026-05-16T12:51:50.420,01002d00000000000000000000000000000000000000000000000000000000000000000000000000000000000000000000000000000000000000000000000000,01002d,dial,Dial 1,45,"1,0,0,0","45,0,0,0"
2026-05-16T12:51:50.420,01002e00000000000000000000000000000000000000000000000000000000000000000000000000000000000000000000000000000000000000000000000000,01002e,dial,Dial 1,46,"1,0,0,0","46,0,0,0"
2026-05-16T12:51:50.420,01002f00000000000000000000000000000000000000000000000000000000000000000000000000000000000000000000000000000000000000000000000000,01002f,dial,Dial 1,47,"1,0,0,0","47,0,0,0"
2026-05-16T12:51:50.420,01003000000000000000000000000000000000000000000000000000000000000000000000000000000000000000000000000000000000000000000000000000,010030,dial,Dial 1,48,"1,0,0,0","48,0,0,0"
2026-05-16T12:51:50.420,01003100000000000000000000000000000000000000000000000000000000000000000000000000000000000000000000000000000000000000000000000000,010031,dial,Dial 1,49,"1,0,0,0","49,0,0,0"
2026-05-16T12:51:50.420,01003200000000000000000000000000000000000000000000000000000000000000000000000000000000000000000000000000000000000000000000000000,010032,dial,Dial 1,50,"1,0,0,0","50,0,0,0"
2026-05-16T12:51:50.420,01003300000000000000000000000000000000000000000000000000000000000000000000000000000000000000000000000000000000000000000000000000,010033,dial,Dial 1,51,"1,0,0,0","51,0,0,0"
2026-05-16T12:51:50.420,01003400000000000000000000000000000000000000000000000000000000000000000000000000000000000000000000000000000000000000000000000000,010034,dial,Dial 1,52,"1,0,0,0","52,0,0,0"
2026-05-16T12:51:50.420,01003500000000000000000000000000000000000000000000000000000000000000000000000000000000000000000000000000000000000000000000000000,010035,dial,Dial 1,53,"1,0,0,0","53,0,0,0"
2026-05-16T12:51:50.420,01003600000000000000000000000000000000000000000000000000000000000000000000000000000000000000000000000000000000000000000000000000,010036,dial,Dial 1,54,"1,0,0,0","54,0,0,0"
2026-05-16T12:51:50.420,01003700000000000000000000000000000000000000000000000000000000000000000000000000000000000000000000000000000000000000000000000000,010037,dial,Dial 1,55,"1,0,0,0","55,0,0,0"
2026-05-16T12:51:50.420,01003800000000000000000000000000000000000000000000000000000000000000000000000000000000000000000000000000000000000000000000000000,010038,dial,Dial 1,56,"1,0,0,0","56,0,0,0"
2026-05-16T12:51:50.420,01003900000000000000000000000000000000000000000000000000000000000000000000000000000000000000000000000000000000000000000000000000,010039,dial,Dial 1,57,"1,0,0,0","57,0,0,0"
2026-05-16T12:51:50.420,01003a00000000000000000000000000000000000000000000000000000000000000000000000000000000000000000000000000000000000000000000000000,01003a,dial,Dial 1,58,"1,0,0,0","58,0,0,0"
2026-05-16T12:51:50.420,01003b00000000000000000000000000000000000000000000000000000000000000000000000000000000000000000000000000000000000000000000000000,01003b,dial,Dial 1,59,"1,0,0,0","59,0,0,0"
2026-05-16T12:51:50.420,01003c00000000000000000000000000000000000000000000000000000000000000000000000000000000000000000000000000000000000000000000000000,01003c,dial,Dial 1,60,"1,0,0,0","60,0,0,0"
2026-05-16T12:51:50.420,01003d00000000000000000000000000000000000000000000000000000000000000000000000000000000000000000000000000000000000000000000000000,01003d,dial,Dial 1,61,"1,0,0,0","61,0,0,0"
2026-05-16T12:51:50.420,01003e00000000000000000000000000000000000000000000000000000000000000000000000000000000000000000000000000000000000000000000000000,01003e,dial,Dial 1,62,"1,0,0,0","62,0,0,0"
2026-05-16T12:51:50.420,01003f00000000000000000000000000000000000000000000000000000000000000000000000000000000000000000000000000000000000000000000000000,01003f,dial,Dial 1,63,"1,0,0,0","63,0,0,0"
2026-05-16T12:51:50.420,01004000000000000000000000000000000000000000000000000000000000000000000000000000000000000000000000000000000000000000000000000000,010040,dial,Dial 1,64,"1,0,0,0","64,0,0,0"
2026-05-16T12:51:50.420,01004100000000000000000000000000000000000000000000000000000000000000000000000000000000000000000000000000000000000000000000000000,010041,dial,Dial 1,65,"1,0,0,0","65,0,0,0"
2026-05-16T12:51:50.521,01004200000000000000000000000000000000000000000000000000000000000000000000000000000000000000000000000000000000000000000000000000,010042,dial,Dial 1,66,"1,0,0,0","66,0,0,0"
2026-05-16T12:51:50.521,01004300000000000000000000000000000000000000000000000000000000000000000000000000000000000000000000000000000000000000000000000000,010043,dial,Dial 1,67,"1,0,0,0","67,0,0,0"
2026-05-16T12:51:50.521,01004400000000000000000000000000000000000000000000000000000000000000000000000000000000000000000000000000000000000000000000000000,010044,dial,Dial 1,68,"1,0,0,0","68,0,0,0"
2026-05-16T12:51:50.521,01004500000000000000000000000000000000000000000000000000000000000000000000000000000000000000000000000000000000000000000000000000,010045,dial,Dial 1,69,"1,0,0,0","69,0,0,0"
2026-05-16T12:51:50.521,01004600000000000000000000000000000000000000000000000000000000000000000000000000000000000000000000000000000000000000000000000000,010046,dial,Dial 1,70,"1,0,0,0","70,0,0,0"
2026-05-16T12:51:50.521,01004700000000000000000000000000000000000000000000000000000000000000000000000000000000000000000000000000000000000000000000000000,010047,dial,Dial 1,71,"1,0,0,0","71,0,0,0"
2026-05-16T12:51:50.521,01004800000000000000000000000000000000000000000000000000000000000000000000000000000000000000000000000000000000000000000000000000,010048,dial,Dial 1,72,"1,0,0,0","72,0,0,0"
2026-05-16T12:51:50.521,01004900000000000000000000000000000000000000000000000000000000000000000000000000000000000000000000000000000000000000000000000000,010049,dial,Dial 1,73,"1,0,0,0","73,0,0,0"
2026-05-16T12:51:50.521,01004a00000000000000000000000000000000000000000000000000000000000000000000000000000000000000000000000000000000000000000000000000,01004a,dial,Dial 1,74,"1,0,0,0","74,0,0,0"
2026-05-16T12:51:50.521,01004b00000000000000000000000000000000000000000000000000000000000000000000000000000000000000000000000000000000000000000000000000,01004b,dial,Dial 1,75,"1,0,0,0","75,0,0,0"
2026-05-16T12:51:50.521,01004c00000000000000000000000000000000000000000000000000000000000000000000000000000000000000000000000000000000000000000000000000,01004c,dial,Dial 1,76,"1,0,0,0","76,0,0,0"
2026-05-16T12:51:50.521,01004d00000000000000000000000000000000000000000000000000000000000000000000000000000000000000000000000000000000000000000000000000,01004d,dial,Dial 1,77,"1,0,0,0","77,0,0,0"
2026-05-16T12:51:50.521,01004e00000000000000000000000000000000000000000000000000000000000000000000000000000000000000000000000000000000000000000000000000,01004e,dial,Dial 1,78,"1,0,0,0","78,0,0,0"
2026-05-16T12:51:50.521,01004f00000000000000000000000000000000000000000000000000000000000000000000000000000000000000000000000000000000000000000000000000,01004f,dial,Dial 1,79,"1,0,0,0","79,0,0,0"
2026-05-16T12:51:50.521,01005000000000000000000000000000000000000000000000000000000000000000000000000000000000000000000000000000000000000000000000000000,010050,dial,Dial 1,80,"1,0,0,0","80,0,0,0"
2026-05-16T12:51:50.521,01005100000000000000000000000000000000000000000000000000000000000000000000000000000000000000000000000000000000000000000000000000,010051,dial,Dial 1,81,"1,0,0,0","81,0,0,0"
2026-05-16T12:51:50.521,01005200000000000000000000000000000000000000000000000000000000000000000000000000000000000000000000000000000000000000000000000000,010052,dial,Dial 1,82,"1,0,0,0","82,0,0,0"
2026-05-16T12:51:50.521,01005300000000000000000000000000000000000000000000000000000000000000000000000000000000000000000000000000000000000000000000000000,010053,dial,Dial 1,83,"1,0,0,0","83,0,0,0"
2026-05-16T12:51:50.521,01005400000000000000000000000000000000000000000000000000000000000000000000000000000000000000000000000000000000000000000000000000,010054,dial,Dial 1,84,"1,0,0,0","84,0,0,0"
2026-05-16T12:51:50.521,01005500000000000000000000000000000000000000000000000000000000000000000000000000000000000000000000000000000000000000000000000000,010055,dial,Dial 1,85,"1,0,0,0","85,0,0,0"
2026-05-16T12:51:50.621,01005600000000000000000000000000000000000000000000000000000000000000000000000000000000000000000000000000000000000000000000000000,010056,dial,Dial 1,86,"1,0,0,0","86,0,0,0"
2026-05-16T12:51:50.621,01005700000000000000000000000000000000000000000000000000000000000000000000000000000000000000000000000000000000000000000000000000,010057,dial,Dial 1,87,"1,0,0,0","87,0,0,0"
2026-05-16T12:51:50.621,01005800000000000000000000000000000000000000000000000000000000000000000000000000000000000000000000000000000000000000000000000000,010058,dial,Dial 1,88,"1,0,0,0","88,0,0,0"
2026-05-16T12:51:50.621,01005900000000000000000000000000000000000000000000000000000000000000000000000000000000000000000000000000000000000000000000000000,010059,dial,Dial 1,89,"1,0,0,0","89,0,0,0"
2026-05-16T12:51:50.621,01005a00000000000000000000000000000000000000000000000000000000000000000000000000000000000000000000000000000000000000000000000000,01005a,dial,Dial 1,90,"1,0,0,0","90,0,0,0"
2026-05-16T12:51:50.621,01005b00000000000000000000000000000000000000000000000000000000000000000000000000000000000000000000000000000000000000000000000000,01005b,dial,Dial 1,91,"1,0,0,0","91,0,0,0"
2026-05-16T12:51:50.621,01005c00000000000000000000000000000000000000000000000000000000000000000000000000000000000000000000000000000000000000000000000000,01005c,dial,Dial 1,92,"1,0,0,0","92,0,0,0"
2026-05-16T12:51:50.621,01005d00000000000000000000000000000000000000000000000000000000000000000000000000000000000000000000000000000000000000000000000000,01005d,dial,Dial 1,93,"1,0,0,0","93,0,0,0"
2026-05-16T12:51:50.622,01005e00000000000000000000000000000000000000000000000000000000000000000000000000000000000000000000000000000000000000000000000000,01005e,dial,Dial 1,94,"1,0,0,0","94,0,0,0"
2026-05-16T12:51:50.622,01005f00000000000000000000000000000000000000000000000000000000000000000000000000000000000000000000000000000000000000000000000000,01005f,dial,Dial 1,95,"1,0,0,0","95,0,0,0"
2026-05-16T12:51:50.622,01006000000000000000000000000000000000000000000000000000000000000000000000000000000000000000000000000000000000000000000000000000,010060,dial,Dial 1,96,"1,0,0,0","96,0,0,0"
2026-05-16T12:51:50.622,01006100000000000000000000000000000000000000000000000000000000000000000000000000000000000000000000000000000000000000000000000000,010061,dial,Dial 1,97,"1,0,0,0","97,0,0,0"
2026-05-16T12:51:50.622,01006200000000000000000000000000000000000000000000000000000000000000000000000000000000000000000000000000000000000000000000000000,010062,dial,Dial 1,98,"1,0,0,0","98,0,0,0"
2026-05-16T12:51:50.622,01006300000000000000000000000000000000000000000000000000000000000000000000000000000000000000000000000000000000000000000000000000,010063,dial,Dial 1,99,"1,0,0,0","99,0,0,0"
2026-05-16T12:51:50.622,01006400000000000000000000000000000000000000000000000000000000000000000000000000000000000000000000000000000000000000000000000000,010064,dial,Dial 1,100,"1,0,0,0","100,0,0,0"
2026-05-16T12:51:50.722,01006500000000000000000000000000000000000000000000000000000000000000000000000000000000000000000000000000000000000000000000000000,010065,dial,Dial 1,101,"1,0,0,0","101,0,0,0"
2026-05-16T12:51:50.722,01006600000000000000000000000000000000000000000000000000000000000000000000000000000000000000000000000000000000000000000000000000,010066,dial,Dial 1,102,"1,0,0,0","102,0,0,0"
2026-05-16T12:51:50.722,01006700000000000000000000000000000000000000000000000000000000000000000000000000000000000000000000000000000000000000000000000000,010067,dial,Dial 1,103,"1,0,0,0","103,0,0,0"
2026-05-16T12:51:50.722,01006800000000000000000000000000000000000000000000000000000000000000000000000000000000000000000000000000000000000000000000000000,010068,dial,Dial 1,104,"1,0,0,0","104,0,0,0"
2026-05-16T12:51:51.022,01006900000000000000000000000000000000000000000000000000000000000000000000000000000000000000000000000000000000000000000000000000,010069,dial,Dial 1,105,"1,0,0,0","105,0,0,0"
2026-05-16T12:51:51.022,01006a00000000000000000000000000000000000000000000000000000000000000000000000000000000000000000000000000000000000000000000000000,01006a,dial,Dial 1,106,"1,0,0,0","106,0,0,0"
2026-05-16T12:51:51.123,01006b00000000000000000000000000000000000000000000000000000000000000000000000000000000000000000000000000000000000000000000000000,01006b,dial,Dial 1,107,"1,0,0,0","107,0,0,0"
2026-05-16T12:51:51.123,01006c00000000000000000000000000000000000000000000000000000000000000000000000000000000000000000000000000000000000000000000000000,01006c,dial,Dial 1,108,"1,0,0,0","108,0,0,0"
2026-05-16T12:51:51.123,01006d00000000000000000000000000000000000000000000000000000000000000000000000000000000000000000000000000000000000000000000000000,01006d,dial,Dial 1,109,"1,0,0,0","109,0,0,0"
2026-05-16T12:51:51.123,01006e00000000000000000000000000000000000000000000000000000000000000000000000000000000000000000000000000000000000000000000000000,01006e,dial,Dial 1,110,"1,0,0,0","110,0,0,0"
2026-05-16T12:51:51.123,01006f00000000000000000000000000000000000000000000000000000000000000000000000000000000000000000000000000000000000000000000000000,01006f,dial,Dial 1,111,"1,0,0,0","111,0,0,0"
2026-05-16T12:51:51.123,01007000000000000000000000000000000000000000000000000000000000000000000000000000000000000000000000000000000000000000000000000000,010070,dial,Dial 1,112,"1,0,0,0","112,0,0,0"
2026-05-16T12:51:51.123,01007100000000000000000000000000000000000000000000000000000000000000000000000000000000000000000000000000000000000000000000000000,010071,dial,Dial 1,113,"1,0,0,0","113,0,0,0"
2026-05-16T12:51:51.123,01007200000000000000000000000000000000000000000000000000000000000000000000000000000000000000000000000000000000000000000000000000,010072,dial,Dial 1,114,"1,0,0,0","114,0,0,0"
2026-05-16T12:51:51.123,01007300000000000000000000000000000000000000000000000000000000000000000000000000000000000000000000000000000000000000000000000000,010073,dial,Dial 1,115,"1,0,0,0","115,0,0,0"
2026-05-16T12:51:51.123,01007400000000000000000000000000000000000000000000000000000000000000000000000000000000000000000000000000000000000000000000000000,010074,dial,Dial 1,116,"1,0,0,0","116,0,0,0"
2026-05-16T12:51:51.123,01007500000000000000000000000000000000000000000000000000000000000000000000000000000000000000000000000000000000000000000000000000,010075,dial,Dial 1,117,"1,0,0,0","117,0,0,0"
2026-05-16T12:51:51.123,01007600000000000000000000000000000000000000000000000000000000000000000000000000000000000000000000000000000000000000000000000000,010076,dial,Dial 1,118,"1,0,0,0","118,0,0,0"
2026-05-16T12:51:51.123,01007700000000000000000000000000000000000000000000000000000000000000000000000000000000000000000000000000000000000000000000000000,010077,dial,Dial 1,119,"1,0,0,0","119,0,0,0"
2026-05-16T12:51:51.123,01007800000000000000000000000000000000000000000000000000000000000000000000000000000000000000000000000000000000000000000000000000,010078,dial,Dial 1,120,"1,0,0,0","120,0,0,0"
2026-05-16T12:51:51.123,01007900000000000000000000000000000000000000000000000000000000000000000000000000000000000000000000000000000000000000000000000000,010079,dial,Dial 1,121,"1,0,0,0","121,0,0,0"
2026-05-16T12:51:51.123,01007a00000000000000000000000000000000000000000000000000000000000000000000000000000000000000000000000000000000000000000000000000,01007a,dial,Dial 1,122,"1,0,0,0","122,0,0,0"
2026-05-16T12:51:51.123,01007b00000000000000000000000000000000000000000000000000000000000000000000000000000000000000000000000000000000000000000000000000,01007b,dial,Dial 1,123,"1,0,0,0","123,0,0,0"
2026-05-16T12:51:51.123,01007c00000000000000000000000000000000000000000000000000000000000000000000000000000000000000000000000000000000000000000000000000,01007c,dial,Dial 1,124,"1,0,0,0","124,0,0,0"
2026-05-16T12:51:51.123,01007d00000000000000000000000000000000000000000000000000000000000000000000000000000000000000000000000000000000000000000000000000,01007d,dial,Dial 1,125,"1,0,0,0","125,0,0,0"
2026-05-16T12:51:51.123,01007f00000000000000000000000000000000000000000000000000000000000000000000000000000000000000000000000000000000000000000000000000,01007f,dial,Dial 1,127,"1,0,0,0","127,0,0,0"
2026-05-16T12:51:51.123,01008000000000000000000000000000000000000000000000000000000000000000000000000000000000000000000000000000000000000000000000000000,010080,dial,Dial 1,128,"1,0,0,0","128,0,0,0"
2026-05-16T12:51:51.123,01008100000000000000000000000000000000000000000000000000000000000000000000000000000000000000000000000000000000000000000000000000,010081,dial,Dial 1,129,"1,0,0,0","129,0,0,0"
2026-05-16T12:51:51.123,01008200000000000000000000000000000000000000000000000000000000000000000000000000000000000000000000000000000000000000000000000000,010082,dial,Dial 1,130,"1,0,0,0","130,0,0,0"
2026-05-16T12:51:51.123,01008300000000000000000000000000000000000000000000000000000000000000000000000000000000000000000000000000000000000000000000000000,010083,dial,Dial 1,131,"1,0,0,0","131,0,0,0"
2026-05-16T12:51:51.123,01008400000000000000000000000000000000000000000000000000000000000000000000000000000000000000000000000000000000000000000000000000,010084,dial,Dial 1,132,"1,0,0,0","132,0,0,0"
2026-05-16T12:51:51.123,01008500000000000000000000000000000000000000000000000000000000000000000000000000000000000000000000000000000000000000000000000000,010085,dial,Dial 1,133,"1,0,0,0","133,0,0,0"
2026-05-16T12:51:51.123,01008600000000000000000000000000000000000000000000000000000000000000000000000000000000000000000000000000000000000000000000000000,010086,dial,Dial 1,134,"1,0,0,0","134,0,0,0"
2026-05-16T12:51:51.123,01008700000000000000000000000000000000000000000000000000000000000000000000000000000000000000000000000000000000000000000000000000,010087,dial,Dial 1,135,"1,0,0,0","135,0,0,0"
2026-05-16T12:51:51.123,01008800000000000000000000000000000000000000000000000000000000000000000000000000000000000000000000000000000000000000000000000000,010088,dial,Dial 1,136,"1,0,0,0","136,0,0,0"
2026-05-16T12:51:51.123,01008900000000000000000000000000000000000000000000000000000000000000000000000000000000000000000000000000000000000000000000000000,010089,dial,Dial 1,137,"1,0,0,0","137,0,0,0"
2026-05-16T12:51:51.123,01008a00000000000000000000000000000000000000000000000000000000000000000000000000000000000000000000000000000000000000000000000000,01008a,dial,Dial 1,138,"1,0,0,0","138,0,0,0"
2026-05-16T12:51:51.123,01008b00000000000000000000000000000000000000000000000000000000000000000000000000000000000000000000000000000000000000000000000000,01008b,dial,Dial 1,139,"1,0,0,0","139,0,0,0"
2026-05-16T12:51:51.123,01008c00000000000000000000000000000000000000000000000000000000000000000000000000000000000000000000000000000000000000000000000000,01008c,dial,Dial 1,140,"1,0,0,0","140,0,0,0"
2026-05-16T12:51:51.123,01008d00000000000000000000000000000000000000000000000000000000000000000000000000000000000000000000000000000000000000000000000000,01008d,dial,Dial 1,141,"1,0,0,0","141,0,0,0"
2026-05-16T12:51:51.123,01008e00000000000000000000000000000000000000000000000000000000000000000000000000000000000000000000000000000000000000000000000000,01008e,dial,Dial 1,142,"1,0,0,0","142,0,0,0"
2026-05-16T12:51:51.123,01008f00000000000000000000000000000000000000000000000000000000000000000000000000000000000000000000000000000000000000000000000000,01008f,dial,Dial 1,143,"1,0,0,0","143,0,0,0"
2026-05-16T12:51:51.124,01009000000000000000000000000000000000000000000000000000000000000000000000000000000000000000000000000000000000000000000000000000,010090,dial,Dial 1,144,"1,0,0,0","144,0,0,0"
2026-05-16T12:51:51.224,01009100000000000000000000000000000000000000000000000000000000000000000000000000000000000000000000000000000000000000000000000000,010091,dial,Dial 1,145,"1,0,0,0","145,0,0,0"
2026-05-16T12:51:51.224,01009200000000000000000000000000000000000000000000000000000000000000000000000000000000000000000000000000000000000000000000000000,010092,dial,Dial 1,146,"1,0,0,0","146,0,0,0"
2026-05-16T12:51:51.224,01009300000000000000000000000000000000000000000000000000000000000000000000000000000000000000000000000000000000000000000000000000,010093,dial,Dial 1,147,"1,0,0,0","147,0,0,0"
2026-05-16T12:51:51.224,01009400000000000000000000000000000000000000000000000000000000000000000000000000000000000000000000000000000000000000000000000000,010094,dial,Dial 1,148,"1,0,0,0","148,0,0,0"
2026-05-16T12:51:51.224,01009500000000000000000000000000000000000000000000000000000000000000000000000000000000000000000000000000000000000000000000000000,010095,dial,Dial 1,149,"1,0,0,0","149,0,0,0"
2026-05-16T12:51:51.224,01009600000000000000000000000000000000000000000000000000000000000000000000000000000000000000000000000000000000000000000000000000,010096,dial,Dial 1,150,"1,0,0,0","150,0,0,0"
2026-05-16T12:51:51.224,01009700000000000000000000000000000000000000000000000000000000000000000000000000000000000000000000000000000000000000000000000000,010097,dial,Dial 1,151,"1,0,0,0","151,0,0,0"
2026-05-16T12:51:51.224,01009800000000000000000000000000000000000000000000000000000000000000000000000000000000000000000000000000000000000000000000000000,010098,dial,Dial 1,152,"1,0,0,0","152,0,0,0"
2026-05-16T12:51:51.224,01009900000000000000000000000000000000000000000000000000000000000000000000000000000000000000000000000000000000000000000000000000,010099,dial,Dial 1,153,"1,0,0,0","153,0,0,0"
2026-05-16T12:51:51.224,01009a00000000000000000000000000000000000000000000000000000000000000000000000000000000000000000000000000000000000000000000000000,01009a,dial,Dial 1,154,"1,0,0,0","154,0,0,0"
2026-05-16T12:51:51.224,01009b00000000000000000000000000000000000000000000000000000000000000000000000000000000000000000000000000000000000000000000000000,01009b,dial,Dial 1,155,"1,0,0,0","155,0,0,0"
2026-05-16T12:51:51.224,01009c00000000000000000000000000000000000000000000000000000000000000000000000000000000000000000000000000000000000000000000000000,01009c,dial,Dial 1,156,"1,0,0,0","156,0,0,0"
2026-05-16T12:51:51.224,01009d00000000000000000000000000000000000000000000000000000000000000000000000000000000000000000000000000000000000000000000000000,01009d,dial,Dial 1,157,"1,0,0,0","157,0,0,0"
2026-05-16T12:51:51.224,01009e00000000000000000000000000000000000000000000000000000000000000000000000000000000000000000000000000000000000000000000000000,01009e,dial,Dial 1,158,"1,0,0,0","158,0,0,0"
2026-05-16T12:51:51.224,01009f00000000000000000000000000000000000000000000000000000000000000000000000000000000000000000000000000000000000000000000000000,01009f,dial,Dial 1,159,"1,0,0,0","159,0,0,0"
2026-05-16T12:51:51.224,0100a000000000000000000000000000000000000000000000000000000000000000000000000000000000000000000000000000000000000000000000000000,0100a0,dial,Dial 1,160,"1,0,0,0","160,0,0,0"
2026-05-16T12:51:51.224,0100a100000000000000000000000000000000000000000000000000000000000000000000000000000000000000000000000000000000000000000000000000,0100a1,dial,Dial 1,161,"1,0,0,0","161,0,0,0"
2026-05-16T12:51:51.224,0100a200000000000000000000000000000000000000000000000000000000000000000000000000000000000000000000000000000000000000000000000000,0100a2,dial,Dial 1,162,"1,0,0,0","162,0,0,0"
2026-05-16T12:51:51.224,0100a300000000000000000000000000000000000000000000000000000000000000000000000000000000000000000000000000000000000000000000000000,0100a3,dial,Dial 1,163,"1,0,0,0","163,0,0,0"
2026-05-16T12:51:51.224,0100a400000000000000000000000000000000000000000000000000000000000000000000000000000000000000000000000000000000000000000000000000,0100a4,dial,Dial 1,164,"1,0,0,0","164,0,0,0"
2026-05-16T12:51:51.224,0100a500000000000000000000000000000000000000000000000000000000000000000000000000000000000000000000000000000000000000000000000000,0100a5,dial,Dial 1,165,"1,0,0,0","165,0,0,0"
2026-05-16T12:51:51.324,0100a600000000000000000000000000000000000000000000000000000000000000000000000000000000000000000000000000000000000000000000000000,0100a6,dial,Dial 1,166,"1,0,0,0","166,0,0,0"
2026-05-16T12:51:51.324,0100a700000000000000000000000000000000000000000000000000000000000000000000000000000000000000000000000000000000000000000000000000,0100a7,dial,Dial 1,167,"1,0,0,0","167,0,0,0"
2026-05-16T12:51:51.324,0100a800000000000000000000000000000000000000000000000000000000000000000000000000000000000000000000000000000000000000000000000000,0100a8,dial,Dial 1,168,"1,0,0,0","168,0,0,0"
2026-05-16T12:51:51.325,0100a900000000000000000000000000000000000000000000000000000000000000000000000000000000000000000000000000000000000000000000000000,0100a9,dial,Dial 1,169,"1,0,0,0","169,0,0,0"
2026-05-16T12:51:51.325,0100aa00000000000000000000000000000000000000000000000000000000000000000000000000000000000000000000000000000000000000000000000000,0100aa,dial,Dial 1,170,"1,0,0,0","170,0,0,0"
2026-05-16T12:51:51.325,0100ab00000000000000000000000000000000000000000000000000000000000000000000000000000000000000000000000000000000000000000000000000,0100ab,dial,Dial 1,171,"1,0,0,0","171,0,0,0"
2026-05-16T12:51:51.325,0100ac00000000000000000000000000000000000000000000000000000000000000000000000000000000000000000000000000000000000000000000000000,0100ac,dial,Dial 1,172,"1,0,0,0","172,0,0,0"
2026-05-16T12:51:51.325,0100ad00000000000000000000000000000000000000000000000000000000000000000000000000000000000000000000000000000000000000000000000000,0100ad,dial,Dial 1,173,"1,0,0,0","173,0,0,0"
2026-05-16T12:51:51.325,0100ae00000000000000000000000000000000000000000000000000000000000000000000000000000000000000000000000000000000000000000000000000,0100ae,dial,Dial 1,174,"1,0,0,0","174,0,0,0"
2026-05-16T12:51:51.325,0100af00000000000000000000000000000000000000000000000000000000000000000000000000000000000000000000000000000000000000000000000000,0100af,dial,Dial 1,175,"1,0,0,0","175,0,0,0"
2026-05-16T12:51:51.325,0100b000000000000000000000000000000000000000000000000000000000000000000000000000000000000000000000000000000000000000000000000000,0100b0,dial,Dial 1,176,"1,0,0,0","176,0,0,0"
2026-05-16T12:51:51.325,0100b100000000000000000000000000000000000000000000000000000000000000000000000000000000000000000000000000000000000000000000000000,0100b1,dial,Dial 1,177,"1,0,0,0","177,0,0,0"
2026-05-16T12:51:51.325,0100b200000000000000000000000000000000000000000000000000000000000000000000000000000000000000000000000000000000000000000000000000,0100b2,dial,Dial 1,178,"1,0,0,0","178,0,0,0"
2026-05-16T12:51:51.325,0100b300000000000000000000000000000000000000000000000000000000000000000000000000000000000000000000000000000000000000000000000000,0100b3,dial,Dial 1,179,"1,0,0,0","179,0,0,0"
2026-05-16T12:51:51.325,0100b400000000000000000000000000000000000000000000000000000000000000000000000000000000000000000000000000000000000000000000000000,0100b4,dial,Dial 1,180,"1,0,0,0","180,0,0,0"
2026-05-16T12:51:51.325,0100b500000000000000000000000000000000000000000000000000000000000000000000000000000000000000000000000000000000000000000000000000,0100b5,dial,Dial 1,181,"1,0,0,0","181,0,0,0"
2026-05-16T12:51:51.325,0100b600000000000000000000000000000000000000000000000000000000000000000000000000000000000000000000000000000000000000000000000000,0100b6,dial,Dial 1,182,"1,0,0,0","182,0,0,0"
2026-05-16T12:51:51.325,0100b700000000000000000000000000000000000000000000000000000000000000000000000000000000000000000000000000000000000000000000000000,0100b7,dial,Dial 1,183,"1,0,0,0","183,0,0,0"
2026-05-16T12:51:51.325,0100b800000000000000000000000000000000000000000000000000000000000000000000000000000000000000000000000000000000000000000000000000,0100b8,dial,Dial 1,184,"1,0,0,0","184,0,0,0"
2026-05-16T12:51:51.325,0100b900000000000000000000000000000000000000000000000000000000000000000000000000000000000000000000000000000000000000000000000000,0100b9,dial,Dial 1,185,"1,0,0,0","185,0,0,0"
2026-05-16T12:51:51.325,0100ba00000000000000000000000000000000000000000000000000000000000000000000000000000000000000000000000000000000000000000000000000,0100ba,dial,Dial 1,186,"1,0,0,0","186,0,0,0"
2026-05-16T12:51:51.425,0100bb00000000000000000000000000000000000000000000000000000000000000000000000000000000000000000000000000000000000000000000000000,0100bb,dial,Dial 1,187,"1,0,0,0","187,0,0,0"
2026-05-16T12:51:51.425,0100bc00000000000000000000000000000000000000000000000000000000000000000000000000000000000000000000000000000000000000000000000000,0100bc,dial,Dial 1,188,"1,0,0,0","188,0,0,0"
2026-05-16T12:51:51.726,0100bd00000000000000000000000000000000000000000000000000000000000000000000000000000000000000000000000000000000000000000000000000,0100bd,dial,Dial 1,189,"1,0,0,0","189,0,0,0"
2026-05-16T12:51:51.726,0100be00000000000000000000000000000000000000000000000000000000000000000000000000000000000000000000000000000000000000000000000000,0100be,dial,Dial 1,190,"1,0,0,0","190,0,0,0"
2026-05-16T12:51:51.726,0100bf00000000000000000000000000000000000000000000000000000000000000000000000000000000000000000000000000000000000000000000000000,0100bf,dial,Dial 1,191,"1,0,0,0","191,0,0,0"
2026-05-16T12:51:51.726,0100c000000000000000000000000000000000000000000000000000000000000000000000000000000000000000000000000000000000000000000000000000,0100c0,dial,Dial 1,192,"1,0,0,0","192,0,0,0"
2026-05-16T12:51:51.726,0100c100000000000000000000000000000000000000000000000000000000000000000000000000000000000000000000000000000000000000000000000000,0100c1,dial,Dial 1,193,"1,0,0,0","193,0,0,0"
2026-05-16T12:51:51.726,0100c200000000000000000000000000000000000000000000000000000000000000000000000000000000000000000000000000000000000000000000000000,0100c2,dial,Dial 1,194,"1,0,0,0","194,0,0,0"
2026-05-16T12:51:51.726,0100c300000000000000000000000000000000000000000000000000000000000000000000000000000000000000000000000000000000000000000000000000,0100c3,dial,Dial 1,195,"1,0,0,0","195,0,0,0"
2026-05-16T12:51:51.726,0100c400000000000000000000000000000000000000000000000000000000000000000000000000000000000000000000000000000000000000000000000000,0100c4,dial,Dial 1,196,"1,0,0,0","196,0,0,0"
2026-05-16T12:51:51.726,0100c500000000000000000000000000000000000000000000000000000000000000000000000000000000000000000000000000000000000000000000000000,0100c5,dial,Dial 1,197,"1,0,0,0","197,0,0,0"
2026-05-16T12:51:51.726,0100c600000000000000000000000000000000000000000000000000000000000000000000000000000000000000000000000000000000000000000000000000,0100c6,dial,Dial 1,198,"1,0,0,0","198,0,0,0"
2026-05-16T12:51:51.726,0100c700000000000000000000000000000000000000000000000000000000000000000000000000000000000000000000000000000000000000000000000000,0100c7,dial,Dial 1,199,"1,0,0,0","199,0,0,0"
2026-05-16T12:51:51.726,0100c800000000000000000000000000000000000000000000000000000000000000000000000000000000000000000000000000000000000000000000000000,0100c8,dial,Dial 1,200,"1,0,0,0","200,0,0,0"
2026-05-16T12:51:51.726,0100c900000000000000000000000000000000000000000000000000000000000000000000000000000000000000000000000000000000000000000000000000,0100c9,dial,Dial 1,201,"1,0,0,0","201,0,0,0"
2026-05-16T12:51:51.726,0100ca00000000000000000000000000000000000000000000000000000000000000000000000000000000000000000000000000000000000000000000000000,0100ca,dial,Dial 1,202,"1,0,0,0","202,0,0,0"
2026-05-16T12:51:51.726,0100cb00000000000000000000000000000000000000000000000000000000000000000000000000000000000000000000000000000000000000000000000000,0100cb,dial,Dial 1,203,"1,0,0,0","203,0,0,0"
2026-05-16T12:51:51.726,0100cc00000000000000000000000000000000000000000000000000000000000000000000000000000000000000000000000000000000000000000000000000,0100cc,dial,Dial 1,204,"1,0,0,0","204,0,0,0"
2026-05-16T12:51:51.726,0100cd00000000000000000000000000000000000000000000000000000000000000000000000000000000000000000000000000000000000000000000000000,0100cd,dial,Dial 1,205,"1,0,0,0","205,0,0,0"
2026-05-16T12:51:51.726,0100ce00000000000000000000000000000000000000000000000000000000000000000000000000000000000000000000000000000000000000000000000000,0100ce,dial,Dial 1,206,"1,0,0,0","206,0,0,0"
2026-05-16T12:51:51.726,0100cf00000000000000000000000000000000000000000000000000000000000000000000000000000000000000000000000000000000000000000000000000,0100cf,dial,Dial 1,207,"1,0,0,0","207,0,0,0"
2026-05-16T12:51:51.726,0100d000000000000000000000000000000000000000000000000000000000000000000000000000000000000000000000000000000000000000000000000000,0100d0,dial,Dial 1,208,"1,0,0,0","208,0,0,0"
2026-05-16T12:51:51.726,0100d100000000000000000000000000000000000000000000000000000000000000000000000000000000000000000000000000000000000000000000000000,0100d1,dial,Dial 1,209,"1,0,0,0","209,0,0,0"
2026-05-16T12:51:51.726,0100d300000000000000000000000000000000000000000000000000000000000000000000000000000000000000000000000000000000000000000000000000,0100d3,dial,Dial 1,211,"1,0,0,0","211,0,0,0"
2026-05-16T12:51:51.726,0100d400000000000000000000000000000000000000000000000000000000000000000000000000000000000000000000000000000000000000000000000000,0100d4,dial,Dial 1,212,"1,0,0,0","212,0,0,0"
2026-05-16T12:51:51.726,0100d500000000000000000000000000000000000000000000000000000000000000000000000000000000000000000000000000000000000000000000000000,0100d5,dial,Dial 1,213,"1,0,0,0","213,0,0,0"
2026-05-16T12:51:51.726,0100d600000000000000000000000000000000000000000000000000000000000000000000000000000000000000000000000000000000000000000000000000,0100d6,dial,Dial 1,214,"1,0,0,0","214,0,0,0"
2026-05-16T12:51:51.726,0100d700000000000000000000000000000000000000000000000000000000000000000000000000000000000000000000000000000000000000000000000000,0100d7,dial,Dial 1,215,"1,0,0,0","215,0,0,0"
2026-05-16T12:51:51.726,0100d800000000000000000000000000000000000000000000000000000000000000000000000000000000000000000000000000000000000000000000000000,0100d8,dial,Dial 1,216,"1,0,0,0","216,0,0,0"
2026-05-16T12:51:51.726,0100d900000000000000000000000000000000000000000000000000000000000000000000000000000000000000000000000000000000000000000000000000,0100d9,dial,Dial 1,217,"1,0,0,0","217,0,0,0"
2026-05-16T12:51:51.726,0100da00000000000000000000000000000000000000000000000000000000000000000000000000000000000000000000000000000000000000000000000000,0100da,dial,Dial 1,218,"1,0,0,0","218,0,0,0"
2026-05-16T12:51:51.726,0100db00000000000000000000000000000000000000000000000000000000000000000000000000000000000000000000000000000000000000000000000000,0100db,dial,Dial 1,219,"1,0,0,0","219,0,0,0"
2026-05-16T12:51:51.727,0100dc00000000000000000000000000000000000000000000000000000000000000000000000000000000000000000000000000000000000000000000000000,0100dc,dial,Dial 1,220,"1,0,0,0","220,0,0,0"
2026-05-16T12:51:51.727,0100dd00000000000000000000000000000000000000000000000000000000000000000000000000000000000000000000000000000000000000000000000000,0100dd,dial,Dial 1,221,"1,0,0,0","221,0,0,0"
2026-05-16T12:51:51.727,0100de00000000000000000000000000000000000000000000000000000000000000000000000000000000000000000000000000000000000000000000000000,0100de,dial,Dial 1,222,"1,0,0,0","222,0,0,0"
2026-05-16T12:51:51.727,0100df00000000000000000000000000000000000000000000000000000000000000000000000000000000000000000000000000000000000000000000000000,0100df,dial,Dial 1,223,"1,0,0,0","223,0,0,0"
2026-05-16T12:51:51.727,0100e000000000000000000000000000000000000000000000000000000000000000000000000000000000000000000000000000000000000000000000000000,0100e0,dial,Dial 1,224,"1,0,0,0","224,0,0,0"
2026-05-16T12:51:51.727,0100e100000000000000000000000000000000000000000000000000000000000000000000000000000000000000000000000000000000000000000000000000,0100e1,dial,Dial 1,225,"1,0,0,0","225,0,0,0"
2026-05-16T12:51:51.727,0100e200000000000000000000000000000000000000000000000000000000000000000000000000000000000000000000000000000000000000000000000000,0100e2,dial,Dial 1,226,"1,0,0,0","226,0,0,0"
2026-05-16T12:51:51.727,0100e300000000000000000000000000000000000000000000000000000000000000000000000000000000000000000000000000000000000000000000000000,0100e3,dial,Dial 1,227,"1,0,0,0","227,0,0,0"
2026-05-16T12:51:51.727,0100e400000000000000000000000000000000000000000000000000000000000000000000000000000000000000000000000000000000000000000000000000,0100e4,dial,Dial 1,228,"1,0,0,0","228,0,0,0"
2026-05-16T12:51:51.727,0100e500000000000000000000000000000000000000000000000000000000000000000000000000000000000000000000000000000000000000000000000000,0100e5,dial,Dial 1,229,"1,0,0,0","229,0,0,0"
2026-05-16T12:51:51.828,0100e600000000000000000000000000000000000000000000000000000000000000000000000000000000000000000000000000000000000000000000000000,0100e6,dial,Dial 1,230,"1,0,0,0","230,0,0,0"
2026-05-16T12:51:51.828,0100e700000000000000000000000000000000000000000000000000000000000000000000000000000000000000000000000000000000000000000000000000,0100e7,dial,Dial 1,231,"1,0,0,0","231,0,0,0"
2026-05-16T12:51:51.828,0100e800000000000000000000000000000000000000000000000000000000000000000000000000000000000000000000000000000000000000000000000000,0100e8,dial,Dial 1,232,"1,0,0,0","232,0,0,0"
2026-05-16T12:51:51.828,0100e900000000000000000000000000000000000000000000000000000000000000000000000000000000000000000000000000000000000000000000000000,0100e9,dial,Dial 1,233,"1,0,0,0","233,0,0,0"
2026-05-16T12:51:51.828,0100ea00000000000000000000000000000000000000000000000000000000000000000000000000000000000000000000000000000000000000000000000000,0100ea,dial,Dial 1,234,"1,0,0,0","234,0,0,0"
2026-05-16T12:51:51.828,0100eb00000000000000000000000000000000000000000000000000000000000000000000000000000000000000000000000000000000000000000000000000,0100eb,dial,Dial 1,235,"1,0,0,0","235,0,0,0"
2026-05-16T12:51:51.828,0100ec00000000000000000000000000000000000000000000000000000000000000000000000000000000000000000000000000000000000000000000000000,0100ec,dial,Dial 1,236,"1,0,0,0","236,0,0,0"
2026-05-16T12:51:51.828,0100ed00000000000000000000000000000000000000000000000000000000000000000000000000000000000000000000000000000000000000000000000000,0100ed,dial,Dial 1,237,"1,0,0,0","237,0,0,0"
2026-05-16T12:51:51.828,0100ee00000000000000000000000000000000000000000000000000000000000000000000000000000000000000000000000000000000000000000000000000,0100ee,dial,Dial 1,238,"1,0,0,0","238,0,0,0"
2026-05-16T12:51:51.828,0100ef00000000000000000000000000000000000000000000000000000000000000000000000000000000000000000000000000000000000000000000000000,0100ef,dial,Dial 1,239,"1,0,0,0","239,0,0,0"
2026-05-16T12:51:51.828,0100f000000000000000000000000000000000000000000000000000000000000000000000000000000000000000000000000000000000000000000000000000,0100f0,dial,Dial 1,240,"1,0,0,0","240,0,0,0"
2026-05-16T12:51:51.828,0100f100000000000000000000000000000000000000000000000000000000000000000000000000000000000000000000000000000000000000000000000000,0100f1,dial,Dial 1,241,"1,0,0,0","241,0,0,0"
2026-05-16T12:51:51.828,0100f200000000000000000000000000000000000000000000000000000000000000000000000000000000000000000000000000000000000000000000000000,0100f2,dial,Dial 1,242,"1,0,0,0","242,0,0,0"
2026-05-16T12:51:51.828,0100f300000000000000000000000000000000000000000000000000000000000000000000000000000000000000000000000000000000000000000000000000,0100f3,dial,Dial 1,243,"1,0,0,0","243,0,0,0"
2026-05-16T12:51:51.828,0100f400000000000000000000000000000000000000000000000000000000000000000000000000000000000000000000000000000000000000000000000000,0100f4,dial,Dial 1,244,"1,0,0,0","244,0,0,0"
2026-05-16T12:51:51.828,0100f500000000000000000000000000000000000000000000000000000000000000000000000000000000000000000000000000000000000000000000000000,0100f5,dial,Dial 1,245,"1,0,0,0","245,0,0,0"
2026-05-16T12:51:51.828,0100f600000000000000000000000000000000000000000000000000000000000000000000000000000000000000000000000000000000000000000000000000,0100f6,dial,Dial 1,246,"1,0,0,0","246,0,0,0"
2026-05-16T12:51:51.828,0100f700000000000000000000000000000000000000000000000000000000000000000000000000000000000000000000000000000000000000000000000000,0100f7,dial,Dial 1,247,"1,0,0,0","247,0,0,0"
2026-05-16T12:51:51.828,0100f800000000000000000000000000000000000000000000000000000000000000000000000000000000000000000000000000000000000000000000000000,0100f8,dial,Dial 1,248,"1,0,0,0","248,0,0,0"
2026-05-16T12:51:51.828,0100f900000000000000000000000000000000000000000000000000000000000000000000000000000000000000000000000000000000000000000000000000,0100f9,dial,Dial 1,249,"1,0,0,0","249,0,0,0"
2026-05-16T12:51:51.828,0100fa00000000000000000000000000000000000000000000000000000000000000000000000000000000000000000000000000000000000000000000000000,0100fa,dial,Dial 1,250,"1,0,0,0","250,0,0,0"
2026-05-16T12:51:51.828,0100fb00000000000000000000000000000000000000000000000000000000000000000000000000000000000000000000000000000000000000000000000000,0100fb,dial,Dial 1,251,"1,0,0,0","251,0,0,0"
2026-05-16T12:51:51.829,0100fc00000000000000000000000000000000000000000000000000000000000000000000000000000000000000000000000000000000000000000000000000,0100fc,dial,Dial 1,252,"1,0,0,0","252,0,0,0"
2026-05-16T12:51:51.829,0100fd00000000000000000000000000000000000000000000000000000000000000000000000000000000000000000000000000000000000000000000000000,0100fd,dial,Dial 1,253,"1,0,0,0","253,0,0,0"
2026-05-16T12:51:51.829,0100fe00000000000000000000000000000000000000000000000000000000000000000000000000000000000000000000000000000000000000000000000000,0100fe,dial,Dial 1,254,"1,0,0,0","254,0,0,0"
2026-05-16T12:51:51.829,0100ff00000000000000000000000000000000000000000000000000000000000000000000000000000000000000000000000000000000000000000000000000,0100ff,dial,Dial 1,255,"1,0,0,0","255,0,0,0"
2026-05-16T12:51:52.630,0100fe00000000000000000000000000000000000000000000000000000000000000000000000000000000000000000000000000000000000000000000000000,0100fe,dial,Dial 1,254,"1,0,0,0","254,0,0,0"
2026-05-16T12:51:52.630,0100fd00000000000000000000000000000000000000000000000000000000000000000000000000000000000000000000000000000000000000000000000000,0100fd,dial,Dial 1,253,"1,0,0,0","253,0,0,0"
2026-05-16T12:51:52.630,0100fc00000000000000000000000000000000000000000000000000000000000000000000000000000000000000000000000000000000000000000000000000,0100fc,dial,Dial 1,252,"1,0,0,0","252,0,0,0"
2026-05-16T12:51:52.630,0100fb00000000000000000000000000000000000000000000000000000000000000000000000000000000000000000000000000000000000000000000000000,0100fb,dial,Dial 1,251,"1,0,0,0","251,0,0,0"
2026-05-16T12:51:52.630,0100fa00000000000000000000000000000000000000000000000000000000000000000000000000000000000000000000000000000000000000000000000000,0100fa,dial,Dial 1,250,"1,0,0,0","250,0,0,0"
2026-05-16T12:51:52.630,0100f900000000000000000000000000000000000000000000000000000000000000000000000000000000000000000000000000000000000000000000000000,0100f9,dial,Dial 1,249,"1,0,0,0","249,0,0,0"
2026-05-16T12:51:52.630,0100f800000000000000000000000000000000000000000000000000000000000000000000000000000000000000000000000000000000000000000000000000,0100f8,dial,Dial 1,248,"1,0,0,0","248,0,0,0"
2026-05-16T12:51:52.630,0100f700000000000000000000000000000000000000000000000000000000000000000000000000000000000000000000000000000000000000000000000000,0100f7,dial,Dial 1,247,"1,0,0,0","247,0,0,0"
2026-05-16T12:51:52.630,0100f600000000000000000000000000000000000000000000000000000000000000000000000000000000000000000000000000000000000000000000000000,0100f6,dial,Dial 1,246,"1,0,0,0","246,0,0,0"
2026-05-16T12:51:52.630,0100f400000000000000000000000000000000000000000000000000000000000000000000000000000000000000000000000000000000000000000000000000,0100f4,dial,Dial 1,244,"1,0,0,0","244,0,0,0"
2026-05-16T12:51:52.630,0100f300000000000000000000000000000000000000000000000000000000000000000000000000000000000000000000000000000000000000000000000000,0100f3,dial,Dial 1,243,"1,0,0,0","243,0,0,0"
2026-05-16T12:51:52.630,0100f200000000000000000000000000000000000000000000000000000000000000000000000000000000000000000000000000000000000000000000000000,0100f2,dial,Dial 1,242,"1,0,0,0","242,0,0,0"
2026-05-16T12:51:52.630,0100f100000000000000000000000000000000000000000000000000000000000000000000000000000000000000000000000000000000000000000000000000,0100f1,dial,Dial 1,241,"1,0,0,0","241,0,0,0"
2026-05-16T12:51:52.630,0100f000000000000000000000000000000000000000000000000000000000000000000000000000000000000000000000000000000000000000000000000000,0100f0,dial,Dial 1,240,"1,0,0,0","240,0,0,0"
2026-05-16T12:51:52.630,0100ef00000000000000000000000000000000000000000000000000000000000000000000000000000000000000000000000000000000000000000000000000,0100ef,dial,Dial 1,239,"1,0,0,0","239,0,0,0"
2026-05-16T12:51:52.630,0100ee00000000000000000000000000000000000000000000000000000000000000000000000000000000000000000000000000000000000000000000000000,0100ee,dial,Dial 1,238,"1,0,0,0","238,0,0,0"
2026-05-16T12:51:52.630,0100ed00000000000000000000000000000000000000000000000000000000000000000000000000000000000000000000000000000000000000000000000000,0100ed,dial,Dial 1,237,"1,0,0,0","237,0,0,0"
2026-05-16T12:51:52.630,0100ec00000000000000000000000000000000000000000000000000000000000000000000000000000000000000000000000000000000000000000000000000,0100ec,dial,Dial 1,236,"1,0,0,0","236,0,0,0"
2026-05-16T12:51:52.630,0100eb00000000000000000000000000000000000000000000000000000000000000000000000000000000000000000000000000000000000000000000000000,0100eb,dial,Dial 1,235,"1,0,0,0","235,0,0,0"
2026-05-16T12:51:52.630,0100e900000000000000000000000000000000000000000000000000000000000000000000000000000000000000000000000000000000000000000000000000,0100e9,dial,Dial 1,233,"1,0,0,0","233,0,0,0"
2026-05-16T12:51:52.630,0100e800000000000000000000000000000000000000000000000000000000000000000000000000000000000000000000000000000000000000000000000000,0100e8,dial,Dial 1,232,"1,0,0,0","232,0,0,0"
2026-05-16T12:51:52.630,0100e700000000000000000000000000000000000000000000000000000000000000000000000000000000000000000000000000000000000000000000000000,0100e7,dial,Dial 1,231,"1,0,0,0","231,0,0,0"
2026-05-16T12:51:52.630,0100e600000000000000000000000000000000000000000000000000000000000000000000000000000000000000000000000000000000000000000000000000,0100e6,dial,Dial 1,230,"1,0,0,0","230,0,0,0"
2026-05-16T12:51:52.730,0100e500000000000000000000000000000000000000000000000000000000000000000000000000000000000000000000000000000000000000000000000000,0100e5,dial,Dial 1,229,"1,0,0,0","229,0,0,0"
2026-05-16T12:51:52.730,0100e400000000000000000000000000000000000000000000000000000000000000000000000000000000000000000000000000000000000000000000000000,0100e4,dial,Dial 1,228,"1,0,0,0","228,0,0,0"
2026-05-16T12:51:52.730,0100e300000000000000000000000000000000000000000000000000000000000000000000000000000000000000000000000000000000000000000000000000,0100e3,dial,Dial 1,227,"1,0,0,0","227,0,0,0"
2026-05-16T12:51:52.730,0100e200000000000000000000000000000000000000000000000000000000000000000000000000000000000000000000000000000000000000000000000000,0100e2,dial,Dial 1,226,"1,0,0,0","226,0,0,0"
2026-05-16T12:51:52.730,0100e100000000000000000000000000000000000000000000000000000000000000000000000000000000000000000000000000000000000000000000000000,0100e1,dial,Dial 1,225,"1,0,0,0","225,0,0,0"
2026-05-16T12:51:52.731,0100e000000000000000000000000000000000000000000000000000000000000000000000000000000000000000000000000000000000000000000000000000,0100e0,dial,Dial 1,224,"1,0,0,0","224,0,0,0"
2026-05-16T12:51:52.731,0100df00000000000000000000000000000000000000000000000000000000000000000000000000000000000000000000000000000000000000000000000000,0100df,dial,Dial 1,223,"1,0,0,0","223,0,0,0"
2026-05-16T12:51:52.731,0100de00000000000000000000000000000000000000000000000000000000000000000000000000000000000000000000000000000000000000000000000000,0100de,dial,Dial 1,222,"1,0,0,0","222,0,0,0"
2026-05-16T12:51:52.731,0100dd00000000000000000000000000000000000000000000000000000000000000000000000000000000000000000000000000000000000000000000000000,0100dd,dial,Dial 1,221,"1,0,0,0","221,0,0,0"
2026-05-16T12:51:52.731,0100dc00000000000000000000000000000000000000000000000000000000000000000000000000000000000000000000000000000000000000000000000000,0100dc,dial,Dial 1,220,"1,0,0,0","220,0,0,0"
2026-05-16T12:51:52.731,0100db00000000000000000000000000000000000000000000000000000000000000000000000000000000000000000000000000000000000000000000000000,0100db,dial,Dial 1,219,"1,0,0,0","219,0,0,0"
2026-05-16T12:51:52.731,0100da00000000000000000000000000000000000000000000000000000000000000000000000000000000000000000000000000000000000000000000000000,0100da,dial,Dial 1,218,"1,0,0,0","218,0,0,0"
2026-05-16T12:51:52.731,0100d900000000000000000000000000000000000000000000000000000000000000000000000000000000000000000000000000000000000000000000000000,0100d9,dial,Dial 1,217,"1,0,0,0","217,0,0,0"
2026-05-16T12:51:52.731,0100d800000000000000000000000000000000000000000000000000000000000000000000000000000000000000000000000000000000000000000000000000,0100d8,dial,Dial 1,216,"1,0,0,0","216,0,0,0"
2026-05-16T12:51:52.731,0100d700000000000000000000000000000000000000000000000000000000000000000000000000000000000000000000000000000000000000000000000000,0100d7,dial,Dial 1,215,"1,0,0,0","215,0,0,0"
2026-05-16T12:51:52.731,0100d600000000000000000000000000000000000000000000000000000000000000000000000000000000000000000000000000000000000000000000000000,0100d6,dial,Dial 1,214,"1,0,0,0","214,0,0,0"
2026-05-16T12:51:52.731,0100d500000000000000000000000000000000000000000000000000000000000000000000000000000000000000000000000000000000000000000000000000,0100d5,dial,Dial 1,213,"1,0,0,0","213,0,0,0"
2026-05-16T12:51:52.731,0100d400000000000000000000000000000000000000000000000000000000000000000000000000000000000000000000000000000000000000000000000000,0100d4,dial,Dial 1,212,"1,0,0,0","212,0,0,0"
2026-05-16T12:51:52.731,0100d300000000000000000000000000000000000000000000000000000000000000000000000000000000000000000000000000000000000000000000000000,0100d3,dial,Dial 1,211,"1,0,0,0","211,0,0,0"
2026-05-16T12:51:52.731,0100d200000000000000000000000000000000000000000000000000000000000000000000000000000000000000000000000000000000000000000000000000,0100d2,dial,Dial 1,210,"1,0,0,0","210,0,0,0"
2026-05-16T12:51:52.731,0100d100000000000000000000000000000000000000000000000000000000000000000000000000000000000000000000000000000000000000000000000000,0100d1,dial,Dial 1,209,"1,0,0,0","209,0,0,0"
2026-05-16T12:51:52.731,0100d000000000000000000000000000000000000000000000000000000000000000000000000000000000000000000000000000000000000000000000000000,0100d0,dial,Dial 1,208,"1,0,0,0","208,0,0,0"
2026-05-16T12:51:52.731,0100cf00000000000000000000000000000000000000000000000000000000000000000000000000000000000000000000000000000000000000000000000000,0100cf,dial,Dial 1,207,"1,0,0,0","207,0,0,0"
2026-05-16T12:51:52.731,0100ce00000000000000000000000000000000000000000000000000000000000000000000000000000000000000000000000000000000000000000000000000,0100ce,dial,Dial 1,206,"1,0,0,0","206,0,0,0"
2026-05-16T12:51:52.731,0100cd00000000000000000000000000000000000000000000000000000000000000000000000000000000000000000000000000000000000000000000000000,0100cd,dial,Dial 1,205,"1,0,0,0","205,0,0,0"
2026-05-16T12:51:52.731,0100cc00000000000000000000000000000000000000000000000000000000000000000000000000000000000000000000000000000000000000000000000000,0100cc,dial,Dial 1,204,"1,0,0,0","204,0,0,0"
2026-05-16T12:51:52.731,0100cb00000000000000000000000000000000000000000000000000000000000000000000000000000000000000000000000000000000000000000000000000,0100cb,dial,Dial 1,203,"1,0,0,0","203,0,0,0"
2026-05-16T12:51:52.731,0100c900000000000000000000000000000000000000000000000000000000000000000000000000000000000000000000000000000000000000000000000000,0100c9,dial,Dial 1,201,"1,0,0,0","201,0,0,0"
2026-05-16T12:51:52.731,0100c800000000000000000000000000000000000000000000000000000000000000000000000000000000000000000000000000000000000000000000000000,0100c8,dial,Dial 1,200,"1,0,0,0","200,0,0,0"
2026-05-16T12:51:52.731,0100c700000000000000000000000000000000000000000000000000000000000000000000000000000000000000000000000000000000000000000000000000,0100c7,dial,Dial 1,199,"1,0,0,0","199,0,0,0"
2026-05-16T12:51:52.731,0100c600000000000000000000000000000000000000000000000000000000000000000000000000000000000000000000000000000000000000000000000000,0100c6,dial,Dial 1,198,"1,0,0,0","198,0,0,0"
2026-05-16T12:51:52.731,0100c400000000000000000000000000000000000000000000000000000000000000000000000000000000000000000000000000000000000000000000000000,0100c4,dial,Dial 1,196,"1,0,0,0","196,0,0,0"
2026-05-16T12:51:52.731,0100c300000000000000000000000000000000000000000000000000000000000000000000000000000000000000000000000000000000000000000000000000,0100c3,dial,Dial 1,195,"1,0,0,0","195,0,0,0"
2026-05-16T12:51:52.731,0100c100000000000000000000000000000000000000000000000000000000000000000000000000000000000000000000000000000000000000000000000000,0100c1,dial,Dial 1,193,"1,0,0,0","193,0,0,0"
2026-05-16T12:51:52.731,0100c000000000000000000000000000000000000000000000000000000000000000000000000000000000000000000000000000000000000000000000000000,0100c0,dial,Dial 1,192,"1,0,0,0","192,0,0,0"
2026-05-16T12:51:52.731,0100bf00000000000000000000000000000000000000000000000000000000000000000000000000000000000000000000000000000000000000000000000000,0100bf,dial,Dial 1,191,"1,0,0,0","191,0,0,0"
2026-05-16T12:51:52.731,0100be00000000000000000000000000000000000000000000000000000000000000000000000000000000000000000000000000000000000000000000000000,0100be,dial,Dial 1,190,"1,0,0,0","190,0,0,0"
2026-05-16T12:51:52.731,0100bd00000000000000000000000000000000000000000000000000000000000000000000000000000000000000000000000000000000000000000000000000,0100bd,dial,Dial 1,189,"1,0,0,0","189,0,0,0"
2026-05-16T12:51:52.731,0100bb00000000000000000000000000000000000000000000000000000000000000000000000000000000000000000000000000000000000000000000000000,0100bb,dial,Dial 1,187,"1,0,0,0","187,0,0,0"
2026-05-16T12:51:52.731,0100ba00000000000000000000000000000000000000000000000000000000000000000000000000000000000000000000000000000000000000000000000000,0100ba,dial,Dial 1,186,"1,0,0,0","186,0,0,0"
2026-05-16T12:51:52.732,0100b900000000000000000000000000000000000000000000000000000000000000000000000000000000000000000000000000000000000000000000000000,0100b9,dial,Dial 1,185,"1,0,0,0","185,0,0,0"
2026-05-16T12:51:52.732,0100b800000000000000000000000000000000000000000000000000000000000000000000000000000000000000000000000000000000000000000000000000,0100b8,dial,Dial 1,184,"1,0,0,0","184,0,0,0"
2026-05-16T12:51:52.732,0100b600000000000000000000000000000000000000000000000000000000000000000000000000000000000000000000000000000000000000000000000000,0100b6,dial,Dial 1,182,"1,0,0,0","182,0,0,0"
2026-05-16T12:51:52.732,0100b500000000000000000000000000000000000000000000000000000000000000000000000000000000000000000000000000000000000000000000000000,0100b5,dial,Dial 1,181,"1,0,0,0","181,0,0,0"
2026-05-16T12:51:52.732,0100b400000000000000000000000000000000000000000000000000000000000000000000000000000000000000000000000000000000000000000000000000,0100b4,dial,Dial 1,180,"1,0,0,0","180,0,0,0"
2026-05-16T12:51:52.732,0100b300000000000000000000000000000000000000000000000000000000000000000000000000000000000000000000000000000000000000000000000000,0100b3,dial,Dial 1,179,"1,0,0,0","179,0,0,0"
2026-05-16T12:51:52.732,0100b200000000000000000000000000000000000000000000000000000000000000000000000000000000000000000000000000000000000000000000000000,0100b2,dial,Dial 1,178,"1,0,0,0","178,0,0,0"
2026-05-16T12:51:52.732,0100b100000000000000000000000000000000000000000000000000000000000000000000000000000000000000000000000000000000000000000000000000,0100b1,dial,Dial 1,177,"1,0,0,0","177,0,0,0"
2026-05-16T12:51:52.732,0100b000000000000000000000000000000000000000000000000000000000000000000000000000000000000000000000000000000000000000000000000000,0100b0,dial,Dial 1,176,"1,0,0,0","176,0,0,0"
2026-05-16T12:51:52.832,0100af00000000000000000000000000000000000000000000000000000000000000000000000000000000000000000000000000000000000000000000000000,0100af,dial,Dial 1,175,"1,0,0,0","175,0,0,0"
2026-05-16T12:51:52.832,0100ae00000000000000000000000000000000000000000000000000000000000000000000000000000000000000000000000000000000000000000000000000,0100ae,dial,Dial 1,174,"1,0,0,0","174,0,0,0"
2026-05-16T12:51:52.832,0100ac00000000000000000000000000000000000000000000000000000000000000000000000000000000000000000000000000000000000000000000000000,0100ac,dial,Dial 1,172,"1,0,0,0","172,0,0,0"
2026-05-16T12:51:52.832,0100ab00000000000000000000000000000000000000000000000000000000000000000000000000000000000000000000000000000000000000000000000000,0100ab,dial,Dial 1,171,"1,0,0,0","171,0,0,0"
2026-05-16T12:51:52.832,0100aa00000000000000000000000000000000000000000000000000000000000000000000000000000000000000000000000000000000000000000000000000,0100aa,dial,Dial 1,170,"1,0,0,0","170,0,0,0"
2026-05-16T12:51:52.832,0100a900000000000000000000000000000000000000000000000000000000000000000000000000000000000000000000000000000000000000000000000000,0100a9,dial,Dial 1,169,"1,0,0,0","169,0,0,0"
2026-05-16T12:51:52.832,0100a800000000000000000000000000000000000000000000000000000000000000000000000000000000000000000000000000000000000000000000000000,0100a8,dial,Dial 1,168,"1,0,0,0","168,0,0,0"
2026-05-16T12:51:52.832,0100a700000000000000000000000000000000000000000000000000000000000000000000000000000000000000000000000000000000000000000000000000,0100a7,dial,Dial 1,167,"1,0,0,0","167,0,0,0"
2026-05-16T12:51:52.832,0100a600000000000000000000000000000000000000000000000000000000000000000000000000000000000000000000000000000000000000000000000000,0100a6,dial,Dial 1,166,"1,0,0,0","166,0,0,0"
2026-05-16T12:51:52.832,0100a500000000000000000000000000000000000000000000000000000000000000000000000000000000000000000000000000000000000000000000000000,0100a5,dial,Dial 1,165,"1,0,0,0","165,0,0,0"
2026-05-16T12:51:52.832,0100a400000000000000000000000000000000000000000000000000000000000000000000000000000000000000000000000000000000000000000000000000,0100a4,dial,Dial 1,164,"1,0,0,0","164,0,0,0"
2026-05-16T12:51:52.832,0100a300000000000000000000000000000000000000000000000000000000000000000000000000000000000000000000000000000000000000000000000000,0100a3,dial,Dial 1,163,"1,0,0,0","163,0,0,0"
2026-05-16T12:51:52.832,0100a200000000000000000000000000000000000000000000000000000000000000000000000000000000000000000000000000000000000000000000000000,0100a2,dial,Dial 1,162,"1,0,0,0","162,0,0,0"
2026-05-16T12:51:52.832,0100a100000000000000000000000000000000000000000000000000000000000000000000000000000000000000000000000000000000000000000000000000,0100a1,dial,Dial 1,161,"1,0,0,0","161,0,0,0"
2026-05-16T12:51:52.832,0100a000000000000000000000000000000000000000000000000000000000000000000000000000000000000000000000000000000000000000000000000000,0100a0,dial,Dial 1,160,"1,0,0,0","160,0,0,0"
2026-05-16T12:51:52.832,01009f00000000000000000000000000000000000000000000000000000000000000000000000000000000000000000000000000000000000000000000000000,01009f,dial,Dial 1,159,"1,0,0,0","159,0,0,0"
2026-05-16T12:51:52.832,01009e00000000000000000000000000000000000000000000000000000000000000000000000000000000000000000000000000000000000000000000000000,01009e,dial,Dial 1,158,"1,0,0,0","158,0,0,0"
2026-05-16T12:51:52.832,01009d00000000000000000000000000000000000000000000000000000000000000000000000000000000000000000000000000000000000000000000000000,01009d,dial,Dial 1,157,"1,0,0,0","157,0,0,0"
2026-05-16T12:51:52.832,01009c00000000000000000000000000000000000000000000000000000000000000000000000000000000000000000000000000000000000000000000000000,01009c,dial,Dial 1,156,"1,0,0,0","156,0,0,0"
2026-05-16T12:51:52.832,01009b00000000000000000000000000000000000000000000000000000000000000000000000000000000000000000000000000000000000000000000000000,01009b,dial,Dial 1,155,"1,0,0,0","155,0,0,0"
2026-05-16T12:51:52.832,01009a00000000000000000000000000000000000000000000000000000000000000000000000000000000000000000000000000000000000000000000000000,01009a,dial,Dial 1,154,"1,0,0,0","154,0,0,0"
2026-05-16T12:51:52.832,01009900000000000000000000000000000000000000000000000000000000000000000000000000000000000000000000000000000000000000000000000000,010099,dial,Dial 1,153,"1,0,0,0","153,0,0,0"
2026-05-16T12:51:52.832,01009800000000000000000000000000000000000000000000000000000000000000000000000000000000000000000000000000000000000000000000000000,010098,dial,Dial 1,152,"1,0,0,0","152,0,0,0"
2026-05-16T12:51:52.832,01009700000000000000000000000000000000000000000000000000000000000000000000000000000000000000000000000000000000000000000000000000,010097,dial,Dial 1,151,"1,0,0,0","151,0,0,0"
2026-05-16T12:51:52.832,01009600000000000000000000000000000000000000000000000000000000000000000000000000000000000000000000000000000000000000000000000000,010096,dial,Dial 1,150,"1,0,0,0","150,0,0,0"
2026-05-16T12:51:52.833,01009500000000000000000000000000000000000000000000000000000000000000000000000000000000000000000000000000000000000000000000000000,010095,dial,Dial 1,149,"1,0,0,0","149,0,0,0"
2026-05-16T12:51:52.833,01009400000000000000000000000000000000000000000000000000000000000000000000000000000000000000000000000000000000000000000000000000,010094,dial,Dial 1,148,"1,0,0,0","148,0,0,0"
2026-05-16T12:51:52.833,01009300000000000000000000000000000000000000000000000000000000000000000000000000000000000000000000000000000000000000000000000000,010093,dial,Dial 1,147,"1,0,0,0","147,0,0,0"
2026-05-16T12:51:52.833,01009200000000000000000000000000000000000000000000000000000000000000000000000000000000000000000000000000000000000000000000000000,010092,dial,Dial 1,146,"1,0,0,0","146,0,0,0"
2026-05-16T12:51:52.833,01009100000000000000000000000000000000000000000000000000000000000000000000000000000000000000000000000000000000000000000000000000,010091,dial,Dial 1,145,"1,0,0,0","145,0,0,0"
2026-05-16T12:51:52.833,01009000000000000000000000000000000000000000000000000000000000000000000000000000000000000000000000000000000000000000000000000000,010090,dial,Dial 1,144,"1,0,0,0","144,0,0,0"
2026-05-16T12:51:52.833,01008f00000000000000000000000000000000000000000000000000000000000000000000000000000000000000000000000000000000000000000000000000,01008f,dial,Dial 1,143,"1,0,0,0","143,0,0,0"
2026-05-16T12:51:52.833,01008e00000000000000000000000000000000000000000000000000000000000000000000000000000000000000000000000000000000000000000000000000,01008e,dial,Dial 1,142,"1,0,0,0","142,0,0,0"
2026-05-16T12:51:52.833,01008d00000000000000000000000000000000000000000000000000000000000000000000000000000000000000000000000000000000000000000000000000,01008d,dial,Dial 1,141,"1,0,0,0","141,0,0,0"
2026-05-16T12:51:52.833,01008c00000000000000000000000000000000000000000000000000000000000000000000000000000000000000000000000000000000000000000000000000,01008c,dial,Dial 1,140,"1,0,0,0","140,0,0,0"
2026-05-16T12:51:52.833,01008b00000000000000000000000000000000000000000000000000000000000000000000000000000000000000000000000000000000000000000000000000,01008b,dial,Dial 1,139,"1,0,0,0","139,0,0,0"
2026-05-16T12:51:52.933,01008a00000000000000000000000000000000000000000000000000000000000000000000000000000000000000000000000000000000000000000000000000,01008a,dial,Dial 1,138,"1,0,0,0","138,0,0,0"
2026-05-16T12:51:52.933,01008900000000000000000000000000000000000000000000000000000000000000000000000000000000000000000000000000000000000000000000000000,010089,dial,Dial 1,137,"1,0,0,0","137,0,0,0"
2026-05-16T12:51:53.434,01008800000000000000000000000000000000000000000000000000000000000000000000000000000000000000000000000000000000000000000000000000,010088,dial,Dial 1,136,"1,0,0,0","136,0,0,0"
2026-05-16T12:51:53.434,01008700000000000000000000000000000000000000000000000000000000000000000000000000000000000000000000000000000000000000000000000000,010087,dial,Dial 1,135,"1,0,0,0","135,0,0,0"
2026-05-16T12:51:53.434,01008600000000000000000000000000000000000000000000000000000000000000000000000000000000000000000000000000000000000000000000000000,010086,dial,Dial 1,134,"1,0,0,0","134,0,0,0"
2026-05-16T12:51:53.434,01008500000000000000000000000000000000000000000000000000000000000000000000000000000000000000000000000000000000000000000000000000,010085,dial,Dial 1,133,"1,0,0,0","133,0,0,0"
2026-05-16T12:51:53.434,01008400000000000000000000000000000000000000000000000000000000000000000000000000000000000000000000000000000000000000000000000000,010084,dial,Dial 1,132,"1,0,0,0","132,0,0,0"
2026-05-16T12:51:53.434,01008300000000000000000000000000000000000000000000000000000000000000000000000000000000000000000000000000000000000000000000000000,010083,dial,Dial 1,131,"1,0,0,0","131,0,0,0"
2026-05-16T12:51:53.434,01008200000000000000000000000000000000000000000000000000000000000000000000000000000000000000000000000000000000000000000000000000,010082,dial,Dial 1,130,"1,0,0,0","130,0,0,0"
2026-05-16T12:51:53.434,01008100000000000000000000000000000000000000000000000000000000000000000000000000000000000000000000000000000000000000000000000000,010081,dial,Dial 1,129,"1,0,0,0","129,0,0,0"
2026-05-16T12:51:53.434,01008000000000000000000000000000000000000000000000000000000000000000000000000000000000000000000000000000000000000000000000000000,010080,dial,Dial 1,128,"1,0,0,0","128,0,0,0"
2026-05-16T12:51:53.434,01007f00000000000000000000000000000000000000000000000000000000000000000000000000000000000000000000000000000000000000000000000000,01007f,dial,Dial 1,127,"1,0,0,0","127,0,0,0"
2026-05-16T12:51:53.434,01007e00000000000000000000000000000000000000000000000000000000000000000000000000000000000000000000000000000000000000000000000000,01007e,dial,Dial 1,126,"1,0,0,0","126,0,0,0"
2026-05-16T12:51:53.434,01007d00000000000000000000000000000000000000000000000000000000000000000000000000000000000000000000000000000000000000000000000000,01007d,dial,Dial 1,125,"1,0,0,0","125,0,0,0"
2026-05-16T12:51:53.434,01007c00000000000000000000000000000000000000000000000000000000000000000000000000000000000000000000000000000000000000000000000000,01007c,dial,Dial 1,124,"1,0,0,0","124,0,0,0"
2026-05-16T12:51:53.434,01007b00000000000000000000000000000000000000000000000000000000000000000000000000000000000000000000000000000000000000000000000000,01007b,dial,Dial 1,123,"1,0,0,0","123,0,0,0"
2026-05-16T12:51:53.434,01007a00000000000000000000000000000000000000000000000000000000000000000000000000000000000000000000000000000000000000000000000000,01007a,dial,Dial 1,122,"1,0,0,0","122,0,0,0"
2026-05-16T12:51:53.434,01007900000000000000000000000000000000000000000000000000000000000000000000000000000000000000000000000000000000000000000000000000,010079,dial,Dial 1,121,"1,0,0,0","121,0,0,0"
2026-05-16T12:51:53.434,01007800000000000000000000000000000000000000000000000000000000000000000000000000000000000000000000000000000000000000000000000000,010078,dial,Dial 1,120,"1,0,0,0","120,0,0,0"
2026-05-16T12:51:53.434,01007700000000000000000000000000000000000000000000000000000000000000000000000000000000000000000000000000000000000000000000000000,010077,dial,Dial 1,119,"1,0,0,0","119,0,0,0"
2026-05-16T12:51:53.434,01007600000000000000000000000000000000000000000000000000000000000000000000000000000000000000000000000000000000000000000000000000,010076,dial,Dial 1,118,"1,0,0,0","118,0,0,0"
2026-05-16T12:51:53.434,01007500000000000000000000000000000000000000000000000000000000000000000000000000000000000000000000000000000000000000000000000000,010075,dial,Dial 1,117,"1,0,0,0","117,0,0,0"
2026-05-16T12:51:53.434,01007400000000000000000000000000000000000000000000000000000000000000000000000000000000000000000000000000000000000000000000000000,010074,dial,Dial 1,116,"1,0,0,0","116,0,0,0"
2026-05-16T12:51:53.434,01007300000000000000000000000000000000000000000000000000000000000000000000000000000000000000000000000000000000000000000000000000,010073,dial,Dial 1,115,"1,0,0,0","115,0,0,0"
2026-05-16T12:51:53.434,01007200000000000000000000000000000000000000000000000000000000000000000000000000000000000000000000000000000000000000000000000000,010072,dial,Dial 1,114,"1,0,0,0","114,0,0,0"
2026-05-16T12:51:53.434,01007100000000000000000000000000000000000000000000000000000000000000000000000000000000000000000000000000000000000000000000000000,010071,dial,Dial 1,113,"1,0,0,0","113,0,0,0"
2026-05-16T12:51:53.434,01007000000000000000000000000000000000000000000000000000000000000000000000000000000000000000000000000000000000000000000000000000,010070,dial,Dial 1,112,"1,0,0,0","112,0,0,0"
2026-05-16T12:51:53.434,01006f00000000000000000000000000000000000000000000000000000000000000000000000000000000000000000000000000000000000000000000000000,01006f,dial,Dial 1,111,"1,0,0,0","111,0,0,0"
2026-05-16T12:51:53.434,01006e00000000000000000000000000000000000000000000000000000000000000000000000000000000000000000000000000000000000000000000000000,01006e,dial,Dial 1,110,"1,0,0,0","110,0,0,0"
2026-05-16T12:51:53.434,01006d00000000000000000000000000000000000000000000000000000000000000000000000000000000000000000000000000000000000000000000000000,01006d,dial,Dial 1,109,"1,0,0,0","109,0,0,0"
2026-05-16T12:51:53.434,01006c00000000000000000000000000000000000000000000000000000000000000000000000000000000000000000000000000000000000000000000000000,01006c,dial,Dial 1,108,"1,0,0,0","108,0,0,0"
2026-05-16T12:51:53.434,01006b00000000000000000000000000000000000000000000000000000000000000000000000000000000000000000000000000000000000000000000000000,01006b,dial,Dial 1,107,"1,0,0,0","107,0,0,0"
2026-05-16T12:51:53.434,01006a00000000000000000000000000000000000000000000000000000000000000000000000000000000000000000000000000000000000000000000000000,01006a,dial,Dial 1,106,"1,0,0,0","106,0,0,0"
2026-05-16T12:51:53.434,01006900000000000000000000000000000000000000000000000000000000000000000000000000000000000000000000000000000000000000000000000000,010069,dial,Dial 1,105,"1,0,0,0","105,0,0,0"
2026-05-16T12:51:53.434,01006800000000000000000000000000000000000000000000000000000000000000000000000000000000000000000000000000000000000000000000000000,010068,dial,Dial 1,104,"1,0,0,0","104,0,0,0"
2026-05-16T12:51:53.435,01006700000000000000000000000000000000000000000000000000000000000000000000000000000000000000000000000000000000000000000000000000,010067,dial,Dial 1,103,"1,0,0,0","103,0,0,0"
2026-05-16T12:51:53.435,01006600000000000000000000000000000000000000000000000000000000000000000000000000000000000000000000000000000000000000000000000000,010066,dial,Dial 1,102,"1,0,0,0","102,0,0,0"
2026-05-16T12:51:53.435,01006500000000000000000000000000000000000000000000000000000000000000000000000000000000000000000000000000000000000000000000000000,010065,dial,Dial 1,101,"1,0,0,0","101,0,0,0"
2026-05-16T12:51:53.435,01006400000000000000000000000000000000000000000000000000000000000000000000000000000000000000000000000000000000000000000000000000,010064,dial,Dial 1,100,"1,0,0,0","100,0,0,0"
2026-05-16T12:51:53.435,01006300000000000000000000000000000000000000000000000000000000000000000000000000000000000000000000000000000000000000000000000000,010063,dial,Dial 1,99,"1,0,0,0","99,0,0,0"
2026-05-16T12:51:53.435,01006200000000000000000000000000000000000000000000000000000000000000000000000000000000000000000000000000000000000000000000000000,010062,dial,Dial 1,98,"1,0,0,0","98,0,0,0"
2026-05-16T12:51:53.435,01006100000000000000000000000000000000000000000000000000000000000000000000000000000000000000000000000000000000000000000000000000,010061,dial,Dial 1,97,"1,0,0,0","97,0,0,0"
2026-05-16T12:51:53.435,01006000000000000000000000000000000000000000000000000000000000000000000000000000000000000000000000000000000000000000000000000000,010060,dial,Dial 1,96,"1,0,0,0","96,0,0,0"
2026-05-16T12:51:53.435,01005f00000000000000000000000000000000000000000000000000000000000000000000000000000000000000000000000000000000000000000000000000,01005f,dial,Dial 1,95,"1,0,0,0","95,0,0,0"
2026-05-16T12:51:53.435,01005e00000000000000000000000000000000000000000000000000000000000000000000000000000000000000000000000000000000000000000000000000,01005e,dial,Dial 1,94,"1,0,0,0","94,0,0,0"
2026-05-16T12:51:53.435,01005d00000000000000000000000000000000000000000000000000000000000000000000000000000000000000000000000000000000000000000000000000,01005d,dial,Dial 1,93,"1,0,0,0","93,0,0,0"
2026-05-16T12:51:53.435,01005c00000000000000000000000000000000000000000000000000000000000000000000000000000000000000000000000000000000000000000000000000,01005c,dial,Dial 1,92,"1,0,0,0","92,0,0,0"
2026-05-16T12:51:53.535,01005b00000000000000000000000000000000000000000000000000000000000000000000000000000000000000000000000000000000000000000000000000,01005b,dial,Dial 1,91,"1,0,0,0","91,0,0,0"
2026-05-16T12:51:53.535,01005a00000000000000000000000000000000000000000000000000000000000000000000000000000000000000000000000000000000000000000000000000,01005a,dial,Dial 1,90,"1,0,0,0","90,0,0,0"
2026-05-16T12:51:53.535,01005900000000000000000000000000000000000000000000000000000000000000000000000000000000000000000000000000000000000000000000000000,010059,dial,Dial 1,89,"1,0,0,0","89,0,0,0"
2026-05-16T12:51:53.535,01005800000000000000000000000000000000000000000000000000000000000000000000000000000000000000000000000000000000000000000000000000,010058,dial,Dial 1,88,"1,0,0,0","88,0,0,0"
2026-05-16T12:51:53.535,01005700000000000000000000000000000000000000000000000000000000000000000000000000000000000000000000000000000000000000000000000000,010057,dial,Dial 1,87,"1,0,0,0","87,0,0,0"
2026-05-16T12:51:53.535,01005600000000000000000000000000000000000000000000000000000000000000000000000000000000000000000000000000000000000000000000000000,010056,dial,Dial 1,86,"1,0,0,0","86,0,0,0"
2026-05-16T12:51:53.535,01005500000000000000000000000000000000000000000000000000000000000000000000000000000000000000000000000000000000000000000000000000,010055,dial,Dial 1,85,"1,0,0,0","85,0,0,0"
2026-05-16T12:51:53.535,01005400000000000000000000000000000000000000000000000000000000000000000000000000000000000000000000000000000000000000000000000000,010054,dial,Dial 1,84,"1,0,0,0","84,0,0,0"
2026-05-16T12:51:53.535,01005300000000000000000000000000000000000000000000000000000000000000000000000000000000000000000000000000000000000000000000000000,010053,dial,Dial 1,83,"1,0,0,0","83,0,0,0"
2026-05-16T12:51:53.535,01005200000000000000000000000000000000000000000000000000000000000000000000000000000000000000000000000000000000000000000000000000,010052,dial,Dial 1,82,"1,0,0,0","82,0,0,0"
2026-05-16T12:51:53.535,01005100000000000000000000000000000000000000000000000000000000000000000000000000000000000000000000000000000000000000000000000000,010051,dial,Dial 1,81,"1,0,0,0","81,0,0,0"
2026-05-16T12:51:53.535,01005000000000000000000000000000000000000000000000000000000000000000000000000000000000000000000000000000000000000000000000000000,010050,dial,Dial 1,80,"1,0,0,0","80,0,0,0"
2026-05-16T12:51:53.535,01004f00000000000000000000000000000000000000000000000000000000000000000000000000000000000000000000000000000000000000000000000000,01004f,dial,Dial 1,79,"1,0,0,0","79,0,0,0"
2026-05-16T12:51:53.535,01004e00000000000000000000000000000000000000000000000000000000000000000000000000000000000000000000000000000000000000000000000000,01004e,dial,Dial 1,78,"1,0,0,0","78,0,0,0"
2026-05-16T12:51:53.535,01004d00000000000000000000000000000000000000000000000000000000000000000000000000000000000000000000000000000000000000000000000000,01004d,dial,Dial 1,77,"1,0,0,0","77,0,0,0"
2026-05-16T12:51:53.535,01004c00000000000000000000000000000000000000000000000000000000000000000000000000000000000000000000000000000000000000000000000000,01004c,dial,Dial 1,76,"1,0,0,0","76,0,0,0"
2026-05-16T12:51:53.535,01004b00000000000000000000000000000000000000000000000000000000000000000000000000000000000000000000000000000000000000000000000000,01004b,dial,Dial 1,75,"1,0,0,0","75,0,0,0"
2026-05-16T12:51:53.535,01004a00000000000000000000000000000000000000000000000000000000000000000000000000000000000000000000000000000000000000000000000000,01004a,dial,Dial 1,74,"1,0,0,0","74,0,0,0"
2026-05-16T12:51:53.535,01004900000000000000000000000000000000000000000000000000000000000000000000000000000000000000000000000000000000000000000000000000,010049,dial,Dial 1,73,"1,0,0,0","73,0,0,0"
2026-05-16T12:51:53.535,01004800000000000000000000000000000000000000000000000000000000000000000000000000000000000000000000000000000000000000000000000000,010048,dial,Dial 1,72,"1,0,0,0","72,0,0,0"
2026-05-16T12:51:53.535,01004700000000000000000000000000000000000000000000000000000000000000000000000000000000000000000000000000000000000000000000000000,010047,dial,Dial 1,71,"1,0,0,0","71,0,0,0"
2026-05-16T12:51:53.535,01004600000000000000000000000000000000000000000000000000000000000000000000000000000000000000000000000000000000000000000000000000,010046,dial,Dial 1,70,"1,0,0,0","70,0,0,0"
2026-05-16T12:51:53.535,01004500000000000000000000000000000000000000000000000000000000000000000000000000000000000000000000000000000000000000000000000000,010045,dial,Dial 1,69,"1,0,0,0","69,0,0,0"
2026-05-16T12:51:53.536,01004400000000000000000000000000000000000000000000000000000000000000000000000000000000000000000000000000000000000000000000000000,010044,dial,Dial 1,68,"1,0,0,0","68,0,0,0"
2026-05-16T12:51:53.536,01004300000000000000000000000000000000000000000000000000000000000000000000000000000000000000000000000000000000000000000000000000,010043,dial,Dial 1,67,"1,0,0,0","67,0,0,0"
2026-05-16T12:51:53.536,01004200000000000000000000000000000000000000000000000000000000000000000000000000000000000000000000000000000000000000000000000000,010042,dial,Dial 1,66,"1,0,0,0","66,0,0,0"
2026-05-16T12:51:53.536,01004100000000000000000000000000000000000000000000000000000000000000000000000000000000000000000000000000000000000000000000000000,010041,dial,Dial 1,65,"1,0,0,0","65,0,0,0"
2026-05-16T12:51:53.536,01004000000000000000000000000000000000000000000000000000000000000000000000000000000000000000000000000000000000000000000000000000,010040,dial,Dial 1,64,"1,0,0,0","64,0,0,0"
2026-05-16T12:51:53.536,01003f00000000000000000000000000000000000000000000000000000000000000000000000000000000000000000000000000000000000000000000000000,01003f,dial,Dial 1,63,"1,0,0,0","63,0,0,0"
2026-05-16T12:51:53.536,01003e00000000000000000000000000000000000000000000000000000000000000000000000000000000000000000000000000000000000000000000000000,01003e,dial,Dial 1,62,"1,0,0,0","62,0,0,0"
2026-05-16T12:51:53.536,01003d00000000000000000000000000000000000000000000000000000000000000000000000000000000000000000000000000000000000000000000000000,01003d,dial,Dial 1,61,"1,0,0,0","61,0,0,0"
2026-05-16T12:51:53.536,01003c00000000000000000000000000000000000000000000000000000000000000000000000000000000000000000000000000000000000000000000000000,01003c,dial,Dial 1,60,"1,0,0,0","60,0,0,0"
2026-05-16T12:51:53.536,01003b00000000000000000000000000000000000000000000000000000000000000000000000000000000000000000000000000000000000000000000000000,01003b,dial,Dial 1,59,"1,0,0,0","59,0,0,0"
2026-05-16T12:51:53.536,01003a00000000000000000000000000000000000000000000000000000000000000000000000000000000000000000000000000000000000000000000000000,01003a,dial,Dial 1,58,"1,0,0,0","58,0,0,0"
2026-05-16T12:51:53.536,01003900000000000000000000000000000000000000000000000000000000000000000000000000000000000000000000000000000000000000000000000000,010039,dial,Dial 1,57,"1,0,0,0","57,0,0,0"
2026-05-16T12:51:53.536,01003800000000000000000000000000000000000000000000000000000000000000000000000000000000000000000000000000000000000000000000000000,010038,dial,Dial 1,56,"1,0,0,0","56,0,0,0"
2026-05-16T12:51:53.536,01003700000000000000000000000000000000000000000000000000000000000000000000000000000000000000000000000000000000000000000000000000,010037,dial,Dial 1,55,"1,0,0,0","55,0,0,0"
2026-05-16T12:51:53.536,01003600000000000000000000000000000000000000000000000000000000000000000000000000000000000000000000000000000000000000000000000000,010036,dial,Dial 1,54,"1,0,0,0","54,0,0,0"
2026-05-16T12:51:53.536,01003500000000000000000000000000000000000000000000000000000000000000000000000000000000000000000000000000000000000000000000000000,010035,dial,Dial 1,53,"1,0,0,0","53,0,0,0"
2026-05-16T12:51:53.636,01003400000000000000000000000000000000000000000000000000000000000000000000000000000000000000000000000000000000000000000000000000,010034,dial,Dial 1,52,"1,0,0,0","52,0,0,0"
2026-05-16T12:51:53.636,01003300000000000000000000000000000000000000000000000000000000000000000000000000000000000000000000000000000000000000000000000000,010033,dial,Dial 1,51,"1,0,0,0","51,0,0,0"
2026-05-16T12:51:53.636,01003200000000000000000000000000000000000000000000000000000000000000000000000000000000000000000000000000000000000000000000000000,010032,dial,Dial 1,50,"1,0,0,0","50,0,0,0"
2026-05-16T12:51:53.636,01003100000000000000000000000000000000000000000000000000000000000000000000000000000000000000000000000000000000000000000000000000,010031,dial,Dial 1,49,"1,0,0,0","49,0,0,0"
2026-05-16T12:51:53.636,01003000000000000000000000000000000000000000000000000000000000000000000000000000000000000000000000000000000000000000000000000000,010030,dial,Dial 1,48,"1,0,0,0","48,0,0,0"
2026-05-16T12:51:53.636,01002f00000000000000000000000000000000000000000000000000000000000000000000000000000000000000000000000000000000000000000000000000,01002f,dial,Dial 1,47,"1,0,0,0","47,0,0,0"
2026-05-16T12:51:53.636,01002e00000000000000000000000000000000000000000000000000000000000000000000000000000000000000000000000000000000000000000000000000,01002e,dial,Dial 1,46,"1,0,0,0","46,0,0,0"
2026-05-16T12:51:53.636,01002d00000000000000000000000000000000000000000000000000000000000000000000000000000000000000000000000000000000000000000000000000,01002d,dial,Dial 1,45,"1,0,0,0","45,0,0,0"
2026-05-16T12:51:53.636,01002c00000000000000000000000000000000000000000000000000000000000000000000000000000000000000000000000000000000000000000000000000,01002c,dial,Dial 1,44,"1,0,0,0","44,0,0,0"
2026-05-16T12:51:53.636,01002b00000000000000000000000000000000000000000000000000000000000000000000000000000000000000000000000000000000000000000000000000,01002b,dial,Dial 1,43,"1,0,0,0","43,0,0,0"
2026-05-16T12:51:53.636,01002a00000000000000000000000000000000000000000000000000000000000000000000000000000000000000000000000000000000000000000000000000,01002a,dial,Dial 1,42,"1,0,0,0","42,0,0,0"
2026-05-16T12:51:53.636,01002900000000000000000000000000000000000000000000000000000000000000000000000000000000000000000000000000000000000000000000000000,010029,dial,Dial 1,41,"1,0,0,0","41,0,0,0"
2026-05-16T12:51:53.636,01002800000000000000000000000000000000000000000000000000000000000000000000000000000000000000000000000000000000000000000000000000,010028,dial,Dial 1,40,"1,0,0,0","40,0,0,0"
2026-05-16T12:51:53.636,01002700000000000000000000000000000000000000000000000000000000000000000000000000000000000000000000000000000000000000000000000000,010027,dial,Dial 1,39,"1,0,0,0","39,0,0,0"
2026-05-16T12:51:53.636,01002600000000000000000000000000000000000000000000000000000000000000000000000000000000000000000000000000000000000000000000000000,010026,dial,Dial 1,38,"1,0,0,0","38,0,0,0"
2026-05-16T12:51:53.637,01002500000000000000000000000000000000000000000000000000000000000000000000000000000000000000000000000000000000000000000000000000,010025,dial,Dial 1,37,"1,0,0,0","37,0,0,0"
2026-05-16T12:51:53.637,01002400000000000000000000000000000000000000000000000000000000000000000000000000000000000000000000000000000000000000000000000000,010024,dial,Dial 1,36,"1,0,0,0","36,0,0,0"
2026-05-16T12:51:53.637,01002300000000000000000000000000000000000000000000000000000000000000000000000000000000000000000000000000000000000000000000000000,010023,dial,Dial 1,35,"1,0,0,0","35,0,0,0"
2026-05-16T12:51:53.637,01002200000000000000000000000000000000000000000000000000000000000000000000000000000000000000000000000000000000000000000000000000,010022,dial,Dial 1,34,"1,0,0,0","34,0,0,0"
2026-05-16T12:51:53.637,01002100000000000000000000000000000000000000000000000000000000000000000000000000000000000000000000000000000000000000000000000000,010021,dial,Dial 1,33,"1,0,0,0","33,0,0,0"
2026-05-16T12:51:53.637,01002000000000000000000000000000000000000000000000000000000000000000000000000000000000000000000000000000000000000000000000000000,010020,dial,Dial 1,32,"1,0,0,0","32,0,0,0"
2026-05-16T12:51:53.637,01001f00000000000000000000000000000000000000000000000000000000000000000000000000000000000000000000000000000000000000000000000000,01001f,dial,Dial 1,31,"1,0,0,0","31,0,0,0"
2026-05-16T12:51:53.637,01001e00000000000000000000000000000000000000000000000000000000000000000000000000000000000000000000000000000000000000000000000000,01001e,dial,Dial 1,30,"1,0,0,0","30,0,0,0"
2026-05-16T12:51:53.737,01001d00000000000000000000000000000000000000000000000000000000000000000000000000000000000000000000000000000000000000000000000000,01001d,dial,Dial 1,29,"1,0,0,0","29,0,0,0"
2026-05-16T12:51:53.737,01001c00000000000000000000000000000000000000000000000000000000000000000000000000000000000000000000000000000000000000000000000000,01001c,dial,Dial 1,28,"1,0,0,0","28,0,0,0"
2026-05-16T12:51:53.737,01001b00000000000000000000000000000000000000000000000000000000000000000000000000000000000000000000000000000000000000000000000000,01001b,dial,Dial 1,27,"1,0,0,0","27,0,0,0"
2026-05-16T12:51:53.737,01001a00000000000000000000000000000000000000000000000000000000000000000000000000000000000000000000000000000000000000000000000000,01001a,dial,Dial 1,26,"1,0,0,0","26,0,0,0"
2026-05-16T12:51:53.737,01001900000000000000000000000000000000000000000000000000000000000000000000000000000000000000000000000000000000000000000000000000,010019,dial,Dial 1,25,"1,0,0,0","25,0,0,0"
2026-05-16T12:51:53.737,01001800000000000000000000000000000000000000000000000000000000000000000000000000000000000000000000000000000000000000000000000000,010018,dial,Dial 1,24,"1,0,0,0","24,0,0,0"
2026-05-16T12:51:53.737,01001700000000000000000000000000000000000000000000000000000000000000000000000000000000000000000000000000000000000000000000000000,010017,dial,Dial 1,23,"1,0,0,0","23,0,0,0"
2026-05-16T12:51:53.737,01001600000000000000000000000000000000000000000000000000000000000000000000000000000000000000000000000000000000000000000000000000,010016,dial,Dial 1,22,"1,0,0,0","22,0,0,0"
2026-05-16T12:51:53.737,01001500000000000000000000000000000000000000000000000000000000000000000000000000000000000000000000000000000000000000000000000000,010015,dial,Dial 1,21,"1,0,0,0","21,0,0,0"
2026-05-16T12:51:53.737,01001400000000000000000000000000000000000000000000000000000000000000000000000000000000000000000000000000000000000000000000000000,010014,dial,Dial 1,20,"1,0,0,0","20,0,0,0"
2026-05-16T12:51:53.737,01001300000000000000000000000000000000000000000000000000000000000000000000000000000000000000000000000000000000000000000000000000,010013,dial,Dial 1,19,"1,0,0,0","19,0,0,0"
2026-05-16T12:51:53.737,01001200000000000000000000000000000000000000000000000000000000000000000000000000000000000000000000000000000000000000000000000000,010012,dial,Dial 1,18,"1,0,0,0","18,0,0,0"
2026-05-16T12:51:54.137,01001100000000000000000000000000000000000000000000000000000000000000000000000000000000000000000000000000000000000000000000000000,010011,dial,Dial 1,17,"1,0,0,0","17,0,0,0"
2026-05-16T12:51:54.138,01001000000000000000000000000000000000000000000000000000000000000000000000000000000000000000000000000000000000000000000000000000,010010,dial,Dial 1,16,"1,0,0,0","16,0,0,0"
2026-05-16T12:51:54.138,01000f00000000000000000000000000000000000000000000000000000000000000000000000000000000000000000000000000000000000000000000000000,01000f,dial,Dial 1,15,"1,0,0,0","15,0,0,0"
2026-05-16T12:51:54.138,01000e00000000000000000000000000000000000000000000000000000000000000000000000000000000000000000000000000000000000000000000000000,01000e,dial,Dial 1,14,"1,0,0,0","14,0,0,0"
2026-05-16T12:51:54.138,01000d00000000000000000000000000000000000000000000000000000000000000000000000000000000000000000000000000000000000000000000000000,01000d,dial,Dial 1,13,"1,0,0,0","13,0,0,0"
2026-05-16T12:51:54.138,01000c00000000000000000000000000000000000000000000000000000000000000000000000000000000000000000000000000000000000000000000000000,01000c,dial,Dial 1,12,"1,0,0,0","12,0,0,0"
2026-05-16T12:51:54.138,01000b00000000000000000000000000000000000000000000000000000000000000000000000000000000000000000000000000000000000000000000000000,01000b,dial,Dial 1,11,"1,0,0,0","11,0,0,0"
2026-05-16T12:51:54.138,01000a00000000000000000000000000000000000000000000000000000000000000000000000000000000000000000000000000000000000000000000000000,01000a,dial,Dial 1,10,"1,0,0,0","10,0,0,0"
2026-05-16T12:51:54.138,01000900000000000000000000000000000000000000000000000000000000000000000000000000000000000000000000000000000000000000000000000000,010009,dial,Dial 1,9,"1,0,0,0","9,0,0,0"
2026-05-16T12:51:54.138,01000800000000000000000000000000000000000000000000000000000000000000000000000000000000000000000000000000000000000000000000000000,010008,dial,Dial 1,8,"1,0,0,0","8,0,0,0"
2026-05-16T12:51:54.138,01000700000000000000000000000000000000000000000000000000000000000000000000000000000000000000000000000000000000000000000000000000,010007,dial,Dial 1,7,"1,0,0,0","7,0,0,0"
2026-05-16T12:51:54.138,01000600000000000000000000000000000000000000000000000000000000000000000000000000000000000000000000000000000000000000000000000000,010006,dial,Dial 1,6,"1,0,0,0","6,0,0,0"
2026-05-16T12:51:54.138,01000500000000000000000000000000000000000000000000000000000000000000000000000000000000000000000000000000000000000000000000000000,010005,dial,Dial 1,5,"1,0,0,0","5,0,0,0"
2026-05-16T12:51:54.138,01000400000000000000000000000000000000000000000000000000000000000000000000000000000000000000000000000000000000000000000000000000,010004,dial,Dial 1,4,"1,0,0,0","4,0,0,0"
2026-05-16T12:51:54.138,01000300000000000000000000000000000000000000000000000000000000000000000000000000000000000000000000000000000000000000000000000000,010003,dial,Dial 1,3,"1,0,0,0","3,0,0,0"
2026-05-16T12:51:54.138,01000200000000000000000000000000000000000000000000000000000000000000000000000000000000000000000000000000000000000000000000000000,010002,dial,Dial 1,2,"1,0,0,0","2,0,0,0"
2026-05-16T12:51:54.138,01000100000000000000000000000000000000000000000000000000000000000000000000000000000000000000000000000000000000000000000000000000,010001,dial,Dial 1,1,"1,0,0,0","1,0,0,0"
2026-05-16T12:51:54.138,01000000000000000000000000000000000000000000000000000000000000000000000000000000000000000000000000000000000000000000000000000000,010000,dial,Dial 1,0,"1,0,0,0","0,0,0,0"
2026-05-16T12:51:55.239,01010100000000000000000000000000000000000000000000000000000000000000000000000000000000000000000000000000000000000000000000000000,010101,dial,Dial 2,1,"1,0,0,0","0,1,0,0"
2026-05-16T12:51:55.239,01010200000000000000000000000000000000000000000000000000000000000000000000000000000000000000000000000000000000000000000000000000,010102,dial,Dial 2,2,"1,0,0,0","0,2,0,0"
2026-05-16T12:51:55.239,01010300000000000000000000000000000000000000000000000000000000000000000000000000000000000000000000000000000000000000000000000000,010103,dial,Dial 2,3,"1,0,0,0","0,3,0,0"
2026-05-16T12:51:55.239,01010400000000000000000000000000000000000000000000000000000000000000000000000000000000000000000000000000000000000000000000000000,010104,dial,Dial 2,4,"1,0,0,0","0,4,0,0"
2026-05-16T12:51:55.239,01010500000000000000000000000000000000000000000000000000000000000000000000000000000000000000000000000000000000000000000000000000,010105,dial,Dial 2,5,"1,0,0,0","0,5,0,0"
2026-05-16T12:51:55.239,01010700000000000000000000000000000000000000000000000000000000000000000000000000000000000000000000000000000000000000000000000000,010107,dial,Dial 2,7,"1,0,0,0","0,7,0,0"
2026-05-16T12:51:55.239,01010800000000000000000000000000000000000000000000000000000000000000000000000000000000000000000000000000000000000000000000000000,010108,dial,Dial 2,8,"1,0,0,0","0,8,0,0"
2026-05-16T12:51:55.239,01010900000000000000000000000000000000000000000000000000000000000000000000000000000000000000000000000000000000000000000000000000,010109,dial,Dial 2,9,"1,0,0,0","0,9,0,0"
2026-05-16T12:51:55.239,01010a00000000000000000000000000000000000000000000000000000000000000000000000000000000000000000000000000000000000000000000000000,01010a,dial,Dial 2,10,"1,0,0,0","0,10,0,0"
2026-05-16T12:51:55.239,01010c00000000000000000000000000000000000000000000000000000000000000000000000000000000000000000000000000000000000000000000000000,01010c,dial,Dial 2,12,"1,0,0,0","0,12,0,0"
2026-05-16T12:51:55.239,01010d00000000000000000000000000000000000000000000000000000000000000000000000000000000000000000000000000000000000000000000000000,01010d,dial,Dial 2,13,"1,0,0,0","0,13,0,0"
2026-05-16T12:51:55.239,01010f00000000000000000000000000000000000000000000000000000000000000000000000000000000000000000000000000000000000000000000000000,01010f,dial,Dial 2,15,"1,0,0,0","0,15,0,0"
2026-05-16T12:51:55.239,01011000000000000000000000000000000000000000000000000000000000000000000000000000000000000000000000000000000000000000000000000000,010110,dial,Dial 2,16,"1,0,0,0","0,16,0,0"
2026-05-16T12:51:55.239,01011100000000000000000000000000000000000000000000000000000000000000000000000000000000000000000000000000000000000000000000000000,010111,dial,Dial 2,17,"1,0,0,0","0,17,0,0"
2026-05-16T12:51:55.240,01011200000000000000000000000000000000000000000000000000000000000000000000000000000000000000000000000000000000000000000000000000,010112,dial,Dial 2,18,"1,0,0,0","0,18,0,0"
2026-05-16T12:51:55.240,01011400000000000000000000000000000000000000000000000000000000000000000000000000000000000000000000000000000000000000000000000000,010114,dial,Dial 2,20,"1,0,0,0","0,20,0,0"
2026-05-16T12:51:55.240,01011500000000000000000000000000000000000000000000000000000000000000000000000000000000000000000000000000000000000000000000000000,010115,dial,Dial 2,21,"1,0,0,0","0,21,0,0"
2026-05-16T12:51:55.240,01011600000000000000000000000000000000000000000000000000000000000000000000000000000000000000000000000000000000000000000000000000,010116,dial,Dial 2,22,"1,0,0,0","0,22,0,0"
2026-05-16T12:51:55.240,01011700000000000000000000000000000000000000000000000000000000000000000000000000000000000000000000000000000000000000000000000000,010117,dial,Dial 2,23,"1,0,0,0","0,23,0,0"
2026-05-16T12:51:55.240,01011800000000000000000000000000000000000000000000000000000000000000000000000000000000000000000000000000000000000000000000000000,010118,dial,Dial 2,24,"1,0,0,0","0,24,0,0"
2026-05-16T12:51:55.240,01011900000000000000000000000000000000000000000000000000000000000000000000000000000000000000000000000000000000000000000000000000,010119,dial,Dial 2,25,"1,0,0,0","0,25,0,0"
2026-05-16T12:51:55.240,01011a00000000000000000000000000000000000000000000000000000000000000000000000000000000000000000000000000000000000000000000000000,01011a,dial,Dial 2,26,"1,0,0,0","0,26,0,0"
2026-05-16T12:51:55.240,01011b00000000000000000000000000000000000000000000000000000000000000000000000000000000000000000000000000000000000000000000000000,01011b,dial,Dial 2,27,"1,0,0,0","0,27,0,0"
2026-05-16T12:51:55.240,01011c00000000000000000000000000000000000000000000000000000000000000000000000000000000000000000000000000000000000000000000000000,01011c,dial,Dial 2,28,"1,0,0,0","0,28,0,0"
2026-05-16T12:51:55.240,01011d00000000000000000000000000000000000000000000000000000000000000000000000000000000000000000000000000000000000000000000000000,01011d,dial,Dial 2,29,"1,0,0,0","0,29,0,0"
2026-05-16T12:51:55.240,01011e00000000000000000000000000000000000000000000000000000000000000000000000000000000000000000000000000000000000000000000000000,01011e,dial,Dial 2,30,"1,0,0,0","0,30,0,0"
2026-05-16T12:51:55.240,01011f00000000000000000000000000000000000000000000000000000000000000000000000000000000000000000000000000000000000000000000000000,01011f,dial,Dial 2,31,"1,0,0,0","0,31,0,0"
2026-05-16T12:51:55.240,01012000000000000000000000000000000000000000000000000000000000000000000000000000000000000000000000000000000000000000000000000000,010120,dial,Dial 2,32,"1,0,0,0","0,32,0,0"
2026-05-16T12:51:55.340,01012100000000000000000000000000000000000000000000000000000000000000000000000000000000000000000000000000000000000000000000000000,010121,dial,Dial 2,33,"1,0,0,0","0,33,0,0"
2026-05-16T12:51:55.340,01012200000000000000000000000000000000000000000000000000000000000000000000000000000000000000000000000000000000000000000000000000,010122,dial,Dial 2,34,"1,0,0,0","0,34,0,0"
2026-05-16T12:51:55.340,01012300000000000000000000000000000000000000000000000000000000000000000000000000000000000000000000000000000000000000000000000000,010123,dial,Dial 2,35,"1,0,0,0","0,35,0,0"
2026-05-16T12:51:55.340,01012400000000000000000000000000000000000000000000000000000000000000000000000000000000000000000000000000000000000000000000000000,010124,dial,Dial 2,36,"1,0,0,0","0,36,0,0"
2026-05-16T12:51:55.340,01012500000000000000000000000000000000000000000000000000000000000000000000000000000000000000000000000000000000000000000000000000,010125,dial,Dial 2,37,"1,0,0,0","0,37,0,0"
2026-05-16T12:51:55.340,01012600000000000000000000000000000000000000000000000000000000000000000000000000000000000000000000000000000000000000000000000000,010126,dial,Dial 2,38,"1,0,0,0","0,38,0,0"
2026-05-16T12:51:55.340,01012700000000000000000000000000000000000000000000000000000000000000000000000000000000000000000000000000000000000000000000000000,010127,dial,Dial 2,39,"1,0,0,0","0,39,0,0"
2026-05-16T12:51:55.340,01012800000000000000000000000000000000000000000000000000000000000000000000000000000000000000000000000000000000000000000000000000,010128,dial,Dial 2,40,"1,0,0,0","0,40,0,0"
2026-05-16T12:51:55.340,01012900000000000000000000000000000000000000000000000000000000000000000000000000000000000000000000000000000000000000000000000000,010129,dial,Dial 2,41,"1,0,0,0","0,41,0,0"
2026-05-16T12:51:55.340,01012a00000000000000000000000000000000000000000000000000000000000000000000000000000000000000000000000000000000000000000000000000,01012a,dial,Dial 2,42,"1,0,0,0","0,42,0,0"
2026-05-16T12:51:55.340,01012b00000000000000000000000000000000000000000000000000000000000000000000000000000000000000000000000000000000000000000000000000,01012b,dial,Dial 2,43,"1,0,0,0","0,43,0,0"
2026-05-16T12:51:55.340,01012c00000000000000000000000000000000000000000000000000000000000000000000000000000000000000000000000000000000000000000000000000,01012c,dial,Dial 2,44,"1,0,0,0","0,44,0,0"
2026-05-16T12:51:55.340,01012d00000000000000000000000000000000000000000000000000000000000000000000000000000000000000000000000000000000000000000000000000,01012d,dial,Dial 2,45,"1,0,0,0","0,45,0,0"
2026-05-16T12:51:55.340,01012e00000000000000000000000000000000000000000000000000000000000000000000000000000000000000000000000000000000000000000000000000,01012e,dial,Dial 2,46,"1,0,0,0","0,46,0,0"
2026-05-16T12:51:55.340,01012f00000000000000000000000000000000000000000000000000000000000000000000000000000000000000000000000000000000000000000000000000,01012f,dial,Dial 2,47,"1,0,0,0","0,47,0,0"
2026-05-16T12:51:55.340,01013000000000000000000000000000000000000000000000000000000000000000000000000000000000000000000000000000000000000000000000000000,010130,dial,Dial 2,48,"1,0,0,0","0,48,0,0"
2026-05-16T12:51:55.340,01013100000000000000000000000000000000000000000000000000000000000000000000000000000000000000000000000000000000000000000000000000,010131,dial,Dial 2,49,"1,0,0,0","0,49,0,0"
2026-05-16T12:51:55.341,01013200000000000000000000000000000000000000000000000000000000000000000000000000000000000000000000000000000000000000000000000000,010132,dial,Dial 2,50,"1,0,0,0","0,50,0,0"
2026-05-16T12:51:55.341,01013300000000000000000000000000000000000000000000000000000000000000000000000000000000000000000000000000000000000000000000000000,010133,dial,Dial 2,51,"1,0,0,0","0,51,0,0"
2026-05-16T12:51:55.341,01013400000000000000000000000000000000000000000000000000000000000000000000000000000000000000000000000000000000000000000000000000,010134,dial,Dial 2,52,"1,0,0,0","0,52,0,0"
2026-05-16T12:51:55.341,01013500000000000000000000000000000000000000000000000000000000000000000000000000000000000000000000000000000000000000000000000000,010135,dial,Dial 2,53,"1,0,0,0","0,53,0,0"
2026-05-16T12:51:55.341,01013600000000000000000000000000000000000000000000000000000000000000000000000000000000000000000000000000000000000000000000000000,010136,dial,Dial 2,54,"1,0,0,0","0,54,0,0"
2026-05-16T12:51:55.341,01013700000000000000000000000000000000000000000000000000000000000000000000000000000000000000000000000000000000000000000000000000,010137,dial,Dial 2,55,"1,0,0,0","0,55,0,0"
2026-05-16T12:51:55.341,01013800000000000000000000000000000000000000000000000000000000000000000000000000000000000000000000000000000000000000000000000000,010138,dial,Dial 2,56,"1,0,0,0","0,56,0,0"
2026-05-16T12:51:55.341,01013900000000000000000000000000000000000000000000000000000000000000000000000000000000000000000000000000000000000000000000000000,010139,dial,Dial 2,57,"1,0,0,0","0,57,0,0"
2026-05-16T12:51:55.341,01013a00000000000000000000000000000000000000000000000000000000000000000000000000000000000000000000000000000000000000000000000000,01013a,dial,Dial 2,58,"1,0,0,0","0,58,0,0"
2026-05-16T12:51:55.341,01013b00000000000000000000000000000000000000000000000000000000000000000000000000000000000000000000000000000000000000000000000000,01013b,dial,Dial 2,59,"1,0,0,0","0,59,0,0"
2026-05-16T12:51:55.341,01013d00000000000000000000000000000000000000000000000000000000000000000000000000000000000000000000000000000000000000000000000000,01013d,dial,Dial 2,61,"1,0,0,0","0,61,0,0"
2026-05-16T12:51:55.341,01013e00000000000000000000000000000000000000000000000000000000000000000000000000000000000000000000000000000000000000000000000000,01013e,dial,Dial 2,62,"1,0,0,0","0,62,0,0"
2026-05-16T12:51:55.341,01013f00000000000000000000000000000000000000000000000000000000000000000000000000000000000000000000000000000000000000000000000000,01013f,dial,Dial 2,63,"1,0,0,0","0,63,0,0"
2026-05-16T12:51:55.341,01014000000000000000000000000000000000000000000000000000000000000000000000000000000000000000000000000000000000000000000000000000,010140,dial,Dial 2,64,"1,0,0,0","0,64,0,0"
2026-05-16T12:51:55.341,01014100000000000000000000000000000000000000000000000000000000000000000000000000000000000000000000000000000000000000000000000000,010141,dial,Dial 2,65,"1,0,0,0","0,65,0,0"
2026-05-16T12:51:55.341,01014200000000000000000000000000000000000000000000000000000000000000000000000000000000000000000000000000000000000000000000000000,010142,dial,Dial 2,66,"1,0,0,0","0,66,0,0"
2026-05-16T12:51:55.341,01014400000000000000000000000000000000000000000000000000000000000000000000000000000000000000000000000000000000000000000000000000,010144,dial,Dial 2,68,"1,0,0,0","0,68,0,0"
2026-05-16T12:51:55.341,01014500000000000000000000000000000000000000000000000000000000000000000000000000000000000000000000000000000000000000000000000000,010145,dial,Dial 2,69,"1,0,0,0","0,69,0,0"
2026-05-16T12:51:55.341,01014600000000000000000000000000000000000000000000000000000000000000000000000000000000000000000000000000000000000000000000000000,010146,dial,Dial 2,70,"1,0,0,0","0,70,0,0"
2026-05-16T12:51:55.341,01014800000000000000000000000000000000000000000000000000000000000000000000000000000000000000000000000000000000000000000000000000,010148,dial,Dial 2,72,"1,0,0,0","0,72,0,0"
2026-05-16T12:51:55.341,01014a00000000000000000000000000000000000000000000000000000000000000000000000000000000000000000000000000000000000000000000000000,01014a,dial,Dial 2,74,"1,0,0,0","0,74,0,0"
2026-05-16T12:51:55.341,01014b00000000000000000000000000000000000000000000000000000000000000000000000000000000000000000000000000000000000000000000000000,01014b,dial,Dial 2,75,"1,0,0,0","0,75,0,0"
2026-05-16T12:51:55.341,01014c00000000000000000000000000000000000000000000000000000000000000000000000000000000000000000000000000000000000000000000000000,01014c,dial,Dial 2,76,"1,0,0,0","0,76,0,0"
2026-05-16T12:51:55.341,01014d00000000000000000000000000000000000000000000000000000000000000000000000000000000000000000000000000000000000000000000000000,01014d,dial,Dial 2,77,"1,0,0,0","0,77,0,0"
2026-05-16T12:51:55.341,01014f00000000000000000000000000000000000000000000000000000000000000000000000000000000000000000000000000000000000000000000000000,01014f,dial,Dial 2,79,"1,0,0,0","0,79,0,0"
2026-05-16T12:51:55.341,01015100000000000000000000000000000000000000000000000000000000000000000000000000000000000000000000000000000000000000000000000000,010151,dial,Dial 2,81,"1,0,0,0","0,81,0,0"
2026-05-16T12:51:55.341,01015200000000000000000000000000000000000000000000000000000000000000000000000000000000000000000000000000000000000000000000000000,010152,dial,Dial 2,82,"1,0,0,0","0,82,0,0"
2026-05-16T12:51:55.341,01015300000000000000000000000000000000000000000000000000000000000000000000000000000000000000000000000000000000000000000000000000,010153,dial,Dial 2,83,"1,0,0,0","0,83,0,0"
2026-05-16T12:51:55.341,01015500000000000000000000000000000000000000000000000000000000000000000000000000000000000000000000000000000000000000000000000000,010155,dial,Dial 2,85,"1,0,0,0","0,85,0,0"
2026-05-16T12:51:55.341,01015600000000000000000000000000000000000000000000000000000000000000000000000000000000000000000000000000000000000000000000000000,010156,dial,Dial 2,86,"1,0,0,0","0,86,0,0"
2026-05-16T12:51:55.341,01015700000000000000000000000000000000000000000000000000000000000000000000000000000000000000000000000000000000000000000000000000,010157,dial,Dial 2,87,"1,0,0,0","0,87,0,0"
2026-05-16T12:51:55.341,01015800000000000000000000000000000000000000000000000000000000000000000000000000000000000000000000000000000000000000000000000000,010158,dial,Dial 2,88,"1,0,0,0","0,88,0,0"
2026-05-16T12:51:55.341,01015900000000000000000000000000000000000000000000000000000000000000000000000000000000000000000000000000000000000000000000000000,010159,dial,Dial 2,89,"1,0,0,0","0,89,0,0"
2026-05-16T12:51:55.341,01015a00000000000000000000000000000000000000000000000000000000000000000000000000000000000000000000000000000000000000000000000000,01015a,dial,Dial 2,90,"1,0,0,0","0,90,0,0"
2026-05-16T12:51:55.441,01015b00000000000000000000000000000000000000000000000000000000000000000000000000000000000000000000000000000000000000000000000000,01015b,dial,Dial 2,91,"1,0,0,0","0,91,0,0"
2026-05-16T12:51:55.442,01015c00000000000000000000000000000000000000000000000000000000000000000000000000000000000000000000000000000000000000000000000000,01015c,dial,Dial 2,92,"1,0,0,0","0,92,0,0"
2026-05-16T12:51:55.442,01015d00000000000000000000000000000000000000000000000000000000000000000000000000000000000000000000000000000000000000000000000000,01015d,dial,Dial 2,93,"1,0,0,0","0,93,0,0"
2026-05-16T12:51:55.442,01015e00000000000000000000000000000000000000000000000000000000000000000000000000000000000000000000000000000000000000000000000000,01015e,dial,Dial 2,94,"1,0,0,0","0,94,0,0"
2026-05-16T12:51:55.442,01015f00000000000000000000000000000000000000000000000000000000000000000000000000000000000000000000000000000000000000000000000000,01015f,dial,Dial 2,95,"1,0,0,0","0,95,0,0"
2026-05-16T12:51:55.442,01016000000000000000000000000000000000000000000000000000000000000000000000000000000000000000000000000000000000000000000000000000,010160,dial,Dial 2,96,"1,0,0,0","0,96,0,0"
2026-05-16T12:51:55.442,01016100000000000000000000000000000000000000000000000000000000000000000000000000000000000000000000000000000000000000000000000000,010161,dial,Dial 2,97,"1,0,0,0","0,97,0,0"
2026-05-16T12:51:55.442,01016200000000000000000000000000000000000000000000000000000000000000000000000000000000000000000000000000000000000000000000000000,010162,dial,Dial 2,98,"1,0,0,0","0,98,0,0"
2026-05-16T12:51:55.442,01016300000000000000000000000000000000000000000000000000000000000000000000000000000000000000000000000000000000000000000000000000,010163,dial,Dial 2,99,"1,0,0,0","0,99,0,0"
2026-05-16T12:51:55.442,01016400000000000000000000000000000000000000000000000000000000000000000000000000000000000000000000000000000000000000000000000000,010164,dial,Dial 2,100,"1,0,0,0","0,100,0,0"
2026-05-16T12:51:55.442,01016500000000000000000000000000000000000000000000000000000000000000000000000000000000000000000000000000000000000000000000000000,010165,dial,Dial 2,101,"1,0,0,0","0,101,0,0"
2026-05-16T12:51:55.442,01016600000000000000000000000000000000000000000000000000000000000000000000000000000000000000000000000000000000000000000000000000,010166,dial,Dial 2,102,"1,0,0,0","0,102,0,0"
2026-05-16T12:51:55.442,01016700000000000000000000000000000000000000000000000000000000000000000000000000000000000000000000000000000000000000000000000000,010167,dial,Dial 2,103,"1,0,0,0","0,103,0,0"
2026-05-16T12:51:55.442,01016800000000000000000000000000000000000000000000000000000000000000000000000000000000000000000000000000000000000000000000000000,010168,dial,Dial 2,104,"1,0,0,0","0,104,0,0"
2026-05-16T12:51:55.742,01016900000000000000000000000000000000000000000000000000000000000000000000000000000000000000000000000000000000000000000000000000,010169,dial,Dial 2,105,"1,0,0,0","0,105,0,0"
2026-05-16T12:51:55.742,01016a00000000000000000000000000000000000000000000000000000000000000000000000000000000000000000000000000000000000000000000000000,01016a,dial,Dial 2,106,"1,0,0,0","0,106,0,0"
2026-05-16T12:51:55.742,01016b00000000000000000000000000000000000000000000000000000000000000000000000000000000000000000000000000000000000000000000000000,01016b,dial,Dial 2,107,"1,0,0,0","0,107,0,0"
2026-05-16T12:51:55.742,01016c00000000000000000000000000000000000000000000000000000000000000000000000000000000000000000000000000000000000000000000000000,01016c,dial,Dial 2,108,"1,0,0,0","0,108,0,0"
2026-05-16T12:51:55.742,01016d00000000000000000000000000000000000000000000000000000000000000000000000000000000000000000000000000000000000000000000000000,01016d,dial,Dial 2,109,"1,0,0,0","0,109,0,0"
2026-05-16T12:51:55.742,01016e00000000000000000000000000000000000000000000000000000000000000000000000000000000000000000000000000000000000000000000000000,01016e,dial,Dial 2,110,"1,0,0,0","0,110,0,0"
2026-05-16T12:51:55.742,01016f00000000000000000000000000000000000000000000000000000000000000000000000000000000000000000000000000000000000000000000000000,01016f,dial,Dial 2,111,"1,0,0,0","0,111,0,0"
2026-05-16T12:51:55.742,01017000000000000000000000000000000000000000000000000000000000000000000000000000000000000000000000000000000000000000000000000000,010170,dial,Dial 2,112,"1,0,0,0","0,112,0,0"
2026-05-16T12:51:55.843,01017100000000000000000000000000000000000000000000000000000000000000000000000000000000000000000000000000000000000000000000000000,010171,dial,Dial 2,113,"1,0,0,0","0,113,0,0"
2026-05-16T12:51:55.843,01017200000000000000000000000000000000000000000000000000000000000000000000000000000000000000000000000000000000000000000000000000,010172,dial,Dial 2,114,"1,0,0,0","0,114,0,0"
2026-05-16T12:51:55.843,01017300000000000000000000000000000000000000000000000000000000000000000000000000000000000000000000000000000000000000000000000000,010173,dial,Dial 2,115,"1,0,0,0","0,115,0,0"
2026-05-16T12:51:55.843,01017400000000000000000000000000000000000000000000000000000000000000000000000000000000000000000000000000000000000000000000000000,010174,dial,Dial 2,116,"1,0,0,0","0,116,0,0"
2026-05-16T12:51:55.843,01017600000000000000000000000000000000000000000000000000000000000000000000000000000000000000000000000000000000000000000000000000,010176,dial,Dial 2,118,"1,0,0,0","0,118,0,0"
2026-05-16T12:51:55.843,01017700000000000000000000000000000000000000000000000000000000000000000000000000000000000000000000000000000000000000000000000000,010177,dial,Dial 2,119,"1,0,0,0","0,119,0,0"
2026-05-16T12:51:55.843,01017800000000000000000000000000000000000000000000000000000000000000000000000000000000000000000000000000000000000000000000000000,010178,dial,Dial 2,120,"1,0,0,0","0,120,0,0"
2026-05-16T12:51:55.843,01017900000000000000000000000000000000000000000000000000000000000000000000000000000000000000000000000000000000000000000000000000,010179,dial,Dial 2,121,"1,0,0,0","0,121,0,0"
2026-05-16T12:51:55.843,01017a00000000000000000000000000000000000000000000000000000000000000000000000000000000000000000000000000000000000000000000000000,01017a,dial,Dial 2,122,"1,0,0,0","0,122,0,0"
2026-05-16T12:51:55.843,01017c00000000000000000000000000000000000000000000000000000000000000000000000000000000000000000000000000000000000000000000000000,01017c,dial,Dial 2,124,"1,0,0,0","0,124,0,0"
2026-05-16T12:51:55.843,01017e00000000000000000000000000000000000000000000000000000000000000000000000000000000000000000000000000000000000000000000000000,01017e,dial,Dial 2,126,"1,0,0,0","0,126,0,0"
2026-05-16T12:51:55.843,01017f00000000000000000000000000000000000000000000000000000000000000000000000000000000000000000000000000000000000000000000000000,01017f,dial,Dial 2,127,"1,0,0,0","0,127,0,0"
2026-05-16T12:51:55.843,01018000000000000000000000000000000000000000000000000000000000000000000000000000000000000000000000000000000000000000000000000000,010180,dial,Dial 2,128,"1,0,0,0","0,128,0,0"
2026-05-16T12:51:55.843,01018200000000000000000000000000000000000000000000000000000000000000000000000000000000000000000000000000000000000000000000000000,010182,dial,Dial 2,130,"1,0,0,0","0,130,0,0"
2026-05-16T12:51:55.843,01018300000000000000000000000000000000000000000000000000000000000000000000000000000000000000000000000000000000000000000000000000,010183,dial,Dial 2,131,"1,0,0,0","0,131,0,0"
2026-05-16T12:51:55.843,01018400000000000000000000000000000000000000000000000000000000000000000000000000000000000000000000000000000000000000000000000000,010184,dial,Dial 2,132,"1,0,0,0","0,132,0,0"
2026-05-16T12:51:55.843,01018600000000000000000000000000000000000000000000000000000000000000000000000000000000000000000000000000000000000000000000000000,010186,dial,Dial 2,134,"1,0,0,0","0,134,0,0"
2026-05-16T12:51:55.843,01018700000000000000000000000000000000000000000000000000000000000000000000000000000000000000000000000000000000000000000000000000,010187,dial,Dial 2,135,"1,0,0,0","0,135,0,0"
2026-05-16T12:51:55.843,01018800000000000000000000000000000000000000000000000000000000000000000000000000000000000000000000000000000000000000000000000000,010188,dial,Dial 2,136,"1,0,0,0","0,136,0,0"
2026-05-16T12:51:55.843,01018a00000000000000000000000000000000000000000000000000000000000000000000000000000000000000000000000000000000000000000000000000,01018a,dial,Dial 2,138,"1,0,0,0","0,138,0,0"
2026-05-16T12:51:55.843,01018b00000000000000000000000000000000000000000000000000000000000000000000000000000000000000000000000000000000000000000000000000,01018b,dial,Dial 2,139,"1,0,0,0","0,139,0,0"
2026-05-16T12:51:55.843,01018c00000000000000000000000000000000000000000000000000000000000000000000000000000000000000000000000000000000000000000000000000,01018c,dial,Dial 2,140,"1,0,0,0","0,140,0,0"
2026-05-16T12:51:55.843,01018e00000000000000000000000000000000000000000000000000000000000000000000000000000000000000000000000000000000000000000000000000,01018e,dial,Dial 2,142,"1,0,0,0","0,142,0,0"
2026-05-16T12:51:55.843,01018f00000000000000000000000000000000000000000000000000000000000000000000000000000000000000000000000000000000000000000000000000,01018f,dial,Dial 2,143,"1,0,0,0","0,143,0,0"
2026-05-16T12:51:55.843,01019000000000000000000000000000000000000000000000000000000000000000000000000000000000000000000000000000000000000000000000000000,010190,dial,Dial 2,144,"1,0,0,0","0,144,0,0"
2026-05-16T12:51:55.843,01019100000000000000000000000000000000000000000000000000000000000000000000000000000000000000000000000000000000000000000000000000,010191,dial,Dial 2,145,"1,0,0,0","0,145,0,0"
2026-05-16T12:51:55.843,01019200000000000000000000000000000000000000000000000000000000000000000000000000000000000000000000000000000000000000000000000000,010192,dial,Dial 2,146,"1,0,0,0","0,146,0,0"
2026-05-16T12:51:55.843,01019300000000000000000000000000000000000000000000000000000000000000000000000000000000000000000000000000000000000000000000000000,010193,dial,Dial 2,147,"1,0,0,0","0,147,0,0"
2026-05-16T12:51:55.843,01019400000000000000000000000000000000000000000000000000000000000000000000000000000000000000000000000000000000000000000000000000,010194,dial,Dial 2,148,"1,0,0,0","0,148,0,0"
2026-05-16T12:51:55.843,01019500000000000000000000000000000000000000000000000000000000000000000000000000000000000000000000000000000000000000000000000000,010195,dial,Dial 2,149,"1,0,0,0","0,149,0,0"
2026-05-16T12:51:55.843,01019600000000000000000000000000000000000000000000000000000000000000000000000000000000000000000000000000000000000000000000000000,010196,dial,Dial 2,150,"1,0,0,0","0,150,0,0"
2026-05-16T12:51:55.843,01019700000000000000000000000000000000000000000000000000000000000000000000000000000000000000000000000000000000000000000000000000,010197,dial,Dial 2,151,"1,0,0,0","0,151,0,0"
2026-05-16T12:51:55.843,01019800000000000000000000000000000000000000000000000000000000000000000000000000000000000000000000000000000000000000000000000000,010198,dial,Dial 2,152,"1,0,0,0","0,152,0,0"
2026-05-16T12:51:55.843,01019900000000000000000000000000000000000000000000000000000000000000000000000000000000000000000000000000000000000000000000000000,010199,dial,Dial 2,153,"1,0,0,0","0,153,0,0"
2026-05-16T12:51:55.844,01019a00000000000000000000000000000000000000000000000000000000000000000000000000000000000000000000000000000000000000000000000000,01019a,dial,Dial 2,154,"1,0,0,0","0,154,0,0"
2026-05-16T12:51:55.844,01019b00000000000000000000000000000000000000000000000000000000000000000000000000000000000000000000000000000000000000000000000000,01019b,dial,Dial 2,155,"1,0,0,0","0,155,0,0"
2026-05-16T12:51:55.844,01019c00000000000000000000000000000000000000000000000000000000000000000000000000000000000000000000000000000000000000000000000000,01019c,dial,Dial 2,156,"1,0,0,0","0,156,0,0"
2026-05-16T12:51:55.844,01019d00000000000000000000000000000000000000000000000000000000000000000000000000000000000000000000000000000000000000000000000000,01019d,dial,Dial 2,157,"1,0,0,0","0,157,0,0"
2026-05-16T12:51:55.844,01019f00000000000000000000000000000000000000000000000000000000000000000000000000000000000000000000000000000000000000000000000000,01019f,dial,Dial 2,159,"1,0,0,0","0,159,0,0"
2026-05-16T12:51:55.844,0101a000000000000000000000000000000000000000000000000000000000000000000000000000000000000000000000000000000000000000000000000000,0101a0,dial,Dial 2,160,"1,0,0,0","0,160,0,0"
2026-05-16T12:51:55.844,0101a100000000000000000000000000000000000000000000000000000000000000000000000000000000000000000000000000000000000000000000000000,0101a1,dial,Dial 2,161,"1,0,0,0","0,161,0,0"
2026-05-16T12:51:55.844,0101a200000000000000000000000000000000000000000000000000000000000000000000000000000000000000000000000000000000000000000000000000,0101a2,dial,Dial 2,162,"1,0,0,0","0,162,0,0"
2026-05-16T12:51:55.844,0101a300000000000000000000000000000000000000000000000000000000000000000000000000000000000000000000000000000000000000000000000000,0101a3,dial,Dial 2,163,"1,0,0,0","0,163,0,0"
2026-05-16T12:51:55.844,0101a400000000000000000000000000000000000000000000000000000000000000000000000000000000000000000000000000000000000000000000000000,0101a4,dial,Dial 2,164,"1,0,0,0","0,164,0,0"
2026-05-16T12:51:55.844,0101a500000000000000000000000000000000000000000000000000000000000000000000000000000000000000000000000000000000000000000000000000,0101a5,dial,Dial 2,165,"1,0,0,0","0,165,0,0"
2026-05-16T12:51:55.844,0101a600000000000000000000000000000000000000000000000000000000000000000000000000000000000000000000000000000000000000000000000000,0101a6,dial,Dial 2,166,"1,0,0,0","0,166,0,0"
2026-05-16T12:51:55.844,0101a700000000000000000000000000000000000000000000000000000000000000000000000000000000000000000000000000000000000000000000000000,0101a7,dial,Dial 2,167,"1,0,0,0","0,167,0,0"
2026-05-16T12:51:55.844,0101a800000000000000000000000000000000000000000000000000000000000000000000000000000000000000000000000000000000000000000000000000,0101a8,dial,Dial 2,168,"1,0,0,0","0,168,0,0"
2026-05-16T12:51:55.844,0101a900000000000000000000000000000000000000000000000000000000000000000000000000000000000000000000000000000000000000000000000000,0101a9,dial,Dial 2,169,"1,0,0,0","0,169,0,0"
2026-05-16T12:51:55.844,0101aa00000000000000000000000000000000000000000000000000000000000000000000000000000000000000000000000000000000000000000000000000,0101aa,dial,Dial 2,170,"1,0,0,0","0,170,0,0"
2026-05-16T12:51:55.844,0101ab00000000000000000000000000000000000000000000000000000000000000000000000000000000000000000000000000000000000000000000000000,0101ab,dial,Dial 2,171,"1,0,0,0","0,171,0,0"
2026-05-16T12:51:55.944,0101ac00000000000000000000000000000000000000000000000000000000000000000000000000000000000000000000000000000000000000000000000000,0101ac,dial,Dial 2,172,"1,0,0,0","0,172,0,0"
2026-05-16T12:51:55.944,0101ad00000000000000000000000000000000000000000000000000000000000000000000000000000000000000000000000000000000000000000000000000,0101ad,dial,Dial 2,173,"1,0,0,0","0,173,0,0"
2026-05-16T12:51:55.944,0101ae00000000000000000000000000000000000000000000000000000000000000000000000000000000000000000000000000000000000000000000000000,0101ae,dial,Dial 2,174,"1,0,0,0","0,174,0,0"
2026-05-16T12:51:55.944,0101af00000000000000000000000000000000000000000000000000000000000000000000000000000000000000000000000000000000000000000000000000,0101af,dial,Dial 2,175,"1,0,0,0","0,175,0,0"
2026-05-16T12:51:55.944,0101b000000000000000000000000000000000000000000000000000000000000000000000000000000000000000000000000000000000000000000000000000,0101b0,dial,Dial 2,176,"1,0,0,0","0,176,0,0"
2026-05-16T12:51:55.944,0101b100000000000000000000000000000000000000000000000000000000000000000000000000000000000000000000000000000000000000000000000000,0101b1,dial,Dial 2,177,"1,0,0,0","0,177,0,0"
2026-05-16T12:51:55.944,0101b200000000000000000000000000000000000000000000000000000000000000000000000000000000000000000000000000000000000000000000000000,0101b2,dial,Dial 2,178,"1,0,0,0","0,178,0,0"
2026-05-16T12:51:55.944,0101b300000000000000000000000000000000000000000000000000000000000000000000000000000000000000000000000000000000000000000000000000,0101b3,dial,Dial 2,179,"1,0,0,0","0,179,0,0"
2026-05-16T12:51:55.944,0101b400000000000000000000000000000000000000000000000000000000000000000000000000000000000000000000000000000000000000000000000000,0101b4,dial,Dial 2,180,"1,0,0,0","0,180,0,0"
2026-05-16T12:51:55.944,0101b500000000000000000000000000000000000000000000000000000000000000000000000000000000000000000000000000000000000000000000000000,0101b5,dial,Dial 2,181,"1,0,0,0","0,181,0,0"
2026-05-16T12:51:55.944,0101b600000000000000000000000000000000000000000000000000000000000000000000000000000000000000000000000000000000000000000000000000,0101b6,dial,Dial 2,182,"1,0,0,0","0,182,0,0"
2026-05-16T12:51:55.944,0101b700000000000000000000000000000000000000000000000000000000000000000000000000000000000000000000000000000000000000000000000000,0101b7,dial,Dial 2,183,"1,0,0,0","0,183,0,0"
2026-05-16T12:51:55.944,0101b800000000000000000000000000000000000000000000000000000000000000000000000000000000000000000000000000000000000000000000000000,0101b8,dial,Dial 2,184,"1,0,0,0","0,184,0,0"
2026-05-16T12:51:55.944,0101b900000000000000000000000000000000000000000000000000000000000000000000000000000000000000000000000000000000000000000000000000,0101b9,dial,Dial 2,185,"1,0,0,0","0,185,0,0"
2026-05-16T12:51:55.944,0101ba00000000000000000000000000000000000000000000000000000000000000000000000000000000000000000000000000000000000000000000000000,0101ba,dial,Dial 2,186,"1,0,0,0","0,186,0,0"
2026-05-16T12:51:55.944,0101bb00000000000000000000000000000000000000000000000000000000000000000000000000000000000000000000000000000000000000000000000000,0101bb,dial,Dial 2,187,"1,0,0,0","0,187,0,0"
2026-05-16T12:51:55.944,0101bc00000000000000000000000000000000000000000000000000000000000000000000000000000000000000000000000000000000000000000000000000,0101bc,dial,Dial 2,188,"1,0,0,0","0,188,0,0"
2026-05-16T12:51:55.944,0101bd00000000000000000000000000000000000000000000000000000000000000000000000000000000000000000000000000000000000000000000000000,0101bd,dial,Dial 2,189,"1,0,0,0","0,189,0,0"
2026-05-16T12:51:55.944,0101be00000000000000000000000000000000000000000000000000000000000000000000000000000000000000000000000000000000000000000000000000,0101be,dial,Dial 2,190,"1,0,0,0","0,190,0,0"
2026-05-16T12:51:55.944,0101bf00000000000000000000000000000000000000000000000000000000000000000000000000000000000000000000000000000000000000000000000000,0101bf,dial,Dial 2,191,"1,0,0,0","0,191,0,0"
2026-05-16T12:51:55.945,0101c000000000000000000000000000000000000000000000000000000000000000000000000000000000000000000000000000000000000000000000000000,0101c0,dial,Dial 2,192,"1,0,0,0","0,192,0,0"
2026-05-16T12:51:55.945,0101c100000000000000000000000000000000000000000000000000000000000000000000000000000000000000000000000000000000000000000000000000,0101c1,dial,Dial 2,193,"1,0,0,0","0,193,0,0"
2026-05-16T12:51:55.945,0101c200000000000000000000000000000000000000000000000000000000000000000000000000000000000000000000000000000000000000000000000000,0101c2,dial,Dial 2,194,"1,0,0,0","0,194,0,0"
2026-05-16T12:51:55.945,0101c300000000000000000000000000000000000000000000000000000000000000000000000000000000000000000000000000000000000000000000000000,0101c3,dial,Dial 2,195,"1,0,0,0","0,195,0,0"
2026-05-16T12:51:55.945,0101c400000000000000000000000000000000000000000000000000000000000000000000000000000000000000000000000000000000000000000000000000,0101c4,dial,Dial 2,196,"1,0,0,0","0,196,0,0"
2026-05-16T12:51:55.945,0101c500000000000000000000000000000000000000000000000000000000000000000000000000000000000000000000000000000000000000000000000000,0101c5,dial,Dial 2,197,"1,0,0,0","0,197,0,0"
2026-05-16T12:51:55.945,0101c600000000000000000000000000000000000000000000000000000000000000000000000000000000000000000000000000000000000000000000000000,0101c6,dial,Dial 2,198,"1,0,0,0","0,198,0,0"
2026-05-16T12:51:55.945,0101c700000000000000000000000000000000000000000000000000000000000000000000000000000000000000000000000000000000000000000000000000,0101c7,dial,Dial 2,199,"1,0,0,0","0,199,0,0"
2026-05-16T12:51:55.945,0101c800000000000000000000000000000000000000000000000000000000000000000000000000000000000000000000000000000000000000000000000000,0101c8,dial,Dial 2,200,"1,0,0,0","0,200,0,0"
2026-05-16T12:51:55.945,0101c900000000000000000000000000000000000000000000000000000000000000000000000000000000000000000000000000000000000000000000000000,0101c9,dial,Dial 2,201,"1,0,0,0","0,201,0,0"
2026-05-16T12:51:55.945,0101ca00000000000000000000000000000000000000000000000000000000000000000000000000000000000000000000000000000000000000000000000000,0101ca,dial,Dial 2,202,"1,0,0,0","0,202,0,0"
2026-05-16T12:51:55.945,0101cb00000000000000000000000000000000000000000000000000000000000000000000000000000000000000000000000000000000000000000000000000,0101cb,dial,Dial 2,203,"1,0,0,0","0,203,0,0"
2026-05-16T12:51:55.945,0101cc00000000000000000000000000000000000000000000000000000000000000000000000000000000000000000000000000000000000000000000000000,0101cc,dial,Dial 2,204,"1,0,0,0","0,204,0,0"
2026-05-16T12:51:55.945,0101cd00000000000000000000000000000000000000000000000000000000000000000000000000000000000000000000000000000000000000000000000000,0101cd,dial,Dial 2,205,"1,0,0,0","0,205,0,0"
2026-05-16T12:51:55.945,0101ce00000000000000000000000000000000000000000000000000000000000000000000000000000000000000000000000000000000000000000000000000,0101ce,dial,Dial 2,206,"1,0,0,0","0,206,0,0"
2026-05-16T12:51:55.945,0101cf00000000000000000000000000000000000000000000000000000000000000000000000000000000000000000000000000000000000000000000000000,0101cf,dial,Dial 2,207,"1,0,0,0","0,207,0,0"
2026-05-16T12:51:55.945,0101d000000000000000000000000000000000000000000000000000000000000000000000000000000000000000000000000000000000000000000000000000,0101d0,dial,Dial 2,208,"1,0,0,0","0,208,0,0"
2026-05-16T12:51:55.945,0101d100000000000000000000000000000000000000000000000000000000000000000000000000000000000000000000000000000000000000000000000000,0101d1,dial,Dial 2,209,"1,0,0,0","0,209,0,0"
2026-05-16T12:51:55.945,0101d200000000000000000000000000000000000000000000000000000000000000000000000000000000000000000000000000000000000000000000000000,0101d2,dial,Dial 2,210,"1,0,0,0","0,210,0,0"
2026-05-16T12:51:55.945,0101d300000000000000000000000000000000000000000000000000000000000000000000000000000000000000000000000000000000000000000000000000,0101d3,dial,Dial 2,211,"1,0,0,0","0,211,0,0"
2026-05-16T12:51:55.945,0101d400000000000000000000000000000000000000000000000000000000000000000000000000000000000000000000000000000000000000000000000000,0101d4,dial,Dial 2,212,"1,0,0,0","0,212,0,0"
2026-05-16T12:51:55.945,0101d500000000000000000000000000000000000000000000000000000000000000000000000000000000000000000000000000000000000000000000000000,0101d5,dial,Dial 2,213,"1,0,0,0","0,213,0,0"
2026-05-16T12:51:56.045,0101d600000000000000000000000000000000000000000000000000000000000000000000000000000000000000000000000000000000000000000000000000,0101d6,dial,Dial 2,214,"1,0,0,0","0,214,0,0"
2026-05-16T12:51:56.045,0101d700000000000000000000000000000000000000000000000000000000000000000000000000000000000000000000000000000000000000000000000000,0101d7,dial,Dial 2,215,"1,0,0,0","0,215,0,0"
2026-05-16T12:51:56.045,0101d800000000000000000000000000000000000000000000000000000000000000000000000000000000000000000000000000000000000000000000000000,0101d8,dial,Dial 2,216,"1,0,0,0","0,216,0,0"
2026-05-16T12:51:56.046,0101d900000000000000000000000000000000000000000000000000000000000000000000000000000000000000000000000000000000000000000000000000,0101d9,dial,Dial 2,217,"1,0,0,0","0,217,0,0"
2026-05-16T12:51:56.046,0101da00000000000000000000000000000000000000000000000000000000000000000000000000000000000000000000000000000000000000000000000000,0101da,dial,Dial 2,218,"1,0,0,0","0,218,0,0"
2026-05-16T12:51:56.046,0101db00000000000000000000000000000000000000000000000000000000000000000000000000000000000000000000000000000000000000000000000000,0101db,dial,Dial 2,219,"1,0,0,0","0,219,0,0"
2026-05-16T12:51:56.046,0101dc00000000000000000000000000000000000000000000000000000000000000000000000000000000000000000000000000000000000000000000000000,0101dc,dial,Dial 2,220,"1,0,0,0","0,220,0,0"
2026-05-16T12:51:56.046,0101dd00000000000000000000000000000000000000000000000000000000000000000000000000000000000000000000000000000000000000000000000000,0101dd,dial,Dial 2,221,"1,0,0,0","0,221,0,0"
2026-05-16T12:51:56.046,0101de00000000000000000000000000000000000000000000000000000000000000000000000000000000000000000000000000000000000000000000000000,0101de,dial,Dial 2,222,"1,0,0,0","0,222,0,0"
2026-05-16T12:51:56.046,0101df00000000000000000000000000000000000000000000000000000000000000000000000000000000000000000000000000000000000000000000000000,0101df,dial,Dial 2,223,"1,0,0,0","0,223,0,0"
2026-05-16T12:51:56.346,0101e000000000000000000000000000000000000000000000000000000000000000000000000000000000000000000000000000000000000000000000000000,0101e0,dial,Dial 2,224,"1,0,0,0","0,224,0,0"
2026-05-16T12:51:56.346,0101e100000000000000000000000000000000000000000000000000000000000000000000000000000000000000000000000000000000000000000000000000,0101e1,dial,Dial 2,225,"1,0,0,0","0,225,0,0"
2026-05-16T12:51:56.346,0101e200000000000000000000000000000000000000000000000000000000000000000000000000000000000000000000000000000000000000000000000000,0101e2,dial,Dial 2,226,"1,0,0,0","0,226,0,0"
2026-05-16T12:51:56.346,0101e300000000000000000000000000000000000000000000000000000000000000000000000000000000000000000000000000000000000000000000000000,0101e3,dial,Dial 2,227,"1,0,0,0","0,227,0,0"
2026-05-16T12:51:56.346,0101e400000000000000000000000000000000000000000000000000000000000000000000000000000000000000000000000000000000000000000000000000,0101e4,dial,Dial 2,228,"1,0,0,0","0,228,0,0"
2026-05-16T12:51:56.346,0101e500000000000000000000000000000000000000000000000000000000000000000000000000000000000000000000000000000000000000000000000000,0101e5,dial,Dial 2,229,"1,0,0,0","0,229,0,0"
2026-05-16T12:51:56.346,0101e600000000000000000000000000000000000000000000000000000000000000000000000000000000000000000000000000000000000000000000000000,0101e6,dial,Dial 2,230,"1,0,0,0","0,230,0,0"
2026-05-16T12:51:56.346,0101e700000000000000000000000000000000000000000000000000000000000000000000000000000000000000000000000000000000000000000000000000,0101e7,dial,Dial 2,231,"1,0,0,0","0,231,0,0"
2026-05-16T12:51:56.346,0101e800000000000000000000000000000000000000000000000000000000000000000000000000000000000000000000000000000000000000000000000000,0101e8,dial,Dial 2,232,"1,0,0,0","0,232,0,0"
2026-05-16T12:51:56.346,0101e900000000000000000000000000000000000000000000000000000000000000000000000000000000000000000000000000000000000000000000000000,0101e9,dial,Dial 2,233,"1,0,0,0","0,233,0,0"
2026-05-16T12:51:56.446,0101ea00000000000000000000000000000000000000000000000000000000000000000000000000000000000000000000000000000000000000000000000000,0101ea,dial,Dial 2,234,"1,0,0,0","0,234,0,0"
2026-05-16T12:51:56.446,0101eb00000000000000000000000000000000000000000000000000000000000000000000000000000000000000000000000000000000000000000000000000,0101eb,dial,Dial 2,235,"1,0,0,0","0,235,0,0"
2026-05-16T12:51:56.446,0101ec00000000000000000000000000000000000000000000000000000000000000000000000000000000000000000000000000000000000000000000000000,0101ec,dial,Dial 2,236,"1,0,0,0","0,236,0,0"
2026-05-16T12:51:56.447,0101ed00000000000000000000000000000000000000000000000000000000000000000000000000000000000000000000000000000000000000000000000000,0101ed,dial,Dial 2,237,"1,0,0,0","0,237,0,0"
2026-05-16T12:51:56.447,0101ef00000000000000000000000000000000000000000000000000000000000000000000000000000000000000000000000000000000000000000000000000,0101ef,dial,Dial 2,239,"1,0,0,0","0,239,0,0"
2026-05-16T12:51:56.447,0101f000000000000000000000000000000000000000000000000000000000000000000000000000000000000000000000000000000000000000000000000000,0101f0,dial,Dial 2,240,"1,0,0,0","0,240,0,0"
2026-05-16T12:51:56.447,0101f200000000000000000000000000000000000000000000000000000000000000000000000000000000000000000000000000000000000000000000000000,0101f2,dial,Dial 2,242,"1,0,0,0","0,242,0,0"
2026-05-16T12:51:56.447,0101f300000000000000000000000000000000000000000000000000000000000000000000000000000000000000000000000000000000000000000000000000,0101f3,dial,Dial 2,243,"1,0,0,0","0,243,0,0"
2026-05-16T12:51:56.447,0101f500000000000000000000000000000000000000000000000000000000000000000000000000000000000000000000000000000000000000000000000000,0101f5,dial,Dial 2,245,"1,0,0,0","0,245,0,0"
2026-05-16T12:51:56.447,0101f600000000000000000000000000000000000000000000000000000000000000000000000000000000000000000000000000000000000000000000000000,0101f6,dial,Dial 2,246,"1,0,0,0","0,246,0,0"
2026-05-16T12:51:56.447,0101f800000000000000000000000000000000000000000000000000000000000000000000000000000000000000000000000000000000000000000000000000,0101f8,dial,Dial 2,248,"1,0,0,0","0,248,0,0"
2026-05-16T12:51:56.447,0101f900000000000000000000000000000000000000000000000000000000000000000000000000000000000000000000000000000000000000000000000000,0101f9,dial,Dial 2,249,"1,0,0,0","0,249,0,0"
2026-05-16T12:51:56.447,0101fa00000000000000000000000000000000000000000000000000000000000000000000000000000000000000000000000000000000000000000000000000,0101fa,dial,Dial 2,250,"1,0,0,0","0,250,0,0"
2026-05-16T12:51:56.447,0101fc00000000000000000000000000000000000000000000000000000000000000000000000000000000000000000000000000000000000000000000000000,0101fc,dial,Dial 2,252,"1,0,0,0","0,252,0,0"
2026-05-16T12:51:56.447,0101fd00000000000000000000000000000000000000000000000000000000000000000000000000000000000000000000000000000000000000000000000000,0101fd,dial,Dial 2,253,"1,0,0,0","0,253,0,0"
2026-05-16T12:51:56.447,0101ff00000000000000000000000000000000000000000000000000000000000000000000000000000000000000000000000000000000000000000000000000,0101ff,dial,Dial 2,255,"1,0,0,0","0,255,0,0"
2026-05-16T12:51:56.947,0101fe00000000000000000000000000000000000000000000000000000000000000000000000000000000000000000000000000000000000000000000000000,0101fe,dial,Dial 2,254,"1,0,0,0","0,254,0,0"
2026-05-16T12:51:56.947,0101fd00000000000000000000000000000000000000000000000000000000000000000000000000000000000000000000000000000000000000000000000000,0101fd,dial,Dial 2,253,"1,0,0,0","0,253,0,0"
2026-05-16T12:51:56.947,0101fc00000000000000000000000000000000000000000000000000000000000000000000000000000000000000000000000000000000000000000000000000,0101fc,dial,Dial 2,252,"1,0,0,0","0,252,0,0"
2026-05-16T12:51:56.947,0101fb00000000000000000000000000000000000000000000000000000000000000000000000000000000000000000000000000000000000000000000000000,0101fb,dial,Dial 2,251,"1,0,0,0","0,251,0,0"
2026-05-16T12:51:56.947,0101f900000000000000000000000000000000000000000000000000000000000000000000000000000000000000000000000000000000000000000000000000,0101f9,dial,Dial 2,249,"1,0,0,0","0,249,0,0"
2026-05-16T12:51:56.947,0101f800000000000000000000000000000000000000000000000000000000000000000000000000000000000000000000000000000000000000000000000000,0101f8,dial,Dial 2,248,"1,0,0,0","0,248,0,0"
2026-05-16T12:51:56.947,0101f600000000000000000000000000000000000000000000000000000000000000000000000000000000000000000000000000000000000000000000000000,0101f6,dial,Dial 2,246,"1,0,0,0","0,246,0,0"
2026-05-16T12:51:56.947,0101f400000000000000000000000000000000000000000000000000000000000000000000000000000000000000000000000000000000000000000000000000,0101f4,dial,Dial 2,244,"1,0,0,0","0,244,0,0"
2026-05-16T12:51:56.948,0101f200000000000000000000000000000000000000000000000000000000000000000000000000000000000000000000000000000000000000000000000000,0101f2,dial,Dial 2,242,"1,0,0,0","0,242,0,0"
2026-05-16T12:51:56.948,0101f000000000000000000000000000000000000000000000000000000000000000000000000000000000000000000000000000000000000000000000000000,0101f0,dial,Dial 2,240,"1,0,0,0","0,240,0,0"
2026-05-16T12:51:56.948,0101ef00000000000000000000000000000000000000000000000000000000000000000000000000000000000000000000000000000000000000000000000000,0101ef,dial,Dial 2,239,"1,0,0,0","0,239,0,0"
2026-05-16T12:51:56.948,0101ec00000000000000000000000000000000000000000000000000000000000000000000000000000000000000000000000000000000000000000000000000,0101ec,dial,Dial 2,236,"1,0,0,0","0,236,0,0"
2026-05-16T12:51:56.948,0101ea00000000000000000000000000000000000000000000000000000000000000000000000000000000000000000000000000000000000000000000000000,0101ea,dial,Dial 2,234,"1,0,0,0","0,234,0,0"
2026-05-16T12:51:56.948,0101e800000000000000000000000000000000000000000000000000000000000000000000000000000000000000000000000000000000000000000000000000,0101e8,dial,Dial 2,232,"1,0,0,0","0,232,0,0"
2026-05-16T12:51:57.048,0101e600000000000000000000000000000000000000000000000000000000000000000000000000000000000000000000000000000000000000000000000000,0101e6,dial,Dial 2,230,"1,0,0,0","0,230,0,0"
2026-05-16T12:51:57.048,0101e400000000000000000000000000000000000000000000000000000000000000000000000000000000000000000000000000000000000000000000000000,0101e4,dial,Dial 2,228,"1,0,0,0","0,228,0,0"
2026-05-16T12:51:57.048,0101e300000000000000000000000000000000000000000000000000000000000000000000000000000000000000000000000000000000000000000000000000,0101e3,dial,Dial 2,227,"1,0,0,0","0,227,0,0"
2026-05-16T12:51:57.048,0101e100000000000000000000000000000000000000000000000000000000000000000000000000000000000000000000000000000000000000000000000000,0101e1,dial,Dial 2,225,"1,0,0,0","0,225,0,0"
2026-05-16T12:51:57.048,0101dc00000000000000000000000000000000000000000000000000000000000000000000000000000000000000000000000000000000000000000000000000,0101dc,dial,Dial 2,220,"1,0,0,0","0,220,0,0"
2026-05-16T12:51:57.048,0101da00000000000000000000000000000000000000000000000000000000000000000000000000000000000000000000000000000000000000000000000000,0101da,dial,Dial 2,218,"1,0,0,0","0,218,0,0"
2026-05-16T12:51:57.048,0101d800000000000000000000000000000000000000000000000000000000000000000000000000000000000000000000000000000000000000000000000000,0101d8,dial,Dial 2,216,"1,0,0,0","0,216,0,0"
2026-05-16T12:51:57.048,0101d600000000000000000000000000000000000000000000000000000000000000000000000000000000000000000000000000000000000000000000000000,0101d6,dial,Dial 2,214,"1,0,0,0","0,214,0,0"
2026-05-16T12:51:57.048,0101d400000000000000000000000000000000000000000000000000000000000000000000000000000000000000000000000000000000000000000000000000,0101d4,dial,Dial 2,212,"1,0,0,0","0,212,0,0"
2026-05-16T12:51:57.048,0101d100000000000000000000000000000000000000000000000000000000000000000000000000000000000000000000000000000000000000000000000000,0101d1,dial,Dial 2,209,"1,0,0,0","0,209,0,0"
2026-05-16T12:51:57.048,0101cf00000000000000000000000000000000000000000000000000000000000000000000000000000000000000000000000000000000000000000000000000,0101cf,dial,Dial 2,207,"1,0,0,0","0,207,0,0"
2026-05-16T12:51:57.048,0101cd00000000000000000000000000000000000000000000000000000000000000000000000000000000000000000000000000000000000000000000000000,0101cd,dial,Dial 2,205,"1,0,0,0","0,205,0,0"
2026-05-16T12:51:57.048,0101cb00000000000000000000000000000000000000000000000000000000000000000000000000000000000000000000000000000000000000000000000000,0101cb,dial,Dial 2,203,"1,0,0,0","0,203,0,0"
2026-05-16T12:51:57.048,0101ca00000000000000000000000000000000000000000000000000000000000000000000000000000000000000000000000000000000000000000000000000,0101ca,dial,Dial 2,202,"1,0,0,0","0,202,0,0"
2026-05-16T12:51:57.048,0101c800000000000000000000000000000000000000000000000000000000000000000000000000000000000000000000000000000000000000000000000000,0101c8,dial,Dial 2,200,"1,0,0,0","0,200,0,0"
2026-05-16T12:51:57.048,0101c700000000000000000000000000000000000000000000000000000000000000000000000000000000000000000000000000000000000000000000000000,0101c7,dial,Dial 2,199,"1,0,0,0","0,199,0,0"
2026-05-16T12:51:57.048,0101c500000000000000000000000000000000000000000000000000000000000000000000000000000000000000000000000000000000000000000000000000,0101c5,dial,Dial 2,197,"1,0,0,0","0,197,0,0"
2026-05-16T12:51:57.048,0101c400000000000000000000000000000000000000000000000000000000000000000000000000000000000000000000000000000000000000000000000000,0101c4,dial,Dial 2,196,"1,0,0,0","0,196,0,0"
2026-05-16T12:51:57.048,0101c300000000000000000000000000000000000000000000000000000000000000000000000000000000000000000000000000000000000000000000000000,0101c3,dial,Dial 2,195,"1,0,0,0","0,195,0,0"
2026-05-16T12:51:57.048,0101c100000000000000000000000000000000000000000000000000000000000000000000000000000000000000000000000000000000000000000000000000,0101c1,dial,Dial 2,193,"1,0,0,0","0,193,0,0"
2026-05-16T12:51:57.048,0101c000000000000000000000000000000000000000000000000000000000000000000000000000000000000000000000000000000000000000000000000000,0101c0,dial,Dial 2,192,"1,0,0,0","0,192,0,0"
2026-05-16T12:51:57.048,0101bf00000000000000000000000000000000000000000000000000000000000000000000000000000000000000000000000000000000000000000000000000,0101bf,dial,Dial 2,191,"1,0,0,0","0,191,0,0"
2026-05-16T12:51:57.048,0101bd00000000000000000000000000000000000000000000000000000000000000000000000000000000000000000000000000000000000000000000000000,0101bd,dial,Dial 2,189,"1,0,0,0","0,189,0,0"
2026-05-16T12:51:57.049,0101bc00000000000000000000000000000000000000000000000000000000000000000000000000000000000000000000000000000000000000000000000000,0101bc,dial,Dial 2,188,"1,0,0,0","0,188,0,0"
2026-05-16T12:51:57.049,0101bb00000000000000000000000000000000000000000000000000000000000000000000000000000000000000000000000000000000000000000000000000,0101bb,dial,Dial 2,187,"1,0,0,0","0,187,0,0"
2026-05-16T12:51:57.049,0101b900000000000000000000000000000000000000000000000000000000000000000000000000000000000000000000000000000000000000000000000000,0101b9,dial,Dial 2,185,"1,0,0,0","0,185,0,0"
2026-05-16T12:51:57.049,0101b800000000000000000000000000000000000000000000000000000000000000000000000000000000000000000000000000000000000000000000000000,0101b8,dial,Dial 2,184,"1,0,0,0","0,184,0,0"
2026-05-16T12:51:57.049,0101b700000000000000000000000000000000000000000000000000000000000000000000000000000000000000000000000000000000000000000000000000,0101b7,dial,Dial 2,183,"1,0,0,0","0,183,0,0"
2026-05-16T12:51:57.049,0101b600000000000000000000000000000000000000000000000000000000000000000000000000000000000000000000000000000000000000000000000000,0101b6,dial,Dial 2,182,"1,0,0,0","0,182,0,0"
2026-05-16T12:51:57.049,0101b500000000000000000000000000000000000000000000000000000000000000000000000000000000000000000000000000000000000000000000000000,0101b5,dial,Dial 2,181,"1,0,0,0","0,181,0,0"
2026-05-16T12:51:57.049,0101b400000000000000000000000000000000000000000000000000000000000000000000000000000000000000000000000000000000000000000000000000,0101b4,dial,Dial 2,180,"1,0,0,0","0,180,0,0"
2026-05-16T12:51:57.049,0101b300000000000000000000000000000000000000000000000000000000000000000000000000000000000000000000000000000000000000000000000000,0101b3,dial,Dial 2,179,"1,0,0,0","0,179,0,0"
2026-05-16T12:51:57.049,0101b200000000000000000000000000000000000000000000000000000000000000000000000000000000000000000000000000000000000000000000000000,0101b2,dial,Dial 2,178,"1,0,0,0","0,178,0,0"
2026-05-16T12:51:57.049,0101b100000000000000000000000000000000000000000000000000000000000000000000000000000000000000000000000000000000000000000000000000,0101b1,dial,Dial 2,177,"1,0,0,0","0,177,0,0"
2026-05-16T12:51:57.049,0101b000000000000000000000000000000000000000000000000000000000000000000000000000000000000000000000000000000000000000000000000000,0101b0,dial,Dial 2,176,"1,0,0,0","0,176,0,0"
2026-05-16T12:51:57.049,0101af00000000000000000000000000000000000000000000000000000000000000000000000000000000000000000000000000000000000000000000000000,0101af,dial,Dial 2,175,"1,0,0,0","0,175,0,0"
2026-05-16T12:51:57.049,0101ae00000000000000000000000000000000000000000000000000000000000000000000000000000000000000000000000000000000000000000000000000,0101ae,dial,Dial 2,174,"1,0,0,0","0,174,0,0"
2026-05-16T12:51:57.049,0101ad00000000000000000000000000000000000000000000000000000000000000000000000000000000000000000000000000000000000000000000000000,0101ad,dial,Dial 2,173,"1,0,0,0","0,173,0,0"
2026-05-16T12:51:57.049,0101ac00000000000000000000000000000000000000000000000000000000000000000000000000000000000000000000000000000000000000000000000000,0101ac,dial,Dial 2,172,"1,0,0,0","0,172,0,0"
2026-05-16T12:51:57.049,0101ab00000000000000000000000000000000000000000000000000000000000000000000000000000000000000000000000000000000000000000000000000,0101ab,dial,Dial 2,171,"1,0,0,0","0,171,0,0"
2026-05-16T12:51:57.049,0101aa00000000000000000000000000000000000000000000000000000000000000000000000000000000000000000000000000000000000000000000000000,0101aa,dial,Dial 2,170,"1,0,0,0","0,170,0,0"
2026-05-16T12:51:57.149,0101a900000000000000000000000000000000000000000000000000000000000000000000000000000000000000000000000000000000000000000000000000,0101a9,dial,Dial 2,169,"1,0,0,0","0,169,0,0"
2026-05-16T12:51:57.650,0101a800000000000000000000000000000000000000000000000000000000000000000000000000000000000000000000000000000000000000000000000000,0101a8,dial,Dial 2,168,"1,0,0,0","0,168,0,0"
2026-05-16T12:51:57.650,0101a700000000000000000000000000000000000000000000000000000000000000000000000000000000000000000000000000000000000000000000000000,0101a7,dial,Dial 2,167,"1,0,0,0","0,167,0,0"
2026-05-16T12:51:57.650,0101a600000000000000000000000000000000000000000000000000000000000000000000000000000000000000000000000000000000000000000000000000,0101a6,dial,Dial 2,166,"1,0,0,0","0,166,0,0"
2026-05-16T12:51:57.650,0101a500000000000000000000000000000000000000000000000000000000000000000000000000000000000000000000000000000000000000000000000000,0101a5,dial,Dial 2,165,"1,0,0,0","0,165,0,0"
2026-05-16T12:51:57.650,0101a400000000000000000000000000000000000000000000000000000000000000000000000000000000000000000000000000000000000000000000000000,0101a4,dial,Dial 2,164,"1,0,0,0","0,164,0,0"
2026-05-16T12:51:57.650,0101a300000000000000000000000000000000000000000000000000000000000000000000000000000000000000000000000000000000000000000000000000,0101a3,dial,Dial 2,163,"1,0,0,0","0,163,0,0"
2026-05-16T12:51:57.650,0101a200000000000000000000000000000000000000000000000000000000000000000000000000000000000000000000000000000000000000000000000000,0101a2,dial,Dial 2,162,"1,0,0,0","0,162,0,0"
2026-05-16T12:51:57.650,0101a100000000000000000000000000000000000000000000000000000000000000000000000000000000000000000000000000000000000000000000000000,0101a1,dial,Dial 2,161,"1,0,0,0","0,161,0,0"
2026-05-16T12:51:57.650,0101a000000000000000000000000000000000000000000000000000000000000000000000000000000000000000000000000000000000000000000000000000,0101a0,dial,Dial 2,160,"1,0,0,0","0,160,0,0"
2026-05-16T12:51:57.650,01019f00000000000000000000000000000000000000000000000000000000000000000000000000000000000000000000000000000000000000000000000000,01019f,dial,Dial 2,159,"1,0,0,0","0,159,0,0"
2026-05-16T12:51:57.750,01019e00000000000000000000000000000000000000000000000000000000000000000000000000000000000000000000000000000000000000000000000000,01019e,dial,Dial 2,158,"1,0,0,0","0,158,0,0"
2026-05-16T12:51:57.951,01019d00000000000000000000000000000000000000000000000000000000000000000000000000000000000000000000000000000000000000000000000000,01019d,dial,Dial 2,157,"1,0,0,0","0,157,0,0"
2026-05-16T12:51:57.951,01019c00000000000000000000000000000000000000000000000000000000000000000000000000000000000000000000000000000000000000000000000000,01019c,dial,Dial 2,156,"1,0,0,0","0,156,0,0"
2026-05-16T12:51:58.051,01019b00000000000000000000000000000000000000000000000000000000000000000000000000000000000000000000000000000000000000000000000000,01019b,dial,Dial 2,155,"1,0,0,0","0,155,0,0"
2026-05-16T12:51:58.051,01019a00000000000000000000000000000000000000000000000000000000000000000000000000000000000000000000000000000000000000000000000000,01019a,dial,Dial 2,154,"1,0,0,0","0,154,0,0"
2026-05-16T12:51:58.051,01019900000000000000000000000000000000000000000000000000000000000000000000000000000000000000000000000000000000000000000000000000,010199,dial,Dial 2,153,"1,0,0,0","0,153,0,0"
2026-05-16T12:51:58.051,01019800000000000000000000000000000000000000000000000000000000000000000000000000000000000000000000000000000000000000000000000000,010198,dial,Dial 2,152,"1,0,0,0","0,152,0,0"
2026-05-16T12:51:58.051,01019700000000000000000000000000000000000000000000000000000000000000000000000000000000000000000000000000000000000000000000000000,010197,dial,Dial 2,151,"1,0,0,0","0,151,0,0"
2026-05-16T12:51:58.051,01019600000000000000000000000000000000000000000000000000000000000000000000000000000000000000000000000000000000000000000000000000,010196,dial,Dial 2,150,"1,0,0,0","0,150,0,0"
2026-05-16T12:51:58.051,01019500000000000000000000000000000000000000000000000000000000000000000000000000000000000000000000000000000000000000000000000000,010195,dial,Dial 2,149,"1,0,0,0","0,149,0,0"
2026-05-16T12:51:58.051,01019300000000000000000000000000000000000000000000000000000000000000000000000000000000000000000000000000000000000000000000000000,010193,dial,Dial 2,147,"1,0,0,0","0,147,0,0"
2026-05-16T12:51:58.051,01019200000000000000000000000000000000000000000000000000000000000000000000000000000000000000000000000000000000000000000000000000,010192,dial,Dial 2,146,"1,0,0,0","0,146,0,0"
2026-05-16T12:51:58.051,01019100000000000000000000000000000000000000000000000000000000000000000000000000000000000000000000000000000000000000000000000000,010191,dial,Dial 2,145,"1,0,0,0","0,145,0,0"
2026-05-16T12:51:58.051,01019000000000000000000000000000000000000000000000000000000000000000000000000000000000000000000000000000000000000000000000000000,010190,dial,Dial 2,144,"1,0,0,0","0,144,0,0"
2026-05-16T12:51:58.051,01018f00000000000000000000000000000000000000000000000000000000000000000000000000000000000000000000000000000000000000000000000000,01018f,dial,Dial 2,143,"1,0,0,0","0,143,0,0"
2026-05-16T12:51:58.051,01018e00000000000000000000000000000000000000000000000000000000000000000000000000000000000000000000000000000000000000000000000000,01018e,dial,Dial 2,142,"1,0,0,0","0,142,0,0"
2026-05-16T12:51:58.051,01018d00000000000000000000000000000000000000000000000000000000000000000000000000000000000000000000000000000000000000000000000000,01018d,dial,Dial 2,141,"1,0,0,0","0,141,0,0"
2026-05-16T12:51:58.051,01018c00000000000000000000000000000000000000000000000000000000000000000000000000000000000000000000000000000000000000000000000000,01018c,dial,Dial 2,140,"1,0,0,0","0,140,0,0"
2026-05-16T12:51:58.051,01018b00000000000000000000000000000000000000000000000000000000000000000000000000000000000000000000000000000000000000000000000000,01018b,dial,Dial 2,139,"1,0,0,0","0,139,0,0"
2026-05-16T12:51:58.051,01018a00000000000000000000000000000000000000000000000000000000000000000000000000000000000000000000000000000000000000000000000000,01018a,dial,Dial 2,138,"1,0,0,0","0,138,0,0"
2026-05-16T12:51:58.051,01018900000000000000000000000000000000000000000000000000000000000000000000000000000000000000000000000000000000000000000000000000,010189,dial,Dial 2,137,"1,0,0,0","0,137,0,0"
2026-05-16T12:51:58.051,01018800000000000000000000000000000000000000000000000000000000000000000000000000000000000000000000000000000000000000000000000000,010188,dial,Dial 2,136,"1,0,0,0","0,136,0,0"
2026-05-16T12:51:58.051,01018700000000000000000000000000000000000000000000000000000000000000000000000000000000000000000000000000000000000000000000000000,010187,dial,Dial 2,135,"1,0,0,0","0,135,0,0"
2026-05-16T12:51:58.052,01018600000000000000000000000000000000000000000000000000000000000000000000000000000000000000000000000000000000000000000000000000,010186,dial,Dial 2,134,"1,0,0,0","0,134,0,0"
2026-05-16T12:51:58.052,01018500000000000000000000000000000000000000000000000000000000000000000000000000000000000000000000000000000000000000000000000000,010185,dial,Dial 2,133,"1,0,0,0","0,133,0,0"
2026-05-16T12:51:58.052,01018400000000000000000000000000000000000000000000000000000000000000000000000000000000000000000000000000000000000000000000000000,010184,dial,Dial 2,132,"1,0,0,0","0,132,0,0"
2026-05-16T12:51:58.052,01018300000000000000000000000000000000000000000000000000000000000000000000000000000000000000000000000000000000000000000000000000,010183,dial,Dial 2,131,"1,0,0,0","0,131,0,0"
2026-05-16T12:51:58.052,01018200000000000000000000000000000000000000000000000000000000000000000000000000000000000000000000000000000000000000000000000000,010182,dial,Dial 2,130,"1,0,0,0","0,130,0,0"
2026-05-16T12:51:58.052,01018100000000000000000000000000000000000000000000000000000000000000000000000000000000000000000000000000000000000000000000000000,010181,dial,Dial 2,129,"1,0,0,0","0,129,0,0"
2026-05-16T12:51:58.052,01018000000000000000000000000000000000000000000000000000000000000000000000000000000000000000000000000000000000000000000000000000,010180,dial,Dial 2,128,"1,0,0,0","0,128,0,0"
2026-05-16T12:51:58.052,01017f00000000000000000000000000000000000000000000000000000000000000000000000000000000000000000000000000000000000000000000000000,01017f,dial,Dial 2,127,"1,0,0,0","0,127,0,0"
2026-05-16T12:51:58.052,01017e00000000000000000000000000000000000000000000000000000000000000000000000000000000000000000000000000000000000000000000000000,01017e,dial,Dial 2,126,"1,0,0,0","0,126,0,0"
2026-05-16T12:51:58.052,01017d00000000000000000000000000000000000000000000000000000000000000000000000000000000000000000000000000000000000000000000000000,01017d,dial,Dial 2,125,"1,0,0,0","0,125,0,0"
2026-05-16T12:51:58.052,01017c00000000000000000000000000000000000000000000000000000000000000000000000000000000000000000000000000000000000000000000000000,01017c,dial,Dial 2,124,"1,0,0,0","0,124,0,0"
2026-05-16T12:51:58.052,01017b00000000000000000000000000000000000000000000000000000000000000000000000000000000000000000000000000000000000000000000000000,01017b,dial,Dial 2,123,"1,0,0,0","0,123,0,0"
2026-05-16T12:51:58.052,01017a00000000000000000000000000000000000000000000000000000000000000000000000000000000000000000000000000000000000000000000000000,01017a,dial,Dial 2,122,"1,0,0,0","0,122,0,0"
2026-05-16T12:51:58.052,01017900000000000000000000000000000000000000000000000000000000000000000000000000000000000000000000000000000000000000000000000000,010179,dial,Dial 2,121,"1,0,0,0","0,121,0,0"
2026-05-16T12:51:58.052,01017800000000000000000000000000000000000000000000000000000000000000000000000000000000000000000000000000000000000000000000000000,010178,dial,Dial 2,120,"1,0,0,0","0,120,0,0"
2026-05-16T12:51:58.052,01017700000000000000000000000000000000000000000000000000000000000000000000000000000000000000000000000000000000000000000000000000,010177,dial,Dial 2,119,"1,0,0,0","0,119,0,0"
2026-05-16T12:51:58.052,01017600000000000000000000000000000000000000000000000000000000000000000000000000000000000000000000000000000000000000000000000000,010176,dial,Dial 2,118,"1,0,0,0","0,118,0,0"
2026-05-16T12:51:58.052,01017400000000000000000000000000000000000000000000000000000000000000000000000000000000000000000000000000000000000000000000000000,010174,dial,Dial 2,116,"1,0,0,0","0,116,0,0"
2026-05-16T12:51:58.052,01017300000000000000000000000000000000000000000000000000000000000000000000000000000000000000000000000000000000000000000000000000,010173,dial,Dial 2,115,"1,0,0,0","0,115,0,0"
2026-05-16T12:51:58.052,01017200000000000000000000000000000000000000000000000000000000000000000000000000000000000000000000000000000000000000000000000000,010172,dial,Dial 2,114,"1,0,0,0","0,114,0,0"
2026-05-16T12:51:58.052,01017000000000000000000000000000000000000000000000000000000000000000000000000000000000000000000000000000000000000000000000000000,010170,dial,Dial 2,112,"1,0,0,0","0,112,0,0"
2026-05-16T12:51:58.052,01016f00000000000000000000000000000000000000000000000000000000000000000000000000000000000000000000000000000000000000000000000000,01016f,dial,Dial 2,111,"1,0,0,0","0,111,0,0"
2026-05-16T12:51:58.152,01016e00000000000000000000000000000000000000000000000000000000000000000000000000000000000000000000000000000000000000000000000000,01016e,dial,Dial 2,110,"1,0,0,0","0,110,0,0"
2026-05-16T12:51:58.152,01016d00000000000000000000000000000000000000000000000000000000000000000000000000000000000000000000000000000000000000000000000000,01016d,dial,Dial 2,109,"1,0,0,0","0,109,0,0"
2026-05-16T12:51:58.152,01016c00000000000000000000000000000000000000000000000000000000000000000000000000000000000000000000000000000000000000000000000000,01016c,dial,Dial 2,108,"1,0,0,0","0,108,0,0"
2026-05-16T12:51:58.152,01016b00000000000000000000000000000000000000000000000000000000000000000000000000000000000000000000000000000000000000000000000000,01016b,dial,Dial 2,107,"1,0,0,0","0,107,0,0"
2026-05-16T12:51:58.152,01016a00000000000000000000000000000000000000000000000000000000000000000000000000000000000000000000000000000000000000000000000000,01016a,dial,Dial 2,106,"1,0,0,0","0,106,0,0"
2026-05-16T12:51:58.152,01016900000000000000000000000000000000000000000000000000000000000000000000000000000000000000000000000000000000000000000000000000,010169,dial,Dial 2,105,"1,0,0,0","0,105,0,0"
2026-05-16T12:51:58.152,01016800000000000000000000000000000000000000000000000000000000000000000000000000000000000000000000000000000000000000000000000000,010168,dial,Dial 2,104,"1,0,0,0","0,104,0,0"
2026-05-16T12:51:58.152,01016700000000000000000000000000000000000000000000000000000000000000000000000000000000000000000000000000000000000000000000000000,010167,dial,Dial 2,103,"1,0,0,0","0,103,0,0"
2026-05-16T12:51:58.152,01016600000000000000000000000000000000000000000000000000000000000000000000000000000000000000000000000000000000000000000000000000,010166,dial,Dial 2,102,"1,0,0,0","0,102,0,0"
2026-05-16T12:51:58.152,01016400000000000000000000000000000000000000000000000000000000000000000000000000000000000000000000000000000000000000000000000000,010164,dial,Dial 2,100,"1,0,0,0","0,100,0,0"
2026-05-16T12:51:58.152,01016200000000000000000000000000000000000000000000000000000000000000000000000000000000000000000000000000000000000000000000000000,010162,dial,Dial 2,98,"1,0,0,0","0,98,0,0"
2026-05-16T12:51:58.153,01016100000000000000000000000000000000000000000000000000000000000000000000000000000000000000000000000000000000000000000000000000,010161,dial,Dial 2,97,"1,0,0,0","0,97,0,0"
2026-05-16T12:51:58.153,01015f00000000000000000000000000000000000000000000000000000000000000000000000000000000000000000000000000000000000000000000000000,01015f,dial,Dial 2,95,"1,0,0,0","0,95,0,0"
2026-05-16T12:51:58.153,01015e00000000000000000000000000000000000000000000000000000000000000000000000000000000000000000000000000000000000000000000000000,01015e,dial,Dial 2,94,"1,0,0,0","0,94,0,0"
2026-05-16T12:51:58.153,01015d00000000000000000000000000000000000000000000000000000000000000000000000000000000000000000000000000000000000000000000000000,01015d,dial,Dial 2,93,"1,0,0,0","0,93,0,0"
2026-05-16T12:51:58.153,01015b00000000000000000000000000000000000000000000000000000000000000000000000000000000000000000000000000000000000000000000000000,01015b,dial,Dial 2,91,"1,0,0,0","0,91,0,0"
2026-05-16T12:51:58.153,01015a00000000000000000000000000000000000000000000000000000000000000000000000000000000000000000000000000000000000000000000000000,01015a,dial,Dial 2,90,"1,0,0,0","0,90,0,0"
2026-05-16T12:51:58.153,01015900000000000000000000000000000000000000000000000000000000000000000000000000000000000000000000000000000000000000000000000000,010159,dial,Dial 2,89,"1,0,0,0","0,89,0,0"
2026-05-16T12:51:58.153,01015700000000000000000000000000000000000000000000000000000000000000000000000000000000000000000000000000000000000000000000000000,010157,dial,Dial 2,87,"1,0,0,0","0,87,0,0"
2026-05-16T12:51:58.153,01015600000000000000000000000000000000000000000000000000000000000000000000000000000000000000000000000000000000000000000000000000,010156,dial,Dial 2,86,"1,0,0,0","0,86,0,0"
2026-05-16T12:51:58.153,01015500000000000000000000000000000000000000000000000000000000000000000000000000000000000000000000000000000000000000000000000000,010155,dial,Dial 2,85,"1,0,0,0","0,85,0,0"
2026-05-16T12:51:58.153,01015400000000000000000000000000000000000000000000000000000000000000000000000000000000000000000000000000000000000000000000000000,010154,dial,Dial 2,84,"1,0,0,0","0,84,0,0"
2026-05-16T12:51:58.153,01015200000000000000000000000000000000000000000000000000000000000000000000000000000000000000000000000000000000000000000000000000,010152,dial,Dial 2,82,"1,0,0,0","0,82,0,0"
2026-05-16T12:51:58.153,01015100000000000000000000000000000000000000000000000000000000000000000000000000000000000000000000000000000000000000000000000000,010151,dial,Dial 2,81,"1,0,0,0","0,81,0,0"
2026-05-16T12:51:58.153,01015000000000000000000000000000000000000000000000000000000000000000000000000000000000000000000000000000000000000000000000000000,010150,dial,Dial 2,80,"1,0,0,0","0,80,0,0"
2026-05-16T12:51:58.153,01014f00000000000000000000000000000000000000000000000000000000000000000000000000000000000000000000000000000000000000000000000000,01014f,dial,Dial 2,79,"1,0,0,0","0,79,0,0"
2026-05-16T12:51:58.153,01014e00000000000000000000000000000000000000000000000000000000000000000000000000000000000000000000000000000000000000000000000000,01014e,dial,Dial 2,78,"1,0,0,0","0,78,0,0"
2026-05-16T12:51:58.153,01014d00000000000000000000000000000000000000000000000000000000000000000000000000000000000000000000000000000000000000000000000000,01014d,dial,Dial 2,77,"1,0,0,0","0,77,0,0"
2026-05-16T12:51:58.153,01014c00000000000000000000000000000000000000000000000000000000000000000000000000000000000000000000000000000000000000000000000000,01014c,dial,Dial 2,76,"1,0,0,0","0,76,0,0"
2026-05-16T12:51:58.153,01014b00000000000000000000000000000000000000000000000000000000000000000000000000000000000000000000000000000000000000000000000000,01014b,dial,Dial 2,75,"1,0,0,0","0,75,0,0"
2026-05-16T12:51:58.153,01014a00000000000000000000000000000000000000000000000000000000000000000000000000000000000000000000000000000000000000000000000000,01014a,dial,Dial 2,74,"1,0,0,0","0,74,0,0"
2026-05-16T12:51:58.153,01014900000000000000000000000000000000000000000000000000000000000000000000000000000000000000000000000000000000000000000000000000,010149,dial,Dial 2,73,"1,0,0,0","0,73,0,0"
2026-05-16T12:51:58.153,01014800000000000000000000000000000000000000000000000000000000000000000000000000000000000000000000000000000000000000000000000000,010148,dial,Dial 2,72,"1,0,0,0","0,72,0,0"
2026-05-16T12:51:58.153,01014700000000000000000000000000000000000000000000000000000000000000000000000000000000000000000000000000000000000000000000000000,010147,dial,Dial 2,71,"1,0,0,0","0,71,0,0"
2026-05-16T12:51:58.153,01014600000000000000000000000000000000000000000000000000000000000000000000000000000000000000000000000000000000000000000000000000,010146,dial,Dial 2,70,"1,0,0,0","0,70,0,0"
2026-05-16T12:51:58.153,01014500000000000000000000000000000000000000000000000000000000000000000000000000000000000000000000000000000000000000000000000000,010145,dial,Dial 2,69,"1,0,0,0","0,69,0,0"
2026-05-16T12:51:58.153,01014400000000000000000000000000000000000000000000000000000000000000000000000000000000000000000000000000000000000000000000000000,010144,dial,Dial 2,68,"1,0,0,0","0,68,0,0"
2026-05-16T12:51:58.153,01014300000000000000000000000000000000000000000000000000000000000000000000000000000000000000000000000000000000000000000000000000,010143,dial,Dial 2,67,"1,0,0,0","0,67,0,0"
2026-05-16T12:51:58.153,01014200000000000000000000000000000000000000000000000000000000000000000000000000000000000000000000000000000000000000000000000000,010142,dial,Dial 2,66,"1,0,0,0","0,66,0,0"
2026-05-16T12:51:58.153,01014100000000000000000000000000000000000000000000000000000000000000000000000000000000000000000000000000000000000000000000000000,010141,dial,Dial 2,65,"1,0,0,0","0,65,0,0"
2026-05-16T12:51:58.153,01014000000000000000000000000000000000000000000000000000000000000000000000000000000000000000000000000000000000000000000000000000,010140,dial,Dial 2,64,"1,0,0,0","0,64,0,0"
2026-05-16T12:51:58.253,01013f00000000000000000000000000000000000000000000000000000000000000000000000000000000000000000000000000000000000000000000000000,01013f,dial,Dial 2,63,"1,0,0,0","0,63,0,0"
2026-05-16T12:51:58.253,01013e00000000000000000000000000000000000000000000000000000000000000000000000000000000000000000000000000000000000000000000000000,01013e,dial,Dial 2,62,"1,0,0,0","0,62,0,0"
2026-05-16T12:51:58.254,01013d00000000000000000000000000000000000000000000000000000000000000000000000000000000000000000000000000000000000000000000000000,01013d,dial,Dial 2,61,"1,0,0,0","0,61,0,0"
2026-05-16T12:51:58.254,01013c00000000000000000000000000000000000000000000000000000000000000000000000000000000000000000000000000000000000000000000000000,01013c,dial,Dial 2,60,"1,0,0,0","0,60,0,0"
2026-05-16T12:51:58.254,01013b00000000000000000000000000000000000000000000000000000000000000000000000000000000000000000000000000000000000000000000000000,01013b,dial,Dial 2,59,"1,0,0,0","0,59,0,0"
2026-05-16T12:51:58.254,01013a00000000000000000000000000000000000000000000000000000000000000000000000000000000000000000000000000000000000000000000000000,01013a,dial,Dial 2,58,"1,0,0,0","0,58,0,0"
2026-05-16T12:51:58.254,01013900000000000000000000000000000000000000000000000000000000000000000000000000000000000000000000000000000000000000000000000000,010139,dial,Dial 2,57,"1,0,0,0","0,57,0,0"
2026-05-16T12:51:58.254,01013800000000000000000000000000000000000000000000000000000000000000000000000000000000000000000000000000000000000000000000000000,010138,dial,Dial 2,56,"1,0,0,0","0,56,0,0"
2026-05-16T12:51:58.254,01013700000000000000000000000000000000000000000000000000000000000000000000000000000000000000000000000000000000000000000000000000,010137,dial,Dial 2,55,"1,0,0,0","0,55,0,0"
2026-05-16T12:51:58.254,01013600000000000000000000000000000000000000000000000000000000000000000000000000000000000000000000000000000000000000000000000000,010136,dial,Dial 2,54,"1,0,0,0","0,54,0,0"
2026-05-16T12:51:58.254,01013500000000000000000000000000000000000000000000000000000000000000000000000000000000000000000000000000000000000000000000000000,010135,dial,Dial 2,53,"1,0,0,0","0,53,0,0"
2026-05-16T12:51:58.554,01013400000000000000000000000000000000000000000000000000000000000000000000000000000000000000000000000000000000000000000000000000,010134,dial,Dial 2,52,"1,0,0,0","0,52,0,0"
2026-05-16T12:51:58.554,01013300000000000000000000000000000000000000000000000000000000000000000000000000000000000000000000000000000000000000000000000000,010133,dial,Dial 2,51,"1,0,0,0","0,51,0,0"
2026-05-16T12:51:58.554,01013200000000000000000000000000000000000000000000000000000000000000000000000000000000000000000000000000000000000000000000000000,010132,dial,Dial 2,50,"1,0,0,0","0,50,0,0"
2026-05-16T12:51:58.654,01013100000000000000000000000000000000000000000000000000000000000000000000000000000000000000000000000000000000000000000000000000,010131,dial,Dial 2,49,"1,0,0,0","0,49,0,0"
2026-05-16T12:51:58.654,01013000000000000000000000000000000000000000000000000000000000000000000000000000000000000000000000000000000000000000000000000000,010130,dial,Dial 2,48,"1,0,0,0","0,48,0,0"
2026-05-16T12:51:58.654,01012f00000000000000000000000000000000000000000000000000000000000000000000000000000000000000000000000000000000000000000000000000,01012f,dial,Dial 2,47,"1,0,0,0","0,47,0,0"
2026-05-16T12:51:58.654,01012e00000000000000000000000000000000000000000000000000000000000000000000000000000000000000000000000000000000000000000000000000,01012e,dial,Dial 2,46,"1,0,0,0","0,46,0,0"
2026-05-16T12:51:58.654,01012d00000000000000000000000000000000000000000000000000000000000000000000000000000000000000000000000000000000000000000000000000,01012d,dial,Dial 2,45,"1,0,0,0","0,45,0,0"
2026-05-16T12:51:58.654,01012c00000000000000000000000000000000000000000000000000000000000000000000000000000000000000000000000000000000000000000000000000,01012c,dial,Dial 2,44,"1,0,0,0","0,44,0,0"
2026-05-16T12:51:58.655,01012b00000000000000000000000000000000000000000000000000000000000000000000000000000000000000000000000000000000000000000000000000,01012b,dial,Dial 2,43,"1,0,0,0","0,43,0,0"
2026-05-16T12:51:58.655,01012a00000000000000000000000000000000000000000000000000000000000000000000000000000000000000000000000000000000000000000000000000,01012a,dial,Dial 2,42,"1,0,0,0","0,42,0,0"
2026-05-16T12:51:58.655,01012900000000000000000000000000000000000000000000000000000000000000000000000000000000000000000000000000000000000000000000000000,010129,dial,Dial 2,41,"1,0,0,0","0,41,0,0"
2026-05-16T12:51:58.655,01012800000000000000000000000000000000000000000000000000000000000000000000000000000000000000000000000000000000000000000000000000,010128,dial,Dial 2,40,"1,0,0,0","0,40,0,0"
2026-05-16T12:51:58.655,01012700000000000000000000000000000000000000000000000000000000000000000000000000000000000000000000000000000000000000000000000000,010127,dial,Dial 2,39,"1,0,0,0","0,39,0,0"
2026-05-16T12:51:58.655,01012600000000000000000000000000000000000000000000000000000000000000000000000000000000000000000000000000000000000000000000000000,010126,dial,Dial 2,38,"1,0,0,0","0,38,0,0"
2026-05-16T12:51:58.655,01012500000000000000000000000000000000000000000000000000000000000000000000000000000000000000000000000000000000000000000000000000,010125,dial,Dial 2,37,"1,0,0,0","0,37,0,0"
2026-05-16T12:51:58.655,01012300000000000000000000000000000000000000000000000000000000000000000000000000000000000000000000000000000000000000000000000000,010123,dial,Dial 2,35,"1,0,0,0","0,35,0,0"
2026-05-16T12:51:58.655,01012200000000000000000000000000000000000000000000000000000000000000000000000000000000000000000000000000000000000000000000000000,010122,dial,Dial 2,34,"1,0,0,0","0,34,0,0"
2026-05-16T12:51:58.655,01012100000000000000000000000000000000000000000000000000000000000000000000000000000000000000000000000000000000000000000000000000,010121,dial,Dial 2,33,"1,0,0,0","0,33,0,0"
2026-05-16T12:51:58.655,01012000000000000000000000000000000000000000000000000000000000000000000000000000000000000000000000000000000000000000000000000000,010120,dial,Dial 2,32,"1,0,0,0","0,32,0,0"
2026-05-16T12:51:58.655,01011e00000000000000000000000000000000000000000000000000000000000000000000000000000000000000000000000000000000000000000000000000,01011e,dial,Dial 2,30,"1,0,0,0","0,30,0,0"
2026-05-16T12:51:58.655,01011d00000000000000000000000000000000000000000000000000000000000000000000000000000000000000000000000000000000000000000000000000,01011d,dial,Dial 2,29,"1,0,0,0","0,29,0,0"
2026-05-16T12:51:58.655,01011c00000000000000000000000000000000000000000000000000000000000000000000000000000000000000000000000000000000000000000000000000,01011c,dial,Dial 2,28,"1,0,0,0","0,28,0,0"
2026-05-16T12:51:58.655,01011b00000000000000000000000000000000000000000000000000000000000000000000000000000000000000000000000000000000000000000000000000,01011b,dial,Dial 2,27,"1,0,0,0","0,27,0,0"
2026-05-16T12:51:58.655,01011a00000000000000000000000000000000000000000000000000000000000000000000000000000000000000000000000000000000000000000000000000,01011a,dial,Dial 2,26,"1,0,0,0","0,26,0,0"
2026-05-16T12:51:58.655,01011900000000000000000000000000000000000000000000000000000000000000000000000000000000000000000000000000000000000000000000000000,010119,dial,Dial 2,25,"1,0,0,0","0,25,0,0"
2026-05-16T12:51:58.655,01011700000000000000000000000000000000000000000000000000000000000000000000000000000000000000000000000000000000000000000000000000,010117,dial,Dial 2,23,"1,0,0,0","0,23,0,0"
2026-05-16T12:51:58.655,01011600000000000000000000000000000000000000000000000000000000000000000000000000000000000000000000000000000000000000000000000000,010116,dial,Dial 2,22,"1,0,0,0","0,22,0,0"
2026-05-16T12:51:58.655,01011500000000000000000000000000000000000000000000000000000000000000000000000000000000000000000000000000000000000000000000000000,010115,dial,Dial 2,21,"1,0,0,0","0,21,0,0"
2026-05-16T12:51:58.655,01011400000000000000000000000000000000000000000000000000000000000000000000000000000000000000000000000000000000000000000000000000,010114,dial,Dial 2,20,"1,0,0,0","0,20,0,0"
2026-05-16T12:51:58.655,01011200000000000000000000000000000000000000000000000000000000000000000000000000000000000000000000000000000000000000000000000000,010112,dial,Dial 2,18,"1,0,0,0","0,18,0,0"
2026-05-16T12:51:58.655,01011100000000000000000000000000000000000000000000000000000000000000000000000000000000000000000000000000000000000000000000000000,010111,dial,Dial 2,17,"1,0,0,0","0,17,0,0"
2026-05-16T12:51:58.655,01010f00000000000000000000000000000000000000000000000000000000000000000000000000000000000000000000000000000000000000000000000000,01010f,dial,Dial 2,15,"1,0,0,0","0,15,0,0"
2026-05-16T12:51:58.655,01010e00000000000000000000000000000000000000000000000000000000000000000000000000000000000000000000000000000000000000000000000000,01010e,dial,Dial 2,14,"1,0,0,0","0,14,0,0"
2026-05-16T12:51:58.655,01010d00000000000000000000000000000000000000000000000000000000000000000000000000000000000000000000000000000000000000000000000000,01010d,dial,Dial 2,13,"1,0,0,0","0,13,0,0"
2026-05-16T12:51:58.655,01010c00000000000000000000000000000000000000000000000000000000000000000000000000000000000000000000000000000000000000000000000000,01010c,dial,Dial 2,12,"1,0,0,0","0,12,0,0"
2026-05-16T12:51:58.655,01010a00000000000000000000000000000000000000000000000000000000000000000000000000000000000000000000000000000000000000000000000000,01010a,dial,Dial 2,10,"1,0,0,0","0,10,0,0"
2026-05-16T12:51:58.655,01010900000000000000000000000000000000000000000000000000000000000000000000000000000000000000000000000000000000000000000000000000,010109,dial,Dial 2,9,"1,0,0,0","0,9,0,0"
2026-05-16T12:51:58.655,01010700000000000000000000000000000000000000000000000000000000000000000000000000000000000000000000000000000000000000000000000000,010107,dial,Dial 2,7,"1,0,0,0","0,7,0,0"
2026-05-16T12:51:58.655,01010600000000000000000000000000000000000000000000000000000000000000000000000000000000000000000000000000000000000000000000000000,010106,dial,Dial 2,6,"1,0,0,0","0,6,0,0"
2026-05-16T12:51:58.655,01010400000000000000000000000000000000000000000000000000000000000000000000000000000000000000000000000000000000000000000000000000,010104,dial,Dial 2,4,"1,0,0,0","0,4,0,0"
2026-05-16T12:51:58.655,01010300000000000000000000000000000000000000000000000000000000000000000000000000000000000000000000000000000000000000000000000000,010103,dial,Dial 2,3,"1,0,0,0","0,3,0,0"
2026-05-16T12:51:58.655,01010100000000000000000000000000000000000000000000000000000000000000000000000000000000000000000000000000000000000000000000000000,010101,dial,Dial 2,1,"1,0,0,0","0,1,0,0"
2026-05-16T12:51:58.655,01010000000000000000000000000000000000000000000000000000000000000000000000000000000000000000000000000000000000000000000000000000,010100,dial,Dial 2,0,"1,0,0,0","0,0,0,0"
2026-05-16T12:51:59.557,02010100000000000000000000000000000000000000000000000000000000000000000000000000000000000000000000000000000000000000000000000000,020101,button,Button 2,1,"0,1,0,0","1,1,0,0"
2026-05-16T12:51:59.758,02010000000000000000000000000000000000000000000000000000000000000000000000000000000000000000000000000000000000000000000000000000,020100,button,Button 2,0,"0,0,0,0","1,0,0,0"
2026-05-16T12:52:01.660,02020100000000000000000000000000000000000000000000000000000000000000000000000000000000000000000000000000000000000000000000000000,020201,button,Button 3,1,"0,0,1,0","2,1,0,0"
2026-05-16T12:52:01.760,02020000000000000000000000000000000000000000000000000000000000000000000000000000000000000000000000000000000000000000000000000000,020200,button,Button 3,0,"0,0,0,0","2,0,0,0"
2026-05-16T12:52:02.662,01020100000000000000000000000000000000000000000000000000000000000000000000000000000000000000000000000000000000000000000000000000,010201,dial,Dial 3,1,"1,0,0,0","0,0,1,0"
2026-05-16T12:52:02.662,01020200000000000000000000000000000000000000000000000000000000000000000000000000000000000000000000000000000000000000000000000000,010202,dial,Dial 3,2,"1,0,0,0","0,0,2,0"
2026-05-16T12:52:02.662,01020300000000000000000000000000000000000000000000000000000000000000000000000000000000000000000000000000000000000000000000000000,010203,dial,Dial 3,3,"1,0,0,0","0,0,3,0"
2026-05-16T12:52:02.662,01020400000000000000000000000000000000000000000000000000000000000000000000000000000000000000000000000000000000000000000000000000,010204,dial,Dial 3,4,"1,0,0,0","0,0,4,0"
2026-05-16T12:52:02.662,01020600000000000000000000000000000000000000000000000000000000000000000000000000000000000000000000000000000000000000000000000000,010206,dial,Dial 3,6,"1,0,0,0","0,0,6,0"
2026-05-16T12:52:02.662,01020700000000000000000000000000000000000000000000000000000000000000000000000000000000000000000000000000000000000000000000000000,010207,dial,Dial 3,7,"1,0,0,0","0,0,7,0"
2026-05-16T12:52:02.662,01020900000000000000000000000000000000000000000000000000000000000000000000000000000000000000000000000000000000000000000000000000,010209,dial,Dial 3,9,"1,0,0,0","0,0,9,0"
2026-05-16T12:52:02.762,01020a00000000000000000000000000000000000000000000000000000000000000000000000000000000000000000000000000000000000000000000000000,01020a,dial,Dial 3,10,"1,0,0,0","0,0,10,0"
2026-05-16T12:52:02.762,01020c00000000000000000000000000000000000000000000000000000000000000000000000000000000000000000000000000000000000000000000000000,01020c,dial,Dial 3,12,"1,0,0,0","0,0,12,0"
2026-05-16T12:52:02.762,01020d00000000000000000000000000000000000000000000000000000000000000000000000000000000000000000000000000000000000000000000000000,01020d,dial,Dial 3,13,"1,0,0,0","0,0,13,0"
2026-05-16T12:52:02.762,01020f00000000000000000000000000000000000000000000000000000000000000000000000000000000000000000000000000000000000000000000000000,01020f,dial,Dial 3,15,"1,0,0,0","0,0,15,0"
2026-05-16T12:52:02.762,01021100000000000000000000000000000000000000000000000000000000000000000000000000000000000000000000000000000000000000000000000000,010211,dial,Dial 3,17,"1,0,0,0","0,0,17,0"
2026-05-16T12:52:02.762,01021200000000000000000000000000000000000000000000000000000000000000000000000000000000000000000000000000000000000000000000000000,010212,dial,Dial 3,18,"1,0,0,0","0,0,18,0"
2026-05-16T12:52:02.762,01021300000000000000000000000000000000000000000000000000000000000000000000000000000000000000000000000000000000000000000000000000,010213,dial,Dial 3,19,"1,0,0,0","0,0,19,0"
2026-05-16T12:52:02.762,01021400000000000000000000000000000000000000000000000000000000000000000000000000000000000000000000000000000000000000000000000000,010214,dial,Dial 3,20,"1,0,0,0","0,0,20,0"
2026-05-16T12:52:02.762,01021500000000000000000000000000000000000000000000000000000000000000000000000000000000000000000000000000000000000000000000000000,010215,dial,Dial 3,21,"1,0,0,0","0,0,21,0"
2026-05-16T12:52:02.762,01021700000000000000000000000000000000000000000000000000000000000000000000000000000000000000000000000000000000000000000000000000,010217,dial,Dial 3,23,"1,0,0,0","0,0,23,0"
2026-05-16T12:52:02.762,01021900000000000000000000000000000000000000000000000000000000000000000000000000000000000000000000000000000000000000000000000000,010219,dial,Dial 3,25,"1,0,0,0","0,0,25,0"
2026-05-16T12:52:02.762,01021a00000000000000000000000000000000000000000000000000000000000000000000000000000000000000000000000000000000000000000000000000,01021a,dial,Dial 3,26,"1,0,0,0","0,0,26,0"
2026-05-16T12:52:02.762,01021b00000000000000000000000000000000000000000000000000000000000000000000000000000000000000000000000000000000000000000000000000,01021b,dial,Dial 3,27,"1,0,0,0","0,0,27,0"
2026-05-16T12:52:02.762,01021c00000000000000000000000000000000000000000000000000000000000000000000000000000000000000000000000000000000000000000000000000,01021c,dial,Dial 3,28,"1,0,0,0","0,0,28,0"
2026-05-16T12:52:02.762,01021d00000000000000000000000000000000000000000000000000000000000000000000000000000000000000000000000000000000000000000000000000,01021d,dial,Dial 3,29,"1,0,0,0","0,0,29,0"
2026-05-16T12:52:02.762,01021e00000000000000000000000000000000000000000000000000000000000000000000000000000000000000000000000000000000000000000000000000,01021e,dial,Dial 3,30,"1,0,0,0","0,0,30,0"
2026-05-16T12:52:02.762,01021f00000000000000000000000000000000000000000000000000000000000000000000000000000000000000000000000000000000000000000000000000,01021f,dial,Dial 3,31,"1,0,0,0","0,0,31,0"
2026-05-16T12:52:02.762,01022000000000000000000000000000000000000000000000000000000000000000000000000000000000000000000000000000000000000000000000000000,010220,dial,Dial 3,32,"1,0,0,0","0,0,32,0"
2026-05-16T12:52:02.762,01022100000000000000000000000000000000000000000000000000000000000000000000000000000000000000000000000000000000000000000000000000,010221,dial,Dial 3,33,"1,0,0,0","0,0,33,0"
2026-05-16T12:52:02.762,01022200000000000000000000000000000000000000000000000000000000000000000000000000000000000000000000000000000000000000000000000000,010222,dial,Dial 3,34,"1,0,0,0","0,0,34,0"
2026-05-16T12:52:02.762,01022300000000000000000000000000000000000000000000000000000000000000000000000000000000000000000000000000000000000000000000000000,010223,dial,Dial 3,35,"1,0,0,0","0,0,35,0"
2026-05-16T12:52:02.762,01022400000000000000000000000000000000000000000000000000000000000000000000000000000000000000000000000000000000000000000000000000,010224,dial,Dial 3,36,"1,0,0,0","0,0,36,0"
2026-05-16T12:52:02.762,01022500000000000000000000000000000000000000000000000000000000000000000000000000000000000000000000000000000000000000000000000000,010225,dial,Dial 3,37,"1,0,0,0","0,0,37,0"
2026-05-16T12:52:02.762,01022600000000000000000000000000000000000000000000000000000000000000000000000000000000000000000000000000000000000000000000000000,010226,dial,Dial 3,38,"1,0,0,0","0,0,38,0"
2026-05-16T12:52:02.762,01022700000000000000000000000000000000000000000000000000000000000000000000000000000000000000000000000000000000000000000000000000,010227,dial,Dial 3,39,"1,0,0,0","0,0,39,0"
2026-05-16T12:52:02.762,01022800000000000000000000000000000000000000000000000000000000000000000000000000000000000000000000000000000000000000000000000000,010228,dial,Dial 3,40,"1,0,0,0","0,0,40,0"
2026-05-16T12:52:02.762,01022900000000000000000000000000000000000000000000000000000000000000000000000000000000000000000000000000000000000000000000000000,010229,dial,Dial 3,41,"1,0,0,0","0,0,41,0"
2026-05-16T12:52:02.762,01022a00000000000000000000000000000000000000000000000000000000000000000000000000000000000000000000000000000000000000000000000000,01022a,dial,Dial 3,42,"1,0,0,0","0,0,42,0"
2026-05-16T12:52:02.763,01022b00000000000000000000000000000000000000000000000000000000000000000000000000000000000000000000000000000000000000000000000000,01022b,dial,Dial 3,43,"1,0,0,0","0,0,43,0"
2026-05-16T12:52:02.763,01022c00000000000000000000000000000000000000000000000000000000000000000000000000000000000000000000000000000000000000000000000000,01022c,dial,Dial 3,44,"1,0,0,0","0,0,44,0"
2026-05-16T12:52:02.763,01022d00000000000000000000000000000000000000000000000000000000000000000000000000000000000000000000000000000000000000000000000000,01022d,dial,Dial 3,45,"1,0,0,0","0,0,45,0"
2026-05-16T12:52:02.763,01022e00000000000000000000000000000000000000000000000000000000000000000000000000000000000000000000000000000000000000000000000000,01022e,dial,Dial 3,46,"1,0,0,0","0,0,46,0"
2026-05-16T12:52:02.763,01022f00000000000000000000000000000000000000000000000000000000000000000000000000000000000000000000000000000000000000000000000000,01022f,dial,Dial 3,47,"1,0,0,0","0,0,47,0"
2026-05-16T12:52:02.763,01023000000000000000000000000000000000000000000000000000000000000000000000000000000000000000000000000000000000000000000000000000,010230,dial,Dial 3,48,"1,0,0,0","0,0,48,0"
2026-05-16T12:52:02.763,01023100000000000000000000000000000000000000000000000000000000000000000000000000000000000000000000000000000000000000000000000000,010231,dial,Dial 3,49,"1,0,0,0","0,0,49,0"
2026-05-16T12:52:02.763,01023200000000000000000000000000000000000000000000000000000000000000000000000000000000000000000000000000000000000000000000000000,010232,dial,Dial 3,50,"1,0,0,0","0,0,50,0"
2026-05-16T12:52:02.763,01023300000000000000000000000000000000000000000000000000000000000000000000000000000000000000000000000000000000000000000000000000,010233,dial,Dial 3,51,"1,0,0,0","0,0,51,0"
2026-05-16T12:52:02.763,01023400000000000000000000000000000000000000000000000000000000000000000000000000000000000000000000000000000000000000000000000000,010234,dial,Dial 3,52,"1,0,0,0","0,0,52,0"
2026-05-16T12:52:02.763,01023500000000000000000000000000000000000000000000000000000000000000000000000000000000000000000000000000000000000000000000000000,010235,dial,Dial 3,53,"1,0,0,0","0,0,53,0"
2026-05-16T12:52:02.863,01023600000000000000000000000000000000000000000000000000000000000000000000000000000000000000000000000000000000000000000000000000,010236,dial,Dial 3,54,"1,0,0,0","0,0,54,0"
2026-05-16T12:52:02.863,01023700000000000000000000000000000000000000000000000000000000000000000000000000000000000000000000000000000000000000000000000000,010237,dial,Dial 3,55,"1,0,0,0","0,0,55,0"
2026-05-16T12:52:02.863,01023800000000000000000000000000000000000000000000000000000000000000000000000000000000000000000000000000000000000000000000000000,010238,dial,Dial 3,56,"1,0,0,0","0,0,56,0"
2026-05-16T12:52:03.164,01023900000000000000000000000000000000000000000000000000000000000000000000000000000000000000000000000000000000000000000000000000,010239,dial,Dial 3,57,"1,0,0,0","0,0,57,0"
2026-05-16T12:52:03.164,01023a00000000000000000000000000000000000000000000000000000000000000000000000000000000000000000000000000000000000000000000000000,01023a,dial,Dial 3,58,"1,0,0,0","0,0,58,0"
2026-05-16T12:52:03.164,01023b00000000000000000000000000000000000000000000000000000000000000000000000000000000000000000000000000000000000000000000000000,01023b,dial,Dial 3,59,"1,0,0,0","0,0,59,0"
2026-05-16T12:52:03.164,01023c00000000000000000000000000000000000000000000000000000000000000000000000000000000000000000000000000000000000000000000000000,01023c,dial,Dial 3,60,"1,0,0,0","0,0,60,0"
2026-05-16T12:52:03.164,01023d00000000000000000000000000000000000000000000000000000000000000000000000000000000000000000000000000000000000000000000000000,01023d,dial,Dial 3,61,"1,0,0,0","0,0,61,0"
2026-05-16T12:52:03.164,01023e00000000000000000000000000000000000000000000000000000000000000000000000000000000000000000000000000000000000000000000000000,01023e,dial,Dial 3,62,"1,0,0,0","0,0,62,0"
2026-05-16T12:52:03.164,01024000000000000000000000000000000000000000000000000000000000000000000000000000000000000000000000000000000000000000000000000000,010240,dial,Dial 3,64,"1,0,0,0","0,0,64,0"
2026-05-16T12:52:03.264,01024300000000000000000000000000000000000000000000000000000000000000000000000000000000000000000000000000000000000000000000000000,010243,dial,Dial 3,67,"1,0,0,0","0,0,67,0"
2026-05-16T12:52:03.264,01024400000000000000000000000000000000000000000000000000000000000000000000000000000000000000000000000000000000000000000000000000,010244,dial,Dial 3,68,"1,0,0,0","0,0,68,0"
2026-05-16T12:52:03.264,01024600000000000000000000000000000000000000000000000000000000000000000000000000000000000000000000000000000000000000000000000000,010246,dial,Dial 3,70,"1,0,0,0","0,0,70,0"
2026-05-16T12:52:03.264,01024700000000000000000000000000000000000000000000000000000000000000000000000000000000000000000000000000000000000000000000000000,010247,dial,Dial 3,71,"1,0,0,0","0,0,71,0"
2026-05-16T12:52:03.264,01024800000000000000000000000000000000000000000000000000000000000000000000000000000000000000000000000000000000000000000000000000,010248,dial,Dial 3,72,"1,0,0,0","0,0,72,0"
2026-05-16T12:52:03.264,01024900000000000000000000000000000000000000000000000000000000000000000000000000000000000000000000000000000000000000000000000000,010249,dial,Dial 3,73,"1,0,0,0","0,0,73,0"
2026-05-16T12:52:03.264,01024b00000000000000000000000000000000000000000000000000000000000000000000000000000000000000000000000000000000000000000000000000,01024b,dial,Dial 3,75,"1,0,0,0","0,0,75,0"
2026-05-16T12:52:03.264,01024d00000000000000000000000000000000000000000000000000000000000000000000000000000000000000000000000000000000000000000000000000,01024d,dial,Dial 3,77,"1,0,0,0","0,0,77,0"
2026-05-16T12:52:03.264,01024e00000000000000000000000000000000000000000000000000000000000000000000000000000000000000000000000000000000000000000000000000,01024e,dial,Dial 3,78,"1,0,0,0","0,0,78,0"
2026-05-16T12:52:03.264,01024f00000000000000000000000000000000000000000000000000000000000000000000000000000000000000000000000000000000000000000000000000,01024f,dial,Dial 3,79,"1,0,0,0","0,0,79,0"
2026-05-16T12:52:03.264,01025100000000000000000000000000000000000000000000000000000000000000000000000000000000000000000000000000000000000000000000000000,010251,dial,Dial 3,81,"1,0,0,0","0,0,81,0"
2026-05-16T12:52:03.264,01025200000000000000000000000000000000000000000000000000000000000000000000000000000000000000000000000000000000000000000000000000,010252,dial,Dial 3,82,"1,0,0,0","0,0,82,0"
2026-05-16T12:52:03.264,01025300000000000000000000000000000000000000000000000000000000000000000000000000000000000000000000000000000000000000000000000000,010253,dial,Dial 3,83,"1,0,0,0","0,0,83,0"
2026-05-16T12:52:03.264,01025500000000000000000000000000000000000000000000000000000000000000000000000000000000000000000000000000000000000000000000000000,010255,dial,Dial 3,85,"1,0,0,0","0,0,85,0"
2026-05-16T12:52:03.264,01025600000000000000000000000000000000000000000000000000000000000000000000000000000000000000000000000000000000000000000000000000,010256,dial,Dial 3,86,"1,0,0,0","0,0,86,0"
2026-05-16T12:52:03.264,01025800000000000000000000000000000000000000000000000000000000000000000000000000000000000000000000000000000000000000000000000000,010258,dial,Dial 3,88,"1,0,0,0","0,0,88,0"
2026-05-16T12:52:03.264,01025900000000000000000000000000000000000000000000000000000000000000000000000000000000000000000000000000000000000000000000000000,010259,dial,Dial 3,89,"1,0,0,0","0,0,89,0"
2026-05-16T12:52:03.264,01025a00000000000000000000000000000000000000000000000000000000000000000000000000000000000000000000000000000000000000000000000000,01025a,dial,Dial 3,90,"1,0,0,0","0,0,90,0"
2026-05-16T12:52:03.264,01025c00000000000000000000000000000000000000000000000000000000000000000000000000000000000000000000000000000000000000000000000000,01025c,dial,Dial 3,92,"1,0,0,0","0,0,92,0"
2026-05-16T12:52:03.264,01025d00000000000000000000000000000000000000000000000000000000000000000000000000000000000000000000000000000000000000000000000000,01025d,dial,Dial 3,93,"1,0,0,0","0,0,93,0"
2026-05-16T12:52:03.264,01025e00000000000000000000000000000000000000000000000000000000000000000000000000000000000000000000000000000000000000000000000000,01025e,dial,Dial 3,94,"1,0,0,0","0,0,94,0"
2026-05-16T12:52:03.264,01025f00000000000000000000000000000000000000000000000000000000000000000000000000000000000000000000000000000000000000000000000000,01025f,dial,Dial 3,95,"1,0,0,0","0,0,95,0"
2026-05-16T12:52:03.265,01026000000000000000000000000000000000000000000000000000000000000000000000000000000000000000000000000000000000000000000000000000,010260,dial,Dial 3,96,"1,0,0,0","0,0,96,0"
2026-05-16T12:52:03.265,01026100000000000000000000000000000000000000000000000000000000000000000000000000000000000000000000000000000000000000000000000000,010261,dial,Dial 3,97,"1,0,0,0","0,0,97,0"
2026-05-16T12:52:03.265,01026300000000000000000000000000000000000000000000000000000000000000000000000000000000000000000000000000000000000000000000000000,010263,dial,Dial 3,99,"1,0,0,0","0,0,99,0"
2026-05-16T12:52:03.265,01026400000000000000000000000000000000000000000000000000000000000000000000000000000000000000000000000000000000000000000000000000,010264,dial,Dial 3,100,"1,0,0,0","0,0,100,0"
2026-05-16T12:52:03.265,01026500000000000000000000000000000000000000000000000000000000000000000000000000000000000000000000000000000000000000000000000000,010265,dial,Dial 3,101,"1,0,0,0","0,0,101,0"
2026-05-16T12:52:03.265,01026700000000000000000000000000000000000000000000000000000000000000000000000000000000000000000000000000000000000000000000000000,010267,dial,Dial 3,103,"1,0,0,0","0,0,103,0"
2026-05-16T12:52:03.265,01026800000000000000000000000000000000000000000000000000000000000000000000000000000000000000000000000000000000000000000000000000,010268,dial,Dial 3,104,"1,0,0,0","0,0,104,0"
2026-05-16T12:52:03.265,01026900000000000000000000000000000000000000000000000000000000000000000000000000000000000000000000000000000000000000000000000000,010269,dial,Dial 3,105,"1,0,0,0","0,0,105,0"
2026-05-16T12:52:03.265,01026a00000000000000000000000000000000000000000000000000000000000000000000000000000000000000000000000000000000000000000000000000,01026a,dial,Dial 3,106,"1,0,0,0","0,0,106,0"
2026-05-16T12:52:03.265,01026b00000000000000000000000000000000000000000000000000000000000000000000000000000000000000000000000000000000000000000000000000,01026b,dial,Dial 3,107,"1,0,0,0","0,0,107,0"
2026-05-16T12:52:03.265,01026c00000000000000000000000000000000000000000000000000000000000000000000000000000000000000000000000000000000000000000000000000,01026c,dial,Dial 3,108,"1,0,0,0","0,0,108,0"
2026-05-16T12:52:03.265,01026d00000000000000000000000000000000000000000000000000000000000000000000000000000000000000000000000000000000000000000000000000,01026d,dial,Dial 3,109,"1,0,0,0","0,0,109,0"
2026-05-16T12:52:03.265,01026e00000000000000000000000000000000000000000000000000000000000000000000000000000000000000000000000000000000000000000000000000,01026e,dial,Dial 3,110,"1,0,0,0","0,0,110,0"
2026-05-16T12:52:03.265,01026f00000000000000000000000000000000000000000000000000000000000000000000000000000000000000000000000000000000000000000000000000,01026f,dial,Dial 3,111,"1,0,0,0","0,0,111,0"
2026-05-16T12:52:03.265,01027000000000000000000000000000000000000000000000000000000000000000000000000000000000000000000000000000000000000000000000000000,010270,dial,Dial 3,112,"1,0,0,0","0,0,112,0"
2026-05-16T12:52:03.265,01027100000000000000000000000000000000000000000000000000000000000000000000000000000000000000000000000000000000000000000000000000,010271,dial,Dial 3,113,"1,0,0,0","0,0,113,0"
2026-05-16T12:52:03.265,01027200000000000000000000000000000000000000000000000000000000000000000000000000000000000000000000000000000000000000000000000000,010272,dial,Dial 3,114,"1,0,0,0","0,0,114,0"
2026-05-16T12:52:03.265,01027300000000000000000000000000000000000000000000000000000000000000000000000000000000000000000000000000000000000000000000000000,010273,dial,Dial 3,115,"1,0,0,0","0,0,115,0"
2026-05-16T12:52:03.265,01027500000000000000000000000000000000000000000000000000000000000000000000000000000000000000000000000000000000000000000000000000,010275,dial,Dial 3,117,"1,0,0,0","0,0,117,0"
2026-05-16T12:52:03.265,01027600000000000000000000000000000000000000000000000000000000000000000000000000000000000000000000000000000000000000000000000000,010276,dial,Dial 3,118,"1,0,0,0","0,0,118,0"
2026-05-16T12:52:03.265,01027700000000000000000000000000000000000000000000000000000000000000000000000000000000000000000000000000000000000000000000000000,010277,dial,Dial 3,119,"1,0,0,0","0,0,119,0"
2026-05-16T12:52:03.265,01027800000000000000000000000000000000000000000000000000000000000000000000000000000000000000000000000000000000000000000000000000,010278,dial,Dial 3,120,"1,0,0,0","0,0,120,0"
2026-05-16T12:52:03.265,01027900000000000000000000000000000000000000000000000000000000000000000000000000000000000000000000000000000000000000000000000000,010279,dial,Dial 3,121,"1,0,0,0","0,0,121,0"
2026-05-16T12:52:03.265,01027a00000000000000000000000000000000000000000000000000000000000000000000000000000000000000000000000000000000000000000000000000,01027a,dial,Dial 3,122,"1,0,0,0","0,0,122,0"
2026-05-16T12:52:03.265,01027b00000000000000000000000000000000000000000000000000000000000000000000000000000000000000000000000000000000000000000000000000,01027b,dial,Dial 3,123,"1,0,0,0","0,0,123,0"
2026-05-16T12:52:03.265,01027c00000000000000000000000000000000000000000000000000000000000000000000000000000000000000000000000000000000000000000000000000,01027c,dial,Dial 3,124,"1,0,0,0","0,0,124,0"
2026-05-16T12:52:03.265,01027d00000000000000000000000000000000000000000000000000000000000000000000000000000000000000000000000000000000000000000000000000,01027d,dial,Dial 3,125,"1,0,0,0","0,0,125,0"
2026-05-16T12:52:03.265,01027e00000000000000000000000000000000000000000000000000000000000000000000000000000000000000000000000000000000000000000000000000,01027e,dial,Dial 3,126,"1,0,0,0","0,0,126,0"
2026-05-16T12:52:03.265,01027f00000000000000000000000000000000000000000000000000000000000000000000000000000000000000000000000000000000000000000000000000,01027f,dial,Dial 3,127,"1,0,0,0","0,0,127,0"
2026-05-16T12:52:03.366,01028000000000000000000000000000000000000000000000000000000000000000000000000000000000000000000000000000000000000000000000000000,010280,dial,Dial 3,128,"1,0,0,0","0,0,128,0"
2026-05-16T12:52:03.366,01028100000000000000000000000000000000000000000000000000000000000000000000000000000000000000000000000000000000000000000000000000,010281,dial,Dial 3,129,"1,0,0,0","0,0,129,0"
2026-05-16T12:52:03.366,01028200000000000000000000000000000000000000000000000000000000000000000000000000000000000000000000000000000000000000000000000000,010282,dial,Dial 3,130,"1,0,0,0","0,0,130,0"
2026-05-16T12:52:03.366,01028300000000000000000000000000000000000000000000000000000000000000000000000000000000000000000000000000000000000000000000000000,010283,dial,Dial 3,131,"1,0,0,0","0,0,131,0"
2026-05-16T12:52:03.366,01028400000000000000000000000000000000000000000000000000000000000000000000000000000000000000000000000000000000000000000000000000,010284,dial,Dial 3,132,"1,0,0,0","0,0,132,0"
2026-05-16T12:52:03.366,01028500000000000000000000000000000000000000000000000000000000000000000000000000000000000000000000000000000000000000000000000000,010285,dial,Dial 3,133,"1,0,0,0","0,0,133,0"
2026-05-16T12:52:03.366,01028600000000000000000000000000000000000000000000000000000000000000000000000000000000000000000000000000000000000000000000000000,010286,dial,Dial 3,134,"1,0,0,0","0,0,134,0"
2026-05-16T12:52:03.366,01028700000000000000000000000000000000000000000000000000000000000000000000000000000000000000000000000000000000000000000000000000,010287,dial,Dial 3,135,"1,0,0,0","0,0,135,0"
2026-05-16T12:52:03.366,01028800000000000000000000000000000000000000000000000000000000000000000000000000000000000000000000000000000000000000000000000000,010288,dial,Dial 3,136,"1,0,0,0","0,0,136,0"
2026-05-16T12:52:03.366,01028900000000000000000000000000000000000000000000000000000000000000000000000000000000000000000000000000000000000000000000000000,010289,dial,Dial 3,137,"1,0,0,0","0,0,137,0"
2026-05-16T12:52:03.366,01028a00000000000000000000000000000000000000000000000000000000000000000000000000000000000000000000000000000000000000000000000000,01028a,dial,Dial 3,138,"1,0,0,0","0,0,138,0"
2026-05-16T12:52:03.366,01028b00000000000000000000000000000000000000000000000000000000000000000000000000000000000000000000000000000000000000000000000000,01028b,dial,Dial 3,139,"1,0,0,0","0,0,139,0"
2026-05-16T12:52:03.366,01028c00000000000000000000000000000000000000000000000000000000000000000000000000000000000000000000000000000000000000000000000000,01028c,dial,Dial 3,140,"1,0,0,0","0,0,140,0"
2026-05-16T12:52:03.366,01028d00000000000000000000000000000000000000000000000000000000000000000000000000000000000000000000000000000000000000000000000000,01028d,dial,Dial 3,141,"1,0,0,0","0,0,141,0"
2026-05-16T12:52:03.366,01028e00000000000000000000000000000000000000000000000000000000000000000000000000000000000000000000000000000000000000000000000000,01028e,dial,Dial 3,142,"1,0,0,0","0,0,142,0"
2026-05-16T12:52:03.366,01028f00000000000000000000000000000000000000000000000000000000000000000000000000000000000000000000000000000000000000000000000000,01028f,dial,Dial 3,143,"1,0,0,0","0,0,143,0"
2026-05-16T12:52:03.366,01029000000000000000000000000000000000000000000000000000000000000000000000000000000000000000000000000000000000000000000000000000,010290,dial,Dial 3,144,"1,0,0,0","0,0,144,0"
2026-05-16T12:52:03.366,01029100000000000000000000000000000000000000000000000000000000000000000000000000000000000000000000000000000000000000000000000000,010291,dial,Dial 3,145,"1,0,0,0","0,0,145,0"
2026-05-16T12:52:03.366,01029200000000000000000000000000000000000000000000000000000000000000000000000000000000000000000000000000000000000000000000000000,010292,dial,Dial 3,146,"1,0,0,0","0,0,146,0"
2026-05-16T12:52:03.366,01029300000000000000000000000000000000000000000000000000000000000000000000000000000000000000000000000000000000000000000000000000,010293,dial,Dial 3,147,"1,0,0,0","0,0,147,0"
2026-05-16T12:52:03.666,01029400000000000000000000000000000000000000000000000000000000000000000000000000000000000000000000000000000000000000000000000000,010294,dial,Dial 3,148,"1,0,0,0","0,0,148,0"
2026-05-16T12:52:03.667,01029500000000000000000000000000000000000000000000000000000000000000000000000000000000000000000000000000000000000000000000000000,010295,dial,Dial 3,149,"1,0,0,0","0,0,149,0"
2026-05-16T12:52:03.667,01029600000000000000000000000000000000000000000000000000000000000000000000000000000000000000000000000000000000000000000000000000,010296,dial,Dial 3,150,"1,0,0,0","0,0,150,0"
2026-05-16T12:52:03.667,01029700000000000000000000000000000000000000000000000000000000000000000000000000000000000000000000000000000000000000000000000000,010297,dial,Dial 3,151,"1,0,0,0","0,0,151,0"
2026-05-16T12:52:03.667,01029800000000000000000000000000000000000000000000000000000000000000000000000000000000000000000000000000000000000000000000000000,010298,dial,Dial 3,152,"1,0,0,0","0,0,152,0"
2026-05-16T12:52:03.667,01029900000000000000000000000000000000000000000000000000000000000000000000000000000000000000000000000000000000000000000000000000,010299,dial,Dial 3,153,"1,0,0,0","0,0,153,0"
2026-05-16T12:52:03.667,01029a00000000000000000000000000000000000000000000000000000000000000000000000000000000000000000000000000000000000000000000000000,01029a,dial,Dial 3,154,"1,0,0,0","0,0,154,0"
2026-05-16T12:52:03.667,01029b00000000000000000000000000000000000000000000000000000000000000000000000000000000000000000000000000000000000000000000000000,01029b,dial,Dial 3,155,"1,0,0,0","0,0,155,0"
2026-05-16T12:52:03.667,01029c00000000000000000000000000000000000000000000000000000000000000000000000000000000000000000000000000000000000000000000000000,01029c,dial,Dial 3,156,"1,0,0,0","0,0,156,0"
2026-05-16T12:52:03.667,01029e00000000000000000000000000000000000000000000000000000000000000000000000000000000000000000000000000000000000000000000000000,01029e,dial,Dial 3,158,"1,0,0,0","0,0,158,0"
2026-05-16T12:52:03.667,01029f00000000000000000000000000000000000000000000000000000000000000000000000000000000000000000000000000000000000000000000000000,01029f,dial,Dial 3,159,"1,0,0,0","0,0,159,0"
2026-05-16T12:52:03.667,0102a100000000000000000000000000000000000000000000000000000000000000000000000000000000000000000000000000000000000000000000000000,0102a1,dial,Dial 3,161,"1,0,0,0","0,0,161,0"
2026-05-16T12:52:03.667,0102a200000000000000000000000000000000000000000000000000000000000000000000000000000000000000000000000000000000000000000000000000,0102a2,dial,Dial 3,162,"1,0,0,0","0,0,162,0"
2026-05-16T12:52:03.667,0102a300000000000000000000000000000000000000000000000000000000000000000000000000000000000000000000000000000000000000000000000000,0102a3,dial,Dial 3,163,"1,0,0,0","0,0,163,0"
2026-05-16T12:52:03.667,0102a500000000000000000000000000000000000000000000000000000000000000000000000000000000000000000000000000000000000000000000000000,0102a5,dial,Dial 3,165,"1,0,0,0","0,0,165,0"
2026-05-16T12:52:03.667,0102a700000000000000000000000000000000000000000000000000000000000000000000000000000000000000000000000000000000000000000000000000,0102a7,dial,Dial 3,167,"1,0,0,0","0,0,167,0"
2026-05-16T12:52:03.667,0102a800000000000000000000000000000000000000000000000000000000000000000000000000000000000000000000000000000000000000000000000000,0102a8,dial,Dial 3,168,"1,0,0,0","0,0,168,0"
2026-05-16T12:52:03.667,0102aa00000000000000000000000000000000000000000000000000000000000000000000000000000000000000000000000000000000000000000000000000,0102aa,dial,Dial 3,170,"1,0,0,0","0,0,170,0"
2026-05-16T12:52:03.667,0102ac00000000000000000000000000000000000000000000000000000000000000000000000000000000000000000000000000000000000000000000000000,0102ac,dial,Dial 3,172,"1,0,0,0","0,0,172,0"
2026-05-16T12:52:03.667,0102ae00000000000000000000000000000000000000000000000000000000000000000000000000000000000000000000000000000000000000000000000000,0102ae,dial,Dial 3,174,"1,0,0,0","0,0,174,0"
2026-05-16T12:52:03.667,0102b000000000000000000000000000000000000000000000000000000000000000000000000000000000000000000000000000000000000000000000000000,0102b0,dial,Dial 3,176,"1,0,0,0","0,0,176,0"
2026-05-16T12:52:03.667,0102b100000000000000000000000000000000000000000000000000000000000000000000000000000000000000000000000000000000000000000000000000,0102b1,dial,Dial 3,177,"1,0,0,0","0,0,177,0"
2026-05-16T12:52:03.667,0102b300000000000000000000000000000000000000000000000000000000000000000000000000000000000000000000000000000000000000000000000000,0102b3,dial,Dial 3,179,"1,0,0,0","0,0,179,0"
2026-05-16T12:52:03.667,0102b500000000000000000000000000000000000000000000000000000000000000000000000000000000000000000000000000000000000000000000000000,0102b5,dial,Dial 3,181,"1,0,0,0","0,0,181,0"
2026-05-16T12:52:03.667,0102b700000000000000000000000000000000000000000000000000000000000000000000000000000000000000000000000000000000000000000000000000,0102b7,dial,Dial 3,183,"1,0,0,0","0,0,183,0"
2026-05-16T12:52:03.667,0102b900000000000000000000000000000000000000000000000000000000000000000000000000000000000000000000000000000000000000000000000000,0102b9,dial,Dial 3,185,"1,0,0,0","0,0,185,0"
2026-05-16T12:52:03.667,0102bb00000000000000000000000000000000000000000000000000000000000000000000000000000000000000000000000000000000000000000000000000,0102bb,dial,Dial 3,187,"1,0,0,0","0,0,187,0"
2026-05-16T12:52:03.667,0102bd00000000000000000000000000000000000000000000000000000000000000000000000000000000000000000000000000000000000000000000000000,0102bd,dial,Dial 3,189,"1,0,0,0","0,0,189,0"
2026-05-16T12:52:03.667,0102bf00000000000000000000000000000000000000000000000000000000000000000000000000000000000000000000000000000000000000000000000000,0102bf,dial,Dial 3,191,"1,0,0,0","0,0,191,0"
2026-05-16T12:52:03.667,0102c100000000000000000000000000000000000000000000000000000000000000000000000000000000000000000000000000000000000000000000000000,0102c1,dial,Dial 3,193,"1,0,0,0","0,0,193,0"
2026-05-16T12:52:03.667,0102c300000000000000000000000000000000000000000000000000000000000000000000000000000000000000000000000000000000000000000000000000,0102c3,dial,Dial 3,195,"1,0,0,0","0,0,195,0"
2026-05-16T12:52:03.667,0102c400000000000000000000000000000000000000000000000000000000000000000000000000000000000000000000000000000000000000000000000000,0102c4,dial,Dial 3,196,"1,0,0,0","0,0,196,0"
2026-05-16T12:52:03.667,0102c600000000000000000000000000000000000000000000000000000000000000000000000000000000000000000000000000000000000000000000000000,0102c6,dial,Dial 3,198,"1,0,0,0","0,0,198,0"
2026-05-16T12:52:03.667,0102c700000000000000000000000000000000000000000000000000000000000000000000000000000000000000000000000000000000000000000000000000,0102c7,dial,Dial 3,199,"1,0,0,0","0,0,199,0"
2026-05-16T12:52:03.667,0102c900000000000000000000000000000000000000000000000000000000000000000000000000000000000000000000000000000000000000000000000000,0102c9,dial,Dial 3,201,"1,0,0,0","0,0,201,0"
2026-05-16T12:52:03.667,0102cc00000000000000000000000000000000000000000000000000000000000000000000000000000000000000000000000000000000000000000000000000,0102cc,dial,Dial 3,204,"1,0,0,0","0,0,204,0"
2026-05-16T12:52:03.767,0102cd00000000000000000000000000000000000000000000000000000000000000000000000000000000000000000000000000000000000000000000000000,0102cd,dial,Dial 3,205,"1,0,0,0","0,0,205,0"
2026-05-16T12:52:03.768,0102ce00000000000000000000000000000000000000000000000000000000000000000000000000000000000000000000000000000000000000000000000000,0102ce,dial,Dial 3,206,"1,0,0,0","0,0,206,0"
2026-05-16T12:52:03.768,0102d000000000000000000000000000000000000000000000000000000000000000000000000000000000000000000000000000000000000000000000000000,0102d0,dial,Dial 3,208,"1,0,0,0","0,0,208,0"
2026-05-16T12:52:03.768,0102d200000000000000000000000000000000000000000000000000000000000000000000000000000000000000000000000000000000000000000000000000,0102d2,dial,Dial 3,210,"1,0,0,0","0,0,210,0"
2026-05-16T12:52:03.768,0102d400000000000000000000000000000000000000000000000000000000000000000000000000000000000000000000000000000000000000000000000000,0102d4,dial,Dial 3,212,"1,0,0,0","0,0,212,0"
2026-05-16T12:52:03.768,0102d500000000000000000000000000000000000000000000000000000000000000000000000000000000000000000000000000000000000000000000000000,0102d5,dial,Dial 3,213,"1,0,0,0","0,0,213,0"
2026-05-16T12:52:03.768,0102d700000000000000000000000000000000000000000000000000000000000000000000000000000000000000000000000000000000000000000000000000,0102d7,dial,Dial 3,215,"1,0,0,0","0,0,215,0"
2026-05-16T12:52:03.768,0102d900000000000000000000000000000000000000000000000000000000000000000000000000000000000000000000000000000000000000000000000000,0102d9,dial,Dial 3,217,"1,0,0,0","0,0,217,0"
2026-05-16T12:52:03.768,0102da00000000000000000000000000000000000000000000000000000000000000000000000000000000000000000000000000000000000000000000000000,0102da,dial,Dial 3,218,"1,0,0,0","0,0,218,0"
2026-05-16T12:52:03.768,0102dc00000000000000000000000000000000000000000000000000000000000000000000000000000000000000000000000000000000000000000000000000,0102dc,dial,Dial 3,220,"1,0,0,0","0,0,220,0"
2026-05-16T12:52:03.768,0102de00000000000000000000000000000000000000000000000000000000000000000000000000000000000000000000000000000000000000000000000000,0102de,dial,Dial 3,222,"1,0,0,0","0,0,222,0"
2026-05-16T12:52:03.768,0102df00000000000000000000000000000000000000000000000000000000000000000000000000000000000000000000000000000000000000000000000000,0102df,dial,Dial 3,223,"1,0,0,0","0,0,223,0"
2026-05-16T12:52:03.768,0102e000000000000000000000000000000000000000000000000000000000000000000000000000000000000000000000000000000000000000000000000000,0102e0,dial,Dial 3,224,"1,0,0,0","0,0,224,0"
2026-05-16T12:52:03.768,0102e100000000000000000000000000000000000000000000000000000000000000000000000000000000000000000000000000000000000000000000000000,0102e1,dial,Dial 3,225,"1,0,0,0","0,0,225,0"
2026-05-16T12:52:03.768,0102e300000000000000000000000000000000000000000000000000000000000000000000000000000000000000000000000000000000000000000000000000,0102e3,dial,Dial 3,227,"1,0,0,0","0,0,227,0"
2026-05-16T12:52:03.768,0102e400000000000000000000000000000000000000000000000000000000000000000000000000000000000000000000000000000000000000000000000000,0102e4,dial,Dial 3,228,"1,0,0,0","0,0,228,0"
2026-05-16T12:52:03.768,0102e500000000000000000000000000000000000000000000000000000000000000000000000000000000000000000000000000000000000000000000000000,0102e5,dial,Dial 3,229,"1,0,0,0","0,0,229,0"
2026-05-16T12:52:03.768,0102e600000000000000000000000000000000000000000000000000000000000000000000000000000000000000000000000000000000000000000000000000,0102e6,dial,Dial 3,230,"1,0,0,0","0,0,230,0"
2026-05-16T12:52:03.768,0102e800000000000000000000000000000000000000000000000000000000000000000000000000000000000000000000000000000000000000000000000000,0102e8,dial,Dial 3,232,"1,0,0,0","0,0,232,0"
2026-05-16T12:52:03.768,0102e900000000000000000000000000000000000000000000000000000000000000000000000000000000000000000000000000000000000000000000000000,0102e9,dial,Dial 3,233,"1,0,0,0","0,0,233,0"
2026-05-16T12:52:03.768,0102eb00000000000000000000000000000000000000000000000000000000000000000000000000000000000000000000000000000000000000000000000000,0102eb,dial,Dial 3,235,"1,0,0,0","0,0,235,0"
2026-05-16T12:52:03.768,0102ec00000000000000000000000000000000000000000000000000000000000000000000000000000000000000000000000000000000000000000000000000,0102ec,dial,Dial 3,236,"1,0,0,0","0,0,236,0"
2026-05-16T12:52:03.768,0102ed00000000000000000000000000000000000000000000000000000000000000000000000000000000000000000000000000000000000000000000000000,0102ed,dial,Dial 3,237,"1,0,0,0","0,0,237,0"
2026-05-16T12:52:03.768,0102ee00000000000000000000000000000000000000000000000000000000000000000000000000000000000000000000000000000000000000000000000000,0102ee,dial,Dial 3,238,"1,0,0,0","0,0,238,0"
2026-05-16T12:52:03.768,0102ef00000000000000000000000000000000000000000000000000000000000000000000000000000000000000000000000000000000000000000000000000,0102ef,dial,Dial 3,239,"1,0,0,0","0,0,239,0"
2026-05-16T12:52:03.768,0102f100000000000000000000000000000000000000000000000000000000000000000000000000000000000000000000000000000000000000000000000000,0102f1,dial,Dial 3,241,"1,0,0,0","0,0,241,0"
2026-05-16T12:52:03.768,0102f200000000000000000000000000000000000000000000000000000000000000000000000000000000000000000000000000000000000000000000000000,0102f2,dial,Dial 3,242,"1,0,0,0","0,0,242,0"
2026-05-16T12:52:03.768,0102f300000000000000000000000000000000000000000000000000000000000000000000000000000000000000000000000000000000000000000000000000,0102f3,dial,Dial 3,243,"1,0,0,0","0,0,243,0"
2026-05-16T12:52:03.768,0102f400000000000000000000000000000000000000000000000000000000000000000000000000000000000000000000000000000000000000000000000000,0102f4,dial,Dial 3,244,"1,0,0,0","0,0,244,0"
2026-05-16T12:52:03.768,0102f500000000000000000000000000000000000000000000000000000000000000000000000000000000000000000000000000000000000000000000000000,0102f5,dial,Dial 3,245,"1,0,0,0","0,0,245,0"
2026-05-16T12:52:03.768,0102f600000000000000000000000000000000000000000000000000000000000000000000000000000000000000000000000000000000000000000000000000,0102f6,dial,Dial 3,246,"1,0,0,0","0,0,246,0"
2026-05-16T12:52:03.768,0102f700000000000000000000000000000000000000000000000000000000000000000000000000000000000000000000000000000000000000000000000000,0102f7,dial,Dial 3,247,"1,0,0,0","0,0,247,0"
2026-05-16T12:52:03.768,0102f800000000000000000000000000000000000000000000000000000000000000000000000000000000000000000000000000000000000000000000000000,0102f8,dial,Dial 3,248,"1,0,0,0","0,0,248,0"
2026-05-16T12:52:03.768,0102f900000000000000000000000000000000000000000000000000000000000000000000000000000000000000000000000000000000000000000000000000,0102f9,dial,Dial 3,249,"1,0,0,0","0,0,249,0"
2026-05-16T12:52:03.768,0102fa00000000000000000000000000000000000000000000000000000000000000000000000000000000000000000000000000000000000000000000000000,0102fa,dial,Dial 3,250,"1,0,0,0","0,0,250,0"
2026-05-16T12:52:03.768,0102fb00000000000000000000000000000000000000000000000000000000000000000000000000000000000000000000000000000000000000000000000000,0102fb,dial,Dial 3,251,"1,0,0,0","0,0,251,0"
2026-05-16T12:52:03.768,0102fc00000000000000000000000000000000000000000000000000000000000000000000000000000000000000000000000000000000000000000000000000,0102fc,dial,Dial 3,252,"1,0,0,0","0,0,252,0"
2026-05-16T12:52:04.069,0102fd00000000000000000000000000000000000000000000000000000000000000000000000000000000000000000000000000000000000000000000000000,0102fd,dial,Dial 3,253,"1,0,0,0","0,0,253,0"
2026-05-16T12:52:04.069,0102fe00000000000000000000000000000000000000000000000000000000000000000000000000000000000000000000000000000000000000000000000000,0102fe,dial,Dial 3,254,"1,0,0,0","0,0,254,0"
2026-05-16T12:52:04.069,0102ff00000000000000000000000000000000000000000000000000000000000000000000000000000000000000000000000000000000000000000000000000,0102ff,dial,Dial 3,255,"1,0,0,0","0,0,255,0"
2026-05-16T12:52:04.670,0102fe00000000000000000000000000000000000000000000000000000000000000000000000000000000000000000000000000000000000000000000000000,0102fe,dial,Dial 3,254,"1,0,0,0","0,0,254,0"
2026-05-16T12:52:04.670,0102fd00000000000000000000000000000000000000000000000000000000000000000000000000000000000000000000000000000000000000000000000000,0102fd,dial,Dial 3,253,"1,0,0,0","0,0,253,0"
2026-05-16T12:52:04.670,0102fb00000000000000000000000000000000000000000000000000000000000000000000000000000000000000000000000000000000000000000000000000,0102fb,dial,Dial 3,251,"1,0,0,0","0,0,251,0"
2026-05-16T12:52:04.670,0102f900000000000000000000000000000000000000000000000000000000000000000000000000000000000000000000000000000000000000000000000000,0102f9,dial,Dial 3,249,"1,0,0,0","0,0,249,0"
2026-05-16T12:52:04.670,0102f800000000000000000000000000000000000000000000000000000000000000000000000000000000000000000000000000000000000000000000000000,0102f8,dial,Dial 3,248,"1,0,0,0","0,0,248,0"
2026-05-16T12:52:04.670,0102f700000000000000000000000000000000000000000000000000000000000000000000000000000000000000000000000000000000000000000000000000,0102f7,dial,Dial 3,247,"1,0,0,0","0,0,247,0"
2026-05-16T12:52:04.670,0102f600000000000000000000000000000000000000000000000000000000000000000000000000000000000000000000000000000000000000000000000000,0102f6,dial,Dial 3,246,"1,0,0,0","0,0,246,0"
2026-05-16T12:52:04.670,0102f400000000000000000000000000000000000000000000000000000000000000000000000000000000000000000000000000000000000000000000000000,0102f4,dial,Dial 3,244,"1,0,0,0","0,0,244,0"
2026-05-16T12:52:04.670,0102f300000000000000000000000000000000000000000000000000000000000000000000000000000000000000000000000000000000000000000000000000,0102f3,dial,Dial 3,243,"1,0,0,0","0,0,243,0"
2026-05-16T12:52:04.670,0102f100000000000000000000000000000000000000000000000000000000000000000000000000000000000000000000000000000000000000000000000000,0102f1,dial,Dial 3,241,"1,0,0,0","0,0,241,0"
2026-05-16T12:52:04.670,0102f000000000000000000000000000000000000000000000000000000000000000000000000000000000000000000000000000000000000000000000000000,0102f0,dial,Dial 3,240,"1,0,0,0","0,0,240,0"
2026-05-16T12:52:04.670,0102ee00000000000000000000000000000000000000000000000000000000000000000000000000000000000000000000000000000000000000000000000000,0102ee,dial,Dial 3,238,"1,0,0,0","0,0,238,0"
2026-05-16T12:52:04.670,0102ed00000000000000000000000000000000000000000000000000000000000000000000000000000000000000000000000000000000000000000000000000,0102ed,dial,Dial 3,237,"1,0,0,0","0,0,237,0"
2026-05-16T12:52:04.670,0102eb00000000000000000000000000000000000000000000000000000000000000000000000000000000000000000000000000000000000000000000000000,0102eb,dial,Dial 3,235,"1,0,0,0","0,0,235,0"
2026-05-16T12:52:04.670,0102e900000000000000000000000000000000000000000000000000000000000000000000000000000000000000000000000000000000000000000000000000,0102e9,dial,Dial 3,233,"1,0,0,0","0,0,233,0"
2026-05-16T12:52:04.670,0102e700000000000000000000000000000000000000000000000000000000000000000000000000000000000000000000000000000000000000000000000000,0102e7,dial,Dial 3,231,"1,0,0,0","0,0,231,0"
2026-05-16T12:52:04.670,0102e500000000000000000000000000000000000000000000000000000000000000000000000000000000000000000000000000000000000000000000000000,0102e5,dial,Dial 3,229,"1,0,0,0","0,0,229,0"
2026-05-16T12:52:04.670,0102e400000000000000000000000000000000000000000000000000000000000000000000000000000000000000000000000000000000000000000000000000,0102e4,dial,Dial 3,228,"1,0,0,0","0,0,228,0"
2026-05-16T12:52:04.670,0102e200000000000000000000000000000000000000000000000000000000000000000000000000000000000000000000000000000000000000000000000000,0102e2,dial,Dial 3,226,"1,0,0,0","0,0,226,0"
2026-05-16T12:52:04.670,0102e000000000000000000000000000000000000000000000000000000000000000000000000000000000000000000000000000000000000000000000000000,0102e0,dial,Dial 3,224,"1,0,0,0","0,0,224,0"
2026-05-16T12:52:04.670,0102de00000000000000000000000000000000000000000000000000000000000000000000000000000000000000000000000000000000000000000000000000,0102de,dial,Dial 3,222,"1,0,0,0","0,0,222,0"
2026-05-16T12:52:04.670,0102dc00000000000000000000000000000000000000000000000000000000000000000000000000000000000000000000000000000000000000000000000000,0102dc,dial,Dial 3,220,"1,0,0,0","0,0,220,0"
2026-05-16T12:52:04.670,0102da00000000000000000000000000000000000000000000000000000000000000000000000000000000000000000000000000000000000000000000000000,0102da,dial,Dial 3,218,"1,0,0,0","0,0,218,0"
2026-05-16T12:52:04.670,0102d800000000000000000000000000000000000000000000000000000000000000000000000000000000000000000000000000000000000000000000000000,0102d8,dial,Dial 3,216,"1,0,0,0","0,0,216,0"
2026-05-16T12:52:04.670,0102d500000000000000000000000000000000000000000000000000000000000000000000000000000000000000000000000000000000000000000000000000,0102d5,dial,Dial 3,213,"1,0,0,0","0,0,213,0"
2026-05-16T12:52:04.670,0102d200000000000000000000000000000000000000000000000000000000000000000000000000000000000000000000000000000000000000000000000000,0102d2,dial,Dial 3,210,"1,0,0,0","0,0,210,0"
2026-05-16T12:52:04.670,0102d000000000000000000000000000000000000000000000000000000000000000000000000000000000000000000000000000000000000000000000000000,0102d0,dial,Dial 3,208,"1,0,0,0","0,0,208,0"
2026-05-16T12:52:04.670,0102cd00000000000000000000000000000000000000000000000000000000000000000000000000000000000000000000000000000000000000000000000000,0102cd,dial,Dial 3,205,"1,0,0,0","0,0,205,0"
2026-05-16T12:52:04.670,0102cb00000000000000000000000000000000000000000000000000000000000000000000000000000000000000000000000000000000000000000000000000,0102cb,dial,Dial 3,203,"1,0,0,0","0,0,203,0"
2026-05-16T12:52:04.771,0102c800000000000000000000000000000000000000000000000000000000000000000000000000000000000000000000000000000000000000000000000000,0102c8,dial,Dial 3,200,"1,0,0,0","0,0,200,0"
2026-05-16T12:52:04.771,0102c500000000000000000000000000000000000000000000000000000000000000000000000000000000000000000000000000000000000000000000000000,0102c5,dial,Dial 3,197,"1,0,0,0","0,0,197,0"
2026-05-16T12:52:04.771,0102c300000000000000000000000000000000000000000000000000000000000000000000000000000000000000000000000000000000000000000000000000,0102c3,dial,Dial 3,195,"1,0,0,0","0,0,195,0"
2026-05-16T12:52:04.771,0102c100000000000000000000000000000000000000000000000000000000000000000000000000000000000000000000000000000000000000000000000000,0102c1,dial,Dial 3,193,"1,0,0,0","0,0,193,0"
2026-05-16T12:52:04.771,0102be00000000000000000000000000000000000000000000000000000000000000000000000000000000000000000000000000000000000000000000000000,0102be,dial,Dial 3,190,"1,0,0,0","0,0,190,0"
2026-05-16T12:52:04.771,0102bb00000000000000000000000000000000000000000000000000000000000000000000000000000000000000000000000000000000000000000000000000,0102bb,dial,Dial 3,187,"1,0,0,0","0,0,187,0"
2026-05-16T12:52:04.771,0102b900000000000000000000000000000000000000000000000000000000000000000000000000000000000000000000000000000000000000000000000000,0102b9,dial,Dial 3,185,"1,0,0,0","0,0,185,0"
2026-05-16T12:52:04.771,0102b600000000000000000000000000000000000000000000000000000000000000000000000000000000000000000000000000000000000000000000000000,0102b6,dial,Dial 3,182,"1,0,0,0","0,0,182,0"
2026-05-16T12:52:04.771,0102b300000000000000000000000000000000000000000000000000000000000000000000000000000000000000000000000000000000000000000000000000,0102b3,dial,Dial 3,179,"1,0,0,0","0,0,179,0"
2026-05-16T12:52:04.771,0102b000000000000000000000000000000000000000000000000000000000000000000000000000000000000000000000000000000000000000000000000000,0102b0,dial,Dial 3,176,"1,0,0,0","0,0,176,0"
2026-05-16T12:52:04.771,0102ae00000000000000000000000000000000000000000000000000000000000000000000000000000000000000000000000000000000000000000000000000,0102ae,dial,Dial 3,174,"1,0,0,0","0,0,174,0"
2026-05-16T12:52:04.771,0102ac00000000000000000000000000000000000000000000000000000000000000000000000000000000000000000000000000000000000000000000000000,0102ac,dial,Dial 3,172,"1,0,0,0","0,0,172,0"
2026-05-16T12:52:04.771,0102a900000000000000000000000000000000000000000000000000000000000000000000000000000000000000000000000000000000000000000000000000,0102a9,dial,Dial 3,169,"1,0,0,0","0,0,169,0"
2026-05-16T12:52:04.771,0102a700000000000000000000000000000000000000000000000000000000000000000000000000000000000000000000000000000000000000000000000000,0102a7,dial,Dial 3,167,"1,0,0,0","0,0,167,0"
2026-05-16T12:52:04.771,0102a500000000000000000000000000000000000000000000000000000000000000000000000000000000000000000000000000000000000000000000000000,0102a5,dial,Dial 3,165,"1,0,0,0","0,0,165,0"
2026-05-16T12:52:04.771,0102a300000000000000000000000000000000000000000000000000000000000000000000000000000000000000000000000000000000000000000000000000,0102a3,dial,Dial 3,163,"1,0,0,0","0,0,163,0"
2026-05-16T12:52:04.771,0102a100000000000000000000000000000000000000000000000000000000000000000000000000000000000000000000000000000000000000000000000000,0102a1,dial,Dial 3,161,"1,0,0,0","0,0,161,0"
2026-05-16T12:52:04.771,0102a000000000000000000000000000000000000000000000000000000000000000000000000000000000000000000000000000000000000000000000000000,0102a0,dial,Dial 3,160,"1,0,0,0","0,0,160,0"
2026-05-16T12:52:04.771,01029e00000000000000000000000000000000000000000000000000000000000000000000000000000000000000000000000000000000000000000000000000,01029e,dial,Dial 3,158,"1,0,0,0","0,0,158,0"
2026-05-16T12:52:04.771,01029b00000000000000000000000000000000000000000000000000000000000000000000000000000000000000000000000000000000000000000000000000,01029b,dial,Dial 3,155,"1,0,0,0","0,0,155,0"
2026-05-16T12:52:04.771,01029a00000000000000000000000000000000000000000000000000000000000000000000000000000000000000000000000000000000000000000000000000,01029a,dial,Dial 3,154,"1,0,0,0","0,0,154,0"
2026-05-16T12:52:04.771,01029800000000000000000000000000000000000000000000000000000000000000000000000000000000000000000000000000000000000000000000000000,010298,dial,Dial 3,152,"1,0,0,0","0,0,152,0"
2026-05-16T12:52:04.771,01029600000000000000000000000000000000000000000000000000000000000000000000000000000000000000000000000000000000000000000000000000,010296,dial,Dial 3,150,"1,0,0,0","0,0,150,0"
2026-05-16T12:52:04.771,01029500000000000000000000000000000000000000000000000000000000000000000000000000000000000000000000000000000000000000000000000000,010295,dial,Dial 3,149,"1,0,0,0","0,0,149,0"
2026-05-16T12:52:04.771,01029300000000000000000000000000000000000000000000000000000000000000000000000000000000000000000000000000000000000000000000000000,010293,dial,Dial 3,147,"1,0,0,0","0,0,147,0"
2026-05-16T12:52:04.771,01029100000000000000000000000000000000000000000000000000000000000000000000000000000000000000000000000000000000000000000000000000,010291,dial,Dial 3,145,"1,0,0,0","0,0,145,0"
2026-05-16T12:52:04.771,01029000000000000000000000000000000000000000000000000000000000000000000000000000000000000000000000000000000000000000000000000000,010290,dial,Dial 3,144,"1,0,0,0","0,0,144,0"
2026-05-16T12:52:04.771,01028f00000000000000000000000000000000000000000000000000000000000000000000000000000000000000000000000000000000000000000000000000,01028f,dial,Dial 3,143,"1,0,0,0","0,0,143,0"
2026-05-16T12:52:04.771,01028d00000000000000000000000000000000000000000000000000000000000000000000000000000000000000000000000000000000000000000000000000,01028d,dial,Dial 3,141,"1,0,0,0","0,0,141,0"
2026-05-16T12:52:04.771,01028c00000000000000000000000000000000000000000000000000000000000000000000000000000000000000000000000000000000000000000000000000,01028c,dial,Dial 3,140,"1,0,0,0","0,0,140,0"
2026-05-16T12:52:04.771,01028b00000000000000000000000000000000000000000000000000000000000000000000000000000000000000000000000000000000000000000000000000,01028b,dial,Dial 3,139,"1,0,0,0","0,0,139,0"
2026-05-16T12:52:04.771,01028a00000000000000000000000000000000000000000000000000000000000000000000000000000000000000000000000000000000000000000000000000,01028a,dial,Dial 3,138,"1,0,0,0","0,0,138,0"
2026-05-16T12:52:04.771,01028900000000000000000000000000000000000000000000000000000000000000000000000000000000000000000000000000000000000000000000000000,010289,dial,Dial 3,137,"1,0,0,0","0,0,137,0"
2026-05-16T12:52:04.771,01028800000000000000000000000000000000000000000000000000000000000000000000000000000000000000000000000000000000000000000000000000,010288,dial,Dial 3,136,"1,0,0,0","0,0,136,0"
2026-05-16T12:52:04.771,01028700000000000000000000000000000000000000000000000000000000000000000000000000000000000000000000000000000000000000000000000000,010287,dial,Dial 3,135,"1,0,0,0","0,0,135,0"
2026-05-16T12:52:04.771,01028600000000000000000000000000000000000000000000000000000000000000000000000000000000000000000000000000000000000000000000000000,010286,dial,Dial 3,134,"1,0,0,0","0,0,134,0"
2026-05-16T12:52:04.771,01028500000000000000000000000000000000000000000000000000000000000000000000000000000000000000000000000000000000000000000000000000,010285,dial,Dial 3,133,"1,0,0,0","0,0,133,0"
2026-05-16T12:52:04.771,01028400000000000000000000000000000000000000000000000000000000000000000000000000000000000000000000000000000000000000000000000000,010284,dial,Dial 3,132,"1,0,0,0","0,0,132,0"
2026-05-16T12:52:04.771,01028300000000000000000000000000000000000000000000000000000000000000000000000000000000000000000000000000000000000000000000000000,010283,dial,Dial 3,131,"1,0,0,0","0,0,131,0"
2026-05-16T12:52:04.771,01028200000000000000000000000000000000000000000000000000000000000000000000000000000000000000000000000000000000000000000000000000,010282,dial,Dial 3,130,"1,0,0,0","0,0,130,0"
2026-05-16T12:52:05.172,01028100000000000000000000000000000000000000000000000000000000000000000000000000000000000000000000000000000000000000000000000000,010281,dial,Dial 3,129,"1,0,0,0","0,0,129,0"
2026-05-16T12:52:05.172,01028000000000000000000000000000000000000000000000000000000000000000000000000000000000000000000000000000000000000000000000000000,010280,dial,Dial 3,128,"1,0,0,0","0,0,128,0"
2026-05-16T12:52:05.172,01027f00000000000000000000000000000000000000000000000000000000000000000000000000000000000000000000000000000000000000000000000000,01027f,dial,Dial 3,127,"1,0,0,0","0,0,127,0"
2026-05-16T12:52:05.172,01027e00000000000000000000000000000000000000000000000000000000000000000000000000000000000000000000000000000000000000000000000000,01027e,dial,Dial 3,126,"1,0,0,0","0,0,126,0"
2026-05-16T12:52:05.172,01027d00000000000000000000000000000000000000000000000000000000000000000000000000000000000000000000000000000000000000000000000000,01027d,dial,Dial 3,125,"1,0,0,0","0,0,125,0"
2026-05-16T12:52:05.172,01027c00000000000000000000000000000000000000000000000000000000000000000000000000000000000000000000000000000000000000000000000000,01027c,dial,Dial 3,124,"1,0,0,0","0,0,124,0"
2026-05-16T12:52:05.172,01027b00000000000000000000000000000000000000000000000000000000000000000000000000000000000000000000000000000000000000000000000000,01027b,dial,Dial 3,123,"1,0,0,0","0,0,123,0"
2026-05-16T12:52:05.172,01027a00000000000000000000000000000000000000000000000000000000000000000000000000000000000000000000000000000000000000000000000000,01027a,dial,Dial 3,122,"1,0,0,0","0,0,122,0"
2026-05-16T12:52:05.172,01027900000000000000000000000000000000000000000000000000000000000000000000000000000000000000000000000000000000000000000000000000,010279,dial,Dial 3,121,"1,0,0,0","0,0,121,0"
2026-05-16T12:52:05.172,01027800000000000000000000000000000000000000000000000000000000000000000000000000000000000000000000000000000000000000000000000000,010278,dial,Dial 3,120,"1,0,0,0","0,0,120,0"
2026-05-16T12:52:05.172,01027600000000000000000000000000000000000000000000000000000000000000000000000000000000000000000000000000000000000000000000000000,010276,dial,Dial 3,118,"1,0,0,0","0,0,118,0"
2026-05-16T12:52:05.172,01027500000000000000000000000000000000000000000000000000000000000000000000000000000000000000000000000000000000000000000000000000,010275,dial,Dial 3,117,"1,0,0,0","0,0,117,0"
2026-05-16T12:52:05.172,01027200000000000000000000000000000000000000000000000000000000000000000000000000000000000000000000000000000000000000000000000000,010272,dial,Dial 3,114,"1,0,0,0","0,0,114,0"
2026-05-16T12:52:05.172,01027100000000000000000000000000000000000000000000000000000000000000000000000000000000000000000000000000000000000000000000000000,010271,dial,Dial 3,113,"1,0,0,0","0,0,113,0"
2026-05-16T12:52:05.172,01026f00000000000000000000000000000000000000000000000000000000000000000000000000000000000000000000000000000000000000000000000000,01026f,dial,Dial 3,111,"1,0,0,0","0,0,111,0"
2026-05-16T12:52:05.172,01026d00000000000000000000000000000000000000000000000000000000000000000000000000000000000000000000000000000000000000000000000000,01026d,dial,Dial 3,109,"1,0,0,0","0,0,109,0"
2026-05-16T12:52:05.172,01026c00000000000000000000000000000000000000000000000000000000000000000000000000000000000000000000000000000000000000000000000000,01026c,dial,Dial 3,108,"1,0,0,0","0,0,108,0"
2026-05-16T12:52:05.172,01026900000000000000000000000000000000000000000000000000000000000000000000000000000000000000000000000000000000000000000000000000,010269,dial,Dial 3,105,"1,0,0,0","0,0,105,0"
2026-05-16T12:52:05.172,01026700000000000000000000000000000000000000000000000000000000000000000000000000000000000000000000000000000000000000000000000000,010267,dial,Dial 3,103,"1,0,0,0","0,0,103,0"
2026-05-16T12:52:05.172,01026500000000000000000000000000000000000000000000000000000000000000000000000000000000000000000000000000000000000000000000000000,010265,dial,Dial 3,101,"1,0,0,0","0,0,101,0"
2026-05-16T12:52:05.172,01026300000000000000000000000000000000000000000000000000000000000000000000000000000000000000000000000000000000000000000000000000,010263,dial,Dial 3,99,"1,0,0,0","0,0,99,0"
2026-05-16T12:52:05.172,01026100000000000000000000000000000000000000000000000000000000000000000000000000000000000000000000000000000000000000000000000000,010261,dial,Dial 3,97,"1,0,0,0","0,0,97,0"
2026-05-16T12:52:05.172,01025f00000000000000000000000000000000000000000000000000000000000000000000000000000000000000000000000000000000000000000000000000,01025f,dial,Dial 3,95,"1,0,0,0","0,0,95,0"
2026-05-16T12:52:05.172,01025c00000000000000000000000000000000000000000000000000000000000000000000000000000000000000000000000000000000000000000000000000,01025c,dial,Dial 3,92,"1,0,0,0","0,0,92,0"
2026-05-16T12:52:05.172,01025a00000000000000000000000000000000000000000000000000000000000000000000000000000000000000000000000000000000000000000000000000,01025a,dial,Dial 3,90,"1,0,0,0","0,0,90,0"
2026-05-16T12:52:05.173,01025700000000000000000000000000000000000000000000000000000000000000000000000000000000000000000000000000000000000000000000000000,010257,dial,Dial 3,87,"1,0,0,0","0,0,87,0"
2026-05-16T12:52:05.173,01025400000000000000000000000000000000000000000000000000000000000000000000000000000000000000000000000000000000000000000000000000,010254,dial,Dial 3,84,"1,0,0,0","0,0,84,0"
2026-05-16T12:52:05.173,01025100000000000000000000000000000000000000000000000000000000000000000000000000000000000000000000000000000000000000000000000000,010251,dial,Dial 3,81,"1,0,0,0","0,0,81,0"
2026-05-16T12:52:05.173,01024e00000000000000000000000000000000000000000000000000000000000000000000000000000000000000000000000000000000000000000000000000,01024e,dial,Dial 3,78,"1,0,0,0","0,0,78,0"
2026-05-16T12:52:05.173,01024b00000000000000000000000000000000000000000000000000000000000000000000000000000000000000000000000000000000000000000000000000,01024b,dial,Dial 3,75,"1,0,0,0","0,0,75,0"
2026-05-16T12:52:05.173,01024800000000000000000000000000000000000000000000000000000000000000000000000000000000000000000000000000000000000000000000000000,010248,dial,Dial 3,72,"1,0,0,0","0,0,72,0"
2026-05-16T12:52:05.173,01024500000000000000000000000000000000000000000000000000000000000000000000000000000000000000000000000000000000000000000000000000,010245,dial,Dial 3,69,"1,0,0,0","0,0,69,0"
2026-05-16T12:52:05.173,01024200000000000000000000000000000000000000000000000000000000000000000000000000000000000000000000000000000000000000000000000000,010242,dial,Dial 3,66,"1,0,0,0","0,0,66,0"
2026-05-16T12:52:05.173,01024000000000000000000000000000000000000000000000000000000000000000000000000000000000000000000000000000000000000000000000000000,010240,dial,Dial 3,64,"1,0,0,0","0,0,64,0"
2026-05-16T12:52:05.173,01023d00000000000000000000000000000000000000000000000000000000000000000000000000000000000000000000000000000000000000000000000000,01023d,dial,Dial 3,61,"1,0,0,0","0,0,61,0"
2026-05-16T12:52:05.173,01023b00000000000000000000000000000000000000000000000000000000000000000000000000000000000000000000000000000000000000000000000000,01023b,dial,Dial 3,59,"1,0,0,0","0,0,59,0"
2026-05-16T12:52:05.273,01023900000000000000000000000000000000000000000000000000000000000000000000000000000000000000000000000000000000000000000000000000,010239,dial,Dial 3,57,"1,0,0,0","0,0,57,0"
2026-05-16T12:52:05.273,01023800000000000000000000000000000000000000000000000000000000000000000000000000000000000000000000000000000000000000000000000000,010238,dial,Dial 3,56,"1,0,0,0","0,0,56,0"
2026-05-16T12:52:05.273,01023500000000000000000000000000000000000000000000000000000000000000000000000000000000000000000000000000000000000000000000000000,010235,dial,Dial 3,53,"1,0,0,0","0,0,53,0"
2026-05-16T12:52:05.273,01023400000000000000000000000000000000000000000000000000000000000000000000000000000000000000000000000000000000000000000000000000,010234,dial,Dial 3,52,"1,0,0,0","0,0,52,0"
2026-05-16T12:52:05.273,01023300000000000000000000000000000000000000000000000000000000000000000000000000000000000000000000000000000000000000000000000000,010233,dial,Dial 3,51,"1,0,0,0","0,0,51,0"
2026-05-16T12:52:05.273,01023200000000000000000000000000000000000000000000000000000000000000000000000000000000000000000000000000000000000000000000000000,010232,dial,Dial 3,50,"1,0,0,0","0,0,50,0"
2026-05-16T12:52:05.273,01023100000000000000000000000000000000000000000000000000000000000000000000000000000000000000000000000000000000000000000000000000,010231,dial,Dial 3,49,"1,0,0,0","0,0,49,0"
2026-05-16T12:52:05.273,01023000000000000000000000000000000000000000000000000000000000000000000000000000000000000000000000000000000000000000000000000000,010230,dial,Dial 3,48,"1,0,0,0","0,0,48,0"
2026-05-16T12:52:05.273,01022f00000000000000000000000000000000000000000000000000000000000000000000000000000000000000000000000000000000000000000000000000,01022f,dial,Dial 3,47,"1,0,0,0","0,0,47,0"
2026-05-16T12:52:05.273,01022e00000000000000000000000000000000000000000000000000000000000000000000000000000000000000000000000000000000000000000000000000,01022e,dial,Dial 3,46,"1,0,0,0","0,0,46,0"
2026-05-16T12:52:05.273,01022d00000000000000000000000000000000000000000000000000000000000000000000000000000000000000000000000000000000000000000000000000,01022d,dial,Dial 3,45,"1,0,0,0","0,0,45,0"
2026-05-16T12:52:05.273,01022c00000000000000000000000000000000000000000000000000000000000000000000000000000000000000000000000000000000000000000000000000,01022c,dial,Dial 3,44,"1,0,0,0","0,0,44,0"
2026-05-16T12:52:05.273,01022b00000000000000000000000000000000000000000000000000000000000000000000000000000000000000000000000000000000000000000000000000,01022b,dial,Dial 3,43,"1,0,0,0","0,0,43,0"
2026-05-16T12:52:05.273,01022a00000000000000000000000000000000000000000000000000000000000000000000000000000000000000000000000000000000000000000000000000,01022a,dial,Dial 3,42,"1,0,0,0","0,0,42,0"
2026-05-16T12:52:05.273,01022900000000000000000000000000000000000000000000000000000000000000000000000000000000000000000000000000000000000000000000000000,010229,dial,Dial 3,41,"1,0,0,0","0,0,41,0"
2026-05-16T12:52:05.273,01022800000000000000000000000000000000000000000000000000000000000000000000000000000000000000000000000000000000000000000000000000,010228,dial,Dial 3,40,"1,0,0,0","0,0,40,0"
2026-05-16T12:52:05.574,01022700000000000000000000000000000000000000000000000000000000000000000000000000000000000000000000000000000000000000000000000000,010227,dial,Dial 3,39,"1,0,0,0","0,0,39,0"
2026-05-16T12:52:05.574,01022600000000000000000000000000000000000000000000000000000000000000000000000000000000000000000000000000000000000000000000000000,010226,dial,Dial 3,38,"1,0,0,0","0,0,38,0"
2026-05-16T12:52:05.574,01022500000000000000000000000000000000000000000000000000000000000000000000000000000000000000000000000000000000000000000000000000,010225,dial,Dial 3,37,"1,0,0,0","0,0,37,0"
2026-05-16T12:52:05.574,01022400000000000000000000000000000000000000000000000000000000000000000000000000000000000000000000000000000000000000000000000000,010224,dial,Dial 3,36,"1,0,0,0","0,0,36,0"
2026-05-16T12:52:05.574,01022300000000000000000000000000000000000000000000000000000000000000000000000000000000000000000000000000000000000000000000000000,010223,dial,Dial 3,35,"1,0,0,0","0,0,35,0"
2026-05-16T12:52:05.574,01022200000000000000000000000000000000000000000000000000000000000000000000000000000000000000000000000000000000000000000000000000,010222,dial,Dial 3,34,"1,0,0,0","0,0,34,0"
2026-05-16T12:52:05.574,01022100000000000000000000000000000000000000000000000000000000000000000000000000000000000000000000000000000000000000000000000000,010221,dial,Dial 3,33,"1,0,0,0","0,0,33,0"
2026-05-16T12:52:05.574,01021f00000000000000000000000000000000000000000000000000000000000000000000000000000000000000000000000000000000000000000000000000,01021f,dial,Dial 3,31,"1,0,0,0","0,0,31,0"
2026-05-16T12:52:05.574,01021e00000000000000000000000000000000000000000000000000000000000000000000000000000000000000000000000000000000000000000000000000,01021e,dial,Dial 3,30,"1,0,0,0","0,0,30,0"
2026-05-16T12:52:05.574,01021d00000000000000000000000000000000000000000000000000000000000000000000000000000000000000000000000000000000000000000000000000,01021d,dial,Dial 3,29,"1,0,0,0","0,0,29,0"
2026-05-16T12:52:05.574,01021c00000000000000000000000000000000000000000000000000000000000000000000000000000000000000000000000000000000000000000000000000,01021c,dial,Dial 3,28,"1,0,0,0","0,0,28,0"
2026-05-16T12:52:05.574,01021b00000000000000000000000000000000000000000000000000000000000000000000000000000000000000000000000000000000000000000000000000,01021b,dial,Dial 3,27,"1,0,0,0","0,0,27,0"
2026-05-16T12:52:05.574,01021900000000000000000000000000000000000000000000000000000000000000000000000000000000000000000000000000000000000000000000000000,010219,dial,Dial 3,25,"1,0,0,0","0,0,25,0"
2026-05-16T12:52:05.574,01021700000000000000000000000000000000000000000000000000000000000000000000000000000000000000000000000000000000000000000000000000,010217,dial,Dial 3,23,"1,0,0,0","0,0,23,0"
2026-05-16T12:52:05.574,01021600000000000000000000000000000000000000000000000000000000000000000000000000000000000000000000000000000000000000000000000000,010216,dial,Dial 3,22,"1,0,0,0","0,0,22,0"
2026-05-16T12:52:05.574,01021400000000000000000000000000000000000000000000000000000000000000000000000000000000000000000000000000000000000000000000000000,010214,dial,Dial 3,20,"1,0,0,0","0,0,20,0"
2026-05-16T12:52:05.574,01021300000000000000000000000000000000000000000000000000000000000000000000000000000000000000000000000000000000000000000000000000,010213,dial,Dial 3,19,"1,0,0,0","0,0,19,0"
2026-05-16T12:52:05.574,01021100000000000000000000000000000000000000000000000000000000000000000000000000000000000000000000000000000000000000000000000000,010211,dial,Dial 3,17,"1,0,0,0","0,0,17,0"
2026-05-16T12:52:05.574,01021000000000000000000000000000000000000000000000000000000000000000000000000000000000000000000000000000000000000000000000000000,010210,dial,Dial 3,16,"1,0,0,0","0,0,16,0"
2026-05-16T12:52:05.574,01020e00000000000000000000000000000000000000000000000000000000000000000000000000000000000000000000000000000000000000000000000000,01020e,dial,Dial 3,14,"1,0,0,0","0,0,14,0"
2026-05-16T12:52:05.574,01020c00000000000000000000000000000000000000000000000000000000000000000000000000000000000000000000000000000000000000000000000000,01020c,dial,Dial 3,12,"1,0,0,0","0,0,12,0"
2026-05-16T12:52:05.574,01020a00000000000000000000000000000000000000000000000000000000000000000000000000000000000000000000000000000000000000000000000000,01020a,dial,Dial 3,10,"1,0,0,0","0,0,10,0"
2026-05-16T12:52:05.574,01020900000000000000000000000000000000000000000000000000000000000000000000000000000000000000000000000000000000000000000000000000,010209,dial,Dial 3,9,"1,0,0,0","0,0,9,0"
2026-05-16T12:52:05.574,01020700000000000000000000000000000000000000000000000000000000000000000000000000000000000000000000000000000000000000000000000000,010207,dial,Dial 3,7,"1,0,0,0","0,0,7,0"
2026-05-16T12:52:05.574,01020500000000000000000000000000000000000000000000000000000000000000000000000000000000000000000000000000000000000000000000000000,010205,dial,Dial 3,5,"1,0,0,0","0,0,5,0"
2026-05-16T12:52:05.574,01020300000000000000000000000000000000000000000000000000000000000000000000000000000000000000000000000000000000000000000000000000,010203,dial,Dial 3,3,"1,0,0,0","0,0,3,0"
2026-05-16T12:52:05.574,01020100000000000000000000000000000000000000000000000000000000000000000000000000000000000000000000000000000000000000000000000000,010201,dial,Dial 3,1,"1,0,0,0","0,0,1,0"
2026-05-16T12:52:05.574,01020000000000000000000000000000000000000000000000000000000000000000000000000000000000000000000000000000000000000000000000000000,010200,dial,Dial 3,0,"1,0,0,0","0,0,0,0"
2026-05-16T12:52:07.176,02030100000000000000000000000000000000000000000000000000000000000000000000000000000000000000000000000000000000000000000000000000,020301,button,Button 4,1,"0,0,0,1","3,1,0,0"
2026-05-16T12:52:07.276,02030000000000000000000000000000000000000000000000000000000000000000000000000000000000000000000000000000000000000000000000000000,020300,button,Button 4,0,"0,0,0,0","3,0,0,0"
2026-05-16T12:52:07.877,01030100000000000000000000000000000000000000000000000000000000000000000000000000000000000000000000000000000000000000000000000000,010301,dial,Dial 4,1,"1,0,0,0","0,0,0,1"
2026-05-16T12:52:07.877,01030200000000000000000000000000000000000000000000000000000000000000000000000000000000000000000000000000000000000000000000000000,010302,dial,Dial 4,2,"1,0,0,0","0,0,0,2"
2026-05-16T12:52:07.877,01030300000000000000000000000000000000000000000000000000000000000000000000000000000000000000000000000000000000000000000000000000,010303,dial,Dial 4,3,"1,0,0,0","0,0,0,3"
2026-05-16T12:52:07.877,01030400000000000000000000000000000000000000000000000000000000000000000000000000000000000000000000000000000000000000000000000000,010304,dial,Dial 4,4,"1,0,0,0","0,0,0,4"
2026-05-16T12:52:07.877,01030500000000000000000000000000000000000000000000000000000000000000000000000000000000000000000000000000000000000000000000000000,010305,dial,Dial 4,5,"1,0,0,0","0,0,0,5"
2026-05-16T12:52:07.877,01030600000000000000000000000000000000000000000000000000000000000000000000000000000000000000000000000000000000000000000000000000,010306,dial,Dial 4,6,"1,0,0,0","0,0,0,6"
2026-05-16T12:52:07.877,01030700000000000000000000000000000000000000000000000000000000000000000000000000000000000000000000000000000000000000000000000000,010307,dial,Dial 4,7,"1,0,0,0","0,0,0,7"
2026-05-16T12:52:07.977,01030800000000000000000000000000000000000000000000000000000000000000000000000000000000000000000000000000000000000000000000000000,010308,dial,Dial 4,8,"1,0,0,0","0,0,0,8"
2026-05-16T12:52:07.977,01030900000000000000000000000000000000000000000000000000000000000000000000000000000000000000000000000000000000000000000000000000,010309,dial,Dial 4,9,"1,0,0,0","0,0,0,9"
2026-05-16T12:52:07.977,01030a00000000000000000000000000000000000000000000000000000000000000000000000000000000000000000000000000000000000000000000000000,01030a,dial,Dial 4,10,"1,0,0,0","0,0,0,10"
2026-05-16T12:52:07.977,01030c00000000000000000000000000000000000000000000000000000000000000000000000000000000000000000000000000000000000000000000000000,01030c,dial,Dial 4,12,"1,0,0,0","0,0,0,12"
2026-05-16T12:52:07.977,01030d00000000000000000000000000000000000000000000000000000000000000000000000000000000000000000000000000000000000000000000000000,01030d,dial,Dial 4,13,"1,0,0,0","0,0,0,13"
2026-05-16T12:52:07.977,01030e00000000000000000000000000000000000000000000000000000000000000000000000000000000000000000000000000000000000000000000000000,01030e,dial,Dial 4,14,"1,0,0,0","0,0,0,14"
2026-05-16T12:52:07.977,01031000000000000000000000000000000000000000000000000000000000000000000000000000000000000000000000000000000000000000000000000000,010310,dial,Dial 4,16,"1,0,0,0","0,0,0,16"
2026-05-16T12:52:07.977,01031100000000000000000000000000000000000000000000000000000000000000000000000000000000000000000000000000000000000000000000000000,010311,dial,Dial 4,17,"1,0,0,0","0,0,0,17"
2026-05-16T12:52:07.977,01031200000000000000000000000000000000000000000000000000000000000000000000000000000000000000000000000000000000000000000000000000,010312,dial,Dial 4,18,"1,0,0,0","0,0,0,18"
2026-05-16T12:52:07.977,01031300000000000000000000000000000000000000000000000000000000000000000000000000000000000000000000000000000000000000000000000000,010313,dial,Dial 4,19,"1,0,0,0","0,0,0,19"
2026-05-16T12:52:07.977,01031400000000000000000000000000000000000000000000000000000000000000000000000000000000000000000000000000000000000000000000000000,010314,dial,Dial 4,20,"1,0,0,0","0,0,0,20"
2026-05-16T12:52:07.977,01031500000000000000000000000000000000000000000000000000000000000000000000000000000000000000000000000000000000000000000000000000,010315,dial,Dial 4,21,"1,0,0,0","0,0,0,21"
2026-05-16T12:52:07.978,01031600000000000000000000000000000000000000000000000000000000000000000000000000000000000000000000000000000000000000000000000000,010316,dial,Dial 4,22,"1,0,0,0","0,0,0,22"
2026-05-16T12:52:07.978,01031700000000000000000000000000000000000000000000000000000000000000000000000000000000000000000000000000000000000000000000000000,010317,dial,Dial 4,23,"1,0,0,0","0,0,0,23"
2026-05-16T12:52:07.978,01031800000000000000000000000000000000000000000000000000000000000000000000000000000000000000000000000000000000000000000000000000,010318,dial,Dial 4,24,"1,0,0,0","0,0,0,24"
2026-05-16T12:52:07.978,01031900000000000000000000000000000000000000000000000000000000000000000000000000000000000000000000000000000000000000000000000000,010319,dial,Dial 4,25,"1,0,0,0","0,0,0,25"
2026-05-16T12:52:07.978,01031a00000000000000000000000000000000000000000000000000000000000000000000000000000000000000000000000000000000000000000000000000,01031a,dial,Dial 4,26,"1,0,0,0","0,0,0,26"
2026-05-16T12:52:07.978,01031b00000000000000000000000000000000000000000000000000000000000000000000000000000000000000000000000000000000000000000000000000,01031b,dial,Dial 4,27,"1,0,0,0","0,0,0,27"
2026-05-16T12:52:07.978,01031c00000000000000000000000000000000000000000000000000000000000000000000000000000000000000000000000000000000000000000000000000,01031c,dial,Dial 4,28,"1,0,0,0","0,0,0,28"
2026-05-16T12:52:07.978,01031d00000000000000000000000000000000000000000000000000000000000000000000000000000000000000000000000000000000000000000000000000,01031d,dial,Dial 4,29,"1,0,0,0","0,0,0,29"
2026-05-16T12:52:07.978,01031e00000000000000000000000000000000000000000000000000000000000000000000000000000000000000000000000000000000000000000000000000,01031e,dial,Dial 4,30,"1,0,0,0","0,0,0,30"
2026-05-16T12:52:07.978,01031f00000000000000000000000000000000000000000000000000000000000000000000000000000000000000000000000000000000000000000000000000,01031f,dial,Dial 4,31,"1,0,0,0","0,0,0,31"
2026-05-16T12:52:07.978,01032000000000000000000000000000000000000000000000000000000000000000000000000000000000000000000000000000000000000000000000000000,010320,dial,Dial 4,32,"1,0,0,0","0,0,0,32"
2026-05-16T12:52:07.978,01032100000000000000000000000000000000000000000000000000000000000000000000000000000000000000000000000000000000000000000000000000,010321,dial,Dial 4,33,"1,0,0,0","0,0,0,33"
2026-05-16T12:52:07.978,01032200000000000000000000000000000000000000000000000000000000000000000000000000000000000000000000000000000000000000000000000000,010322,dial,Dial 4,34,"1,0,0,0","0,0,0,34"
2026-05-16T12:52:07.978,01032300000000000000000000000000000000000000000000000000000000000000000000000000000000000000000000000000000000000000000000000000,010323,dial,Dial 4,35,"1,0,0,0","0,0,0,35"
2026-05-16T12:52:07.978,01032400000000000000000000000000000000000000000000000000000000000000000000000000000000000000000000000000000000000000000000000000,010324,dial,Dial 4,36,"1,0,0,0","0,0,0,36"
2026-05-16T12:52:07.978,01032500000000000000000000000000000000000000000000000000000000000000000000000000000000000000000000000000000000000000000000000000,010325,dial,Dial 4,37,"1,0,0,0","0,0,0,37"
2026-05-16T12:52:07.978,01032600000000000000000000000000000000000000000000000000000000000000000000000000000000000000000000000000000000000000000000000000,010326,dial,Dial 4,38,"1,0,0,0","0,0,0,38"
2026-05-16T12:52:07.978,01032700000000000000000000000000000000000000000000000000000000000000000000000000000000000000000000000000000000000000000000000000,010327,dial,Dial 4,39,"1,0,0,0","0,0,0,39"
2026-05-16T12:52:07.978,01032800000000000000000000000000000000000000000000000000000000000000000000000000000000000000000000000000000000000000000000000000,010328,dial,Dial 4,40,"1,0,0,0","0,0,0,40"
2026-05-16T12:52:07.978,01032900000000000000000000000000000000000000000000000000000000000000000000000000000000000000000000000000000000000000000000000000,010329,dial,Dial 4,41,"1,0,0,0","0,0,0,41"
2026-05-16T12:52:07.978,01032a00000000000000000000000000000000000000000000000000000000000000000000000000000000000000000000000000000000000000000000000000,01032a,dial,Dial 4,42,"1,0,0,0","0,0,0,42"
2026-05-16T12:52:07.978,01032b00000000000000000000000000000000000000000000000000000000000000000000000000000000000000000000000000000000000000000000000000,01032b,dial,Dial 4,43,"1,0,0,0","0,0,0,43"
2026-05-16T12:52:07.978,01032c00000000000000000000000000000000000000000000000000000000000000000000000000000000000000000000000000000000000000000000000000,01032c,dial,Dial 4,44,"1,0,0,0","0,0,0,44"
2026-05-16T12:52:07.978,01032d00000000000000000000000000000000000000000000000000000000000000000000000000000000000000000000000000000000000000000000000000,01032d,dial,Dial 4,45,"1,0,0,0","0,0,0,45"
2026-05-16T12:52:07.978,01032e00000000000000000000000000000000000000000000000000000000000000000000000000000000000000000000000000000000000000000000000000,01032e,dial,Dial 4,46,"1,0,0,0","0,0,0,46"
2026-05-16T12:52:07.978,01032f00000000000000000000000000000000000000000000000000000000000000000000000000000000000000000000000000000000000000000000000000,01032f,dial,Dial 4,47,"1,0,0,0","0,0,0,47"
2026-05-16T12:52:07.978,01033000000000000000000000000000000000000000000000000000000000000000000000000000000000000000000000000000000000000000000000000000,010330,dial,Dial 4,48,"1,0,0,0","0,0,0,48"
2026-05-16T12:52:07.978,01033100000000000000000000000000000000000000000000000000000000000000000000000000000000000000000000000000000000000000000000000000,010331,dial,Dial 4,49,"1,0,0,0","0,0,0,49"
2026-05-16T12:52:07.978,01033200000000000000000000000000000000000000000000000000000000000000000000000000000000000000000000000000000000000000000000000000,010332,dial,Dial 4,50,"1,0,0,0","0,0,0,50"
2026-05-16T12:52:07.978,01033300000000000000000000000000000000000000000000000000000000000000000000000000000000000000000000000000000000000000000000000000,010333,dial,Dial 4,51,"1,0,0,0","0,0,0,51"
2026-05-16T12:52:07.978,01033400000000000000000000000000000000000000000000000000000000000000000000000000000000000000000000000000000000000000000000000000,010334,dial,Dial 4,52,"1,0,0,0","0,0,0,52"
2026-05-16T12:52:07.978,01033500000000000000000000000000000000000000000000000000000000000000000000000000000000000000000000000000000000000000000000000000,010335,dial,Dial 4,53,"1,0,0,0","0,0,0,53"
2026-05-16T12:52:07.978,01033600000000000000000000000000000000000000000000000000000000000000000000000000000000000000000000000000000000000000000000000000,010336,dial,Dial 4,54,"1,0,0,0","0,0,0,54"
2026-05-16T12:52:07.978,01033700000000000000000000000000000000000000000000000000000000000000000000000000000000000000000000000000000000000000000000000000,010337,dial,Dial 4,55,"1,0,0,0","0,0,0,55"
2026-05-16T12:52:07.978,01033800000000000000000000000000000000000000000000000000000000000000000000000000000000000000000000000000000000000000000000000000,010338,dial,Dial 4,56,"1,0,0,0","0,0,0,56"
2026-05-16T12:52:08.079,01033900000000000000000000000000000000000000000000000000000000000000000000000000000000000000000000000000000000000000000000000000,010339,dial,Dial 4,57,"1,0,0,0","0,0,0,57"
2026-05-16T12:52:08.079,01033a00000000000000000000000000000000000000000000000000000000000000000000000000000000000000000000000000000000000000000000000000,01033a,dial,Dial 4,58,"1,0,0,0","0,0,0,58"
2026-05-16T12:52:08.079,01033b00000000000000000000000000000000000000000000000000000000000000000000000000000000000000000000000000000000000000000000000000,01033b,dial,Dial 4,59,"1,0,0,0","0,0,0,59"
2026-05-16T12:52:08.079,01033c00000000000000000000000000000000000000000000000000000000000000000000000000000000000000000000000000000000000000000000000000,01033c,dial,Dial 4,60,"1,0,0,0","0,0,0,60"
2026-05-16T12:52:08.079,01033d00000000000000000000000000000000000000000000000000000000000000000000000000000000000000000000000000000000000000000000000000,01033d,dial,Dial 4,61,"1,0,0,0","0,0,0,61"
2026-05-16T12:52:08.079,01033e00000000000000000000000000000000000000000000000000000000000000000000000000000000000000000000000000000000000000000000000000,01033e,dial,Dial 4,62,"1,0,0,0","0,0,0,62"
2026-05-16T12:52:08.079,01033f00000000000000000000000000000000000000000000000000000000000000000000000000000000000000000000000000000000000000000000000000,01033f,dial,Dial 4,63,"1,0,0,0","0,0,0,63"
2026-05-16T12:52:08.079,01034000000000000000000000000000000000000000000000000000000000000000000000000000000000000000000000000000000000000000000000000000,010340,dial,Dial 4,64,"1,0,0,0","0,0,0,64"
2026-05-16T12:52:08.079,01034100000000000000000000000000000000000000000000000000000000000000000000000000000000000000000000000000000000000000000000000000,010341,dial,Dial 4,65,"1,0,0,0","0,0,0,65"
2026-05-16T12:52:08.079,01034200000000000000000000000000000000000000000000000000000000000000000000000000000000000000000000000000000000000000000000000000,010342,dial,Dial 4,66,"1,0,0,0","0,0,0,66"
2026-05-16T12:52:08.079,01034300000000000000000000000000000000000000000000000000000000000000000000000000000000000000000000000000000000000000000000000000,010343,dial,Dial 4,67,"1,0,0,0","0,0,0,67"
2026-05-16T12:52:08.079,01034400000000000000000000000000000000000000000000000000000000000000000000000000000000000000000000000000000000000000000000000000,010344,dial,Dial 4,68,"1,0,0,0","0,0,0,68"
2026-05-16T12:52:08.079,01034500000000000000000000000000000000000000000000000000000000000000000000000000000000000000000000000000000000000000000000000000,010345,dial,Dial 4,69,"1,0,0,0","0,0,0,69"
2026-05-16T12:52:08.079,01034600000000000000000000000000000000000000000000000000000000000000000000000000000000000000000000000000000000000000000000000000,010346,dial,Dial 4,70,"1,0,0,0","0,0,0,70"
2026-05-16T12:52:08.079,01034700000000000000000000000000000000000000000000000000000000000000000000000000000000000000000000000000000000000000000000000000,010347,dial,Dial 4,71,"1,0,0,0","0,0,0,71"
2026-05-16T12:52:08.079,01034800000000000000000000000000000000000000000000000000000000000000000000000000000000000000000000000000000000000000000000000000,010348,dial,Dial 4,72,"1,0,0,0","0,0,0,72"
2026-05-16T12:52:08.079,01034900000000000000000000000000000000000000000000000000000000000000000000000000000000000000000000000000000000000000000000000000,010349,dial,Dial 4,73,"1,0,0,0","0,0,0,73"
2026-05-16T12:52:08.079,01034a00000000000000000000000000000000000000000000000000000000000000000000000000000000000000000000000000000000000000000000000000,01034a,dial,Dial 4,74,"1,0,0,0","0,0,0,74"
2026-05-16T12:52:08.079,01034b00000000000000000000000000000000000000000000000000000000000000000000000000000000000000000000000000000000000000000000000000,01034b,dial,Dial 4,75,"1,0,0,0","0,0,0,75"
2026-05-16T12:52:08.079,01034c00000000000000000000000000000000000000000000000000000000000000000000000000000000000000000000000000000000000000000000000000,01034c,dial,Dial 4,76,"1,0,0,0","0,0,0,76"
2026-05-16T12:52:08.079,01034d00000000000000000000000000000000000000000000000000000000000000000000000000000000000000000000000000000000000000000000000000,01034d,dial,Dial 4,77,"1,0,0,0","0,0,0,77"
2026-05-16T12:52:08.079,01034e00000000000000000000000000000000000000000000000000000000000000000000000000000000000000000000000000000000000000000000000000,01034e,dial,Dial 4,78,"1,0,0,0","0,0,0,78"
2026-05-16T12:52:08.079,01034f00000000000000000000000000000000000000000000000000000000000000000000000000000000000000000000000000000000000000000000000000,01034f,dial,Dial 4,79,"1,0,0,0","0,0,0,79"
2026-05-16T12:52:08.079,01035000000000000000000000000000000000000000000000000000000000000000000000000000000000000000000000000000000000000000000000000000,010350,dial,Dial 4,80,"1,0,0,0","0,0,0,80"
2026-05-16T12:52:08.079,01035100000000000000000000000000000000000000000000000000000000000000000000000000000000000000000000000000000000000000000000000000,010351,dial,Dial 4,81,"1,0,0,0","0,0,0,81"
2026-05-16T12:52:08.079,01035200000000000000000000000000000000000000000000000000000000000000000000000000000000000000000000000000000000000000000000000000,010352,dial,Dial 4,82,"1,0,0,0","0,0,0,82"
2026-05-16T12:52:08.079,01035300000000000000000000000000000000000000000000000000000000000000000000000000000000000000000000000000000000000000000000000000,010353,dial,Dial 4,83,"1,0,0,0","0,0,0,83"
2026-05-16T12:52:08.079,01035400000000000000000000000000000000000000000000000000000000000000000000000000000000000000000000000000000000000000000000000000,010354,dial,Dial 4,84,"1,0,0,0","0,0,0,84"
2026-05-16T12:52:08.079,01035500000000000000000000000000000000000000000000000000000000000000000000000000000000000000000000000000000000000000000000000000,010355,dial,Dial 4,85,"1,0,0,0","0,0,0,85"
2026-05-16T12:52:08.079,01035600000000000000000000000000000000000000000000000000000000000000000000000000000000000000000000000000000000000000000000000000,010356,dial,Dial 4,86,"1,0,0,0","0,0,0,86"
2026-05-16T12:52:08.079,01035700000000000000000000000000000000000000000000000000000000000000000000000000000000000000000000000000000000000000000000000000,010357,dial,Dial 4,87,"1,0,0,0","0,0,0,87"
2026-05-16T12:52:08.079,01035800000000000000000000000000000000000000000000000000000000000000000000000000000000000000000000000000000000000000000000000000,010358,dial,Dial 4,88,"1,0,0,0","0,0,0,88"
2026-05-16T12:52:08.079,01035900000000000000000000000000000000000000000000000000000000000000000000000000000000000000000000000000000000000000000000000000,010359,dial,Dial 4,89,"1,0,0,0","0,0,0,89"
2026-05-16T12:52:08.079,01035a00000000000000000000000000000000000000000000000000000000000000000000000000000000000000000000000000000000000000000000000000,01035a,dial,Dial 4,90,"1,0,0,0","0,0,0,90"
2026-05-16T12:52:08.179,01035b00000000000000000000000000000000000000000000000000000000000000000000000000000000000000000000000000000000000000000000000000,01035b,dial,Dial 4,91,"1,0,0,0","0,0,0,91"
2026-05-16T12:52:08.380,01035c00000000000000000000000000000000000000000000000000000000000000000000000000000000000000000000000000000000000000000000000000,01035c,dial,Dial 4,92,"1,0,0,0","0,0,0,92"
2026-05-16T12:52:08.380,01035d00000000000000000000000000000000000000000000000000000000000000000000000000000000000000000000000000000000000000000000000000,01035d,dial,Dial 4,93,"1,0,0,0","0,0,0,93"
2026-05-16T12:52:08.380,01035e00000000000000000000000000000000000000000000000000000000000000000000000000000000000000000000000000000000000000000000000000,01035e,dial,Dial 4,94,"1,0,0,0","0,0,0,94"
2026-05-16T12:52:08.380,01035f00000000000000000000000000000000000000000000000000000000000000000000000000000000000000000000000000000000000000000000000000,01035f,dial,Dial 4,95,"1,0,0,0","0,0,0,95"
2026-05-16T12:52:08.380,01036000000000000000000000000000000000000000000000000000000000000000000000000000000000000000000000000000000000000000000000000000,010360,dial,Dial 4,96,"1,0,0,0","0,0,0,96"
2026-05-16T12:52:08.380,01036100000000000000000000000000000000000000000000000000000000000000000000000000000000000000000000000000000000000000000000000000,010361,dial,Dial 4,97,"1,0,0,0","0,0,0,97"
2026-05-16T12:52:08.480,01036200000000000000000000000000000000000000000000000000000000000000000000000000000000000000000000000000000000000000000000000000,010362,dial,Dial 4,98,"1,0,0,0","0,0,0,98"
2026-05-16T12:52:08.480,01036400000000000000000000000000000000000000000000000000000000000000000000000000000000000000000000000000000000000000000000000000,010364,dial,Dial 4,100,"1,0,0,0","0,0,0,100"
2026-05-16T12:52:08.480,01036600000000000000000000000000000000000000000000000000000000000000000000000000000000000000000000000000000000000000000000000000,010366,dial,Dial 4,102,"1,0,0,0","0,0,0,102"
2026-05-16T12:52:08.480,01036700000000000000000000000000000000000000000000000000000000000000000000000000000000000000000000000000000000000000000000000000,010367,dial,Dial 4,103,"1,0,0,0","0,0,0,103"
2026-05-16T12:52:08.480,01036900000000000000000000000000000000000000000000000000000000000000000000000000000000000000000000000000000000000000000000000000,010369,dial,Dial 4,105,"1,0,0,0","0,0,0,105"
2026-05-16T12:52:08.480,01036b00000000000000000000000000000000000000000000000000000000000000000000000000000000000000000000000000000000000000000000000000,01036b,dial,Dial 4,107,"1,0,0,0","0,0,0,107"
2026-05-16T12:52:08.480,01036d00000000000000000000000000000000000000000000000000000000000000000000000000000000000000000000000000000000000000000000000000,01036d,dial,Dial 4,109,"1,0,0,0","0,0,0,109"
2026-05-16T12:52:08.480,01036e00000000000000000000000000000000000000000000000000000000000000000000000000000000000000000000000000000000000000000000000000,01036e,dial,Dial 4,110,"1,0,0,0","0,0,0,110"
2026-05-16T12:52:08.480,01037000000000000000000000000000000000000000000000000000000000000000000000000000000000000000000000000000000000000000000000000000,010370,dial,Dial 4,112,"1,0,0,0","0,0,0,112"
2026-05-16T12:52:08.481,01037200000000000000000000000000000000000000000000000000000000000000000000000000000000000000000000000000000000000000000000000000,010372,dial,Dial 4,114,"1,0,0,0","0,0,0,114"
2026-05-16T12:52:08.481,01037300000000000000000000000000000000000000000000000000000000000000000000000000000000000000000000000000000000000000000000000000,010373,dial,Dial 4,115,"1,0,0,0","0,0,0,115"
2026-05-16T12:52:08.481,01037400000000000000000000000000000000000000000000000000000000000000000000000000000000000000000000000000000000000000000000000000,010374,dial,Dial 4,116,"1,0,0,0","0,0,0,116"
2026-05-16T12:52:08.481,01037600000000000000000000000000000000000000000000000000000000000000000000000000000000000000000000000000000000000000000000000000,010376,dial,Dial 4,118,"1,0,0,0","0,0,0,118"
2026-05-16T12:52:08.481,01037800000000000000000000000000000000000000000000000000000000000000000000000000000000000000000000000000000000000000000000000000,010378,dial,Dial 4,120,"1,0,0,0","0,0,0,120"
2026-05-16T12:52:08.481,01037900000000000000000000000000000000000000000000000000000000000000000000000000000000000000000000000000000000000000000000000000,010379,dial,Dial 4,121,"1,0,0,0","0,0,0,121"
2026-05-16T12:52:08.481,01037b00000000000000000000000000000000000000000000000000000000000000000000000000000000000000000000000000000000000000000000000000,01037b,dial,Dial 4,123,"1,0,0,0","0,0,0,123"
2026-05-16T12:52:08.481,01037d00000000000000000000000000000000000000000000000000000000000000000000000000000000000000000000000000000000000000000000000000,01037d,dial,Dial 4,125,"1,0,0,0","0,0,0,125"
2026-05-16T12:52:08.481,01037e00000000000000000000000000000000000000000000000000000000000000000000000000000000000000000000000000000000000000000000000000,01037e,dial,Dial 4,126,"1,0,0,0","0,0,0,126"
2026-05-16T12:52:08.481,01038000000000000000000000000000000000000000000000000000000000000000000000000000000000000000000000000000000000000000000000000000,010380,dial,Dial 4,128,"1,0,0,0","0,0,0,128"
2026-05-16T12:52:08.481,01038100000000000000000000000000000000000000000000000000000000000000000000000000000000000000000000000000000000000000000000000000,010381,dial,Dial 4,129,"1,0,0,0","0,0,0,129"
2026-05-16T12:52:08.481,01038200000000000000000000000000000000000000000000000000000000000000000000000000000000000000000000000000000000000000000000000000,010382,dial,Dial 4,130,"1,0,0,0","0,0,0,130"
2026-05-16T12:52:08.481,01038400000000000000000000000000000000000000000000000000000000000000000000000000000000000000000000000000000000000000000000000000,010384,dial,Dial 4,132,"1,0,0,0","0,0,0,132"
2026-05-16T12:52:08.481,01038500000000000000000000000000000000000000000000000000000000000000000000000000000000000000000000000000000000000000000000000000,010385,dial,Dial 4,133,"1,0,0,0","0,0,0,133"
2026-05-16T12:52:08.481,01038600000000000000000000000000000000000000000000000000000000000000000000000000000000000000000000000000000000000000000000000000,010386,dial,Dial 4,134,"1,0,0,0","0,0,0,134"
2026-05-16T12:52:08.481,01038800000000000000000000000000000000000000000000000000000000000000000000000000000000000000000000000000000000000000000000000000,010388,dial,Dial 4,136,"1,0,0,0","0,0,0,136"
2026-05-16T12:52:08.481,01038900000000000000000000000000000000000000000000000000000000000000000000000000000000000000000000000000000000000000000000000000,010389,dial,Dial 4,137,"1,0,0,0","0,0,0,137"
2026-05-16T12:52:08.481,01038a00000000000000000000000000000000000000000000000000000000000000000000000000000000000000000000000000000000000000000000000000,01038a,dial,Dial 4,138,"1,0,0,0","0,0,0,138"
2026-05-16T12:52:08.481,01038b00000000000000000000000000000000000000000000000000000000000000000000000000000000000000000000000000000000000000000000000000,01038b,dial,Dial 4,139,"1,0,0,0","0,0,0,139"
2026-05-16T12:52:08.481,01038c00000000000000000000000000000000000000000000000000000000000000000000000000000000000000000000000000000000000000000000000000,01038c,dial,Dial 4,140,"1,0,0,0","0,0,0,140"
2026-05-16T12:52:08.481,01038d00000000000000000000000000000000000000000000000000000000000000000000000000000000000000000000000000000000000000000000000000,01038d,dial,Dial 4,141,"1,0,0,0","0,0,0,141"
2026-05-16T12:52:08.481,01038e00000000000000000000000000000000000000000000000000000000000000000000000000000000000000000000000000000000000000000000000000,01038e,dial,Dial 4,142,"1,0,0,0","0,0,0,142"
2026-05-16T12:52:08.481,01038f00000000000000000000000000000000000000000000000000000000000000000000000000000000000000000000000000000000000000000000000000,01038f,dial,Dial 4,143,"1,0,0,0","0,0,0,143"
2026-05-16T12:52:08.481,01039000000000000000000000000000000000000000000000000000000000000000000000000000000000000000000000000000000000000000000000000000,010390,dial,Dial 4,144,"1,0,0,0","0,0,0,144"
2026-05-16T12:52:08.481,01039100000000000000000000000000000000000000000000000000000000000000000000000000000000000000000000000000000000000000000000000000,010391,dial,Dial 4,145,"1,0,0,0","0,0,0,145"
2026-05-16T12:52:08.481,01039200000000000000000000000000000000000000000000000000000000000000000000000000000000000000000000000000000000000000000000000000,010392,dial,Dial 4,146,"1,0,0,0","0,0,0,146"
2026-05-16T12:52:08.481,01039300000000000000000000000000000000000000000000000000000000000000000000000000000000000000000000000000000000000000000000000000,010393,dial,Dial 4,147,"1,0,0,0","0,0,0,147"
2026-05-16T12:52:08.481,01039400000000000000000000000000000000000000000000000000000000000000000000000000000000000000000000000000000000000000000000000000,010394,dial,Dial 4,148,"1,0,0,0","0,0,0,148"
2026-05-16T12:52:08.481,01039500000000000000000000000000000000000000000000000000000000000000000000000000000000000000000000000000000000000000000000000000,010395,dial,Dial 4,149,"1,0,0,0","0,0,0,149"
2026-05-16T12:52:08.481,01039600000000000000000000000000000000000000000000000000000000000000000000000000000000000000000000000000000000000000000000000000,010396,dial,Dial 4,150,"1,0,0,0","0,0,0,150"
2026-05-16T12:52:08.481,01039700000000000000000000000000000000000000000000000000000000000000000000000000000000000000000000000000000000000000000000000000,010397,dial,Dial 4,151,"1,0,0,0","0,0,0,151"
2026-05-16T12:52:08.581,01039800000000000000000000000000000000000000000000000000000000000000000000000000000000000000000000000000000000000000000000000000,010398,dial,Dial 4,152,"1,0,0,0","0,0,0,152"
2026-05-16T12:52:08.882,01039900000000000000000000000000000000000000000000000000000000000000000000000000000000000000000000000000000000000000000000000000,010399,dial,Dial 4,153,"1,0,0,0","0,0,0,153"
2026-05-16T12:52:08.882,01039a00000000000000000000000000000000000000000000000000000000000000000000000000000000000000000000000000000000000000000000000000,01039a,dial,Dial 4,154,"1,0,0,0","0,0,0,154"
2026-05-16T12:52:08.882,01039b00000000000000000000000000000000000000000000000000000000000000000000000000000000000000000000000000000000000000000000000000,01039b,dial,Dial 4,155,"1,0,0,0","0,0,0,155"
2026-05-16T12:52:08.882,01039c00000000000000000000000000000000000000000000000000000000000000000000000000000000000000000000000000000000000000000000000000,01039c,dial,Dial 4,156,"1,0,0,0","0,0,0,156"
2026-05-16T12:52:08.882,01039d00000000000000000000000000000000000000000000000000000000000000000000000000000000000000000000000000000000000000000000000000,01039d,dial,Dial 4,157,"1,0,0,0","0,0,0,157"
2026-05-16T12:52:08.882,01039e00000000000000000000000000000000000000000000000000000000000000000000000000000000000000000000000000000000000000000000000000,01039e,dial,Dial 4,158,"1,0,0,0","0,0,0,158"
2026-05-16T12:52:08.882,0103a000000000000000000000000000000000000000000000000000000000000000000000000000000000000000000000000000000000000000000000000000,0103a0,dial,Dial 4,160,"1,0,0,0","0,0,0,160"
2026-05-16T12:52:08.882,0103a100000000000000000000000000000000000000000000000000000000000000000000000000000000000000000000000000000000000000000000000000,0103a1,dial,Dial 4,161,"1,0,0,0","0,0,0,161"
2026-05-16T12:52:08.882,0103a300000000000000000000000000000000000000000000000000000000000000000000000000000000000000000000000000000000000000000000000000,0103a3,dial,Dial 4,163,"1,0,0,0","0,0,0,163"
2026-05-16T12:52:08.882,0103a500000000000000000000000000000000000000000000000000000000000000000000000000000000000000000000000000000000000000000000000000,0103a5,dial,Dial 4,165,"1,0,0,0","0,0,0,165"
2026-05-16T12:52:08.882,0103a600000000000000000000000000000000000000000000000000000000000000000000000000000000000000000000000000000000000000000000000000,0103a6,dial,Dial 4,166,"1,0,0,0","0,0,0,166"
2026-05-16T12:52:08.882,0103a800000000000000000000000000000000000000000000000000000000000000000000000000000000000000000000000000000000000000000000000000,0103a8,dial,Dial 4,168,"1,0,0,0","0,0,0,168"
2026-05-16T12:52:08.882,0103aa00000000000000000000000000000000000000000000000000000000000000000000000000000000000000000000000000000000000000000000000000,0103aa,dial,Dial 4,170,"1,0,0,0","0,0,0,170"
2026-05-16T12:52:08.882,0103ac00000000000000000000000000000000000000000000000000000000000000000000000000000000000000000000000000000000000000000000000000,0103ac,dial,Dial 4,172,"1,0,0,0","0,0,0,172"
2026-05-16T12:52:08.882,0103ae00000000000000000000000000000000000000000000000000000000000000000000000000000000000000000000000000000000000000000000000000,0103ae,dial,Dial 4,174,"1,0,0,0","0,0,0,174"
2026-05-16T12:52:08.882,0103b000000000000000000000000000000000000000000000000000000000000000000000000000000000000000000000000000000000000000000000000000,0103b0,dial,Dial 4,176,"1,0,0,0","0,0,0,176"
2026-05-16T12:52:08.882,0103b200000000000000000000000000000000000000000000000000000000000000000000000000000000000000000000000000000000000000000000000000,0103b2,dial,Dial 4,178,"1,0,0,0","0,0,0,178"
2026-05-16T12:52:08.882,0103b400000000000000000000000000000000000000000000000000000000000000000000000000000000000000000000000000000000000000000000000000,0103b4,dial,Dial 4,180,"1,0,0,0","0,0,0,180"
2026-05-16T12:52:08.882,0103b700000000000000000000000000000000000000000000000000000000000000000000000000000000000000000000000000000000000000000000000000,0103b7,dial,Dial 4,183,"1,0,0,0","0,0,0,183"
2026-05-16T12:52:08.882,0103b900000000000000000000000000000000000000000000000000000000000000000000000000000000000000000000000000000000000000000000000000,0103b9,dial,Dial 4,185,"1,0,0,0","0,0,0,185"
2026-05-16T12:52:08.882,0103bc00000000000000000000000000000000000000000000000000000000000000000000000000000000000000000000000000000000000000000000000000,0103bc,dial,Dial 4,188,"1,0,0,0","0,0,0,188"
2026-05-16T12:52:08.883,0103bd00000000000000000000000000000000000000000000000000000000000000000000000000000000000000000000000000000000000000000000000000,0103bd,dial,Dial 4,189,"1,0,0,0","0,0,0,189"
2026-05-16T12:52:08.883,0103bf00000000000000000000000000000000000000000000000000000000000000000000000000000000000000000000000000000000000000000000000000,0103bf,dial,Dial 4,191,"1,0,0,0","0,0,0,191"
2026-05-16T12:52:08.883,0103c100000000000000000000000000000000000000000000000000000000000000000000000000000000000000000000000000000000000000000000000000,0103c1,dial,Dial 4,193,"1,0,0,0","0,0,0,193"
2026-05-16T12:52:08.883,0103c300000000000000000000000000000000000000000000000000000000000000000000000000000000000000000000000000000000000000000000000000,0103c3,dial,Dial 4,195,"1,0,0,0","0,0,0,195"
2026-05-16T12:52:08.883,0103c500000000000000000000000000000000000000000000000000000000000000000000000000000000000000000000000000000000000000000000000000,0103c5,dial,Dial 4,197,"1,0,0,0","0,0,0,197"
2026-05-16T12:52:08.883,0103c600000000000000000000000000000000000000000000000000000000000000000000000000000000000000000000000000000000000000000000000000,0103c6,dial,Dial 4,198,"1,0,0,0","0,0,0,198"
2026-05-16T12:52:08.883,0103c800000000000000000000000000000000000000000000000000000000000000000000000000000000000000000000000000000000000000000000000000,0103c8,dial,Dial 4,200,"1,0,0,0","0,0,0,200"
2026-05-16T12:52:08.883,0103ca00000000000000000000000000000000000000000000000000000000000000000000000000000000000000000000000000000000000000000000000000,0103ca,dial,Dial 4,202,"1,0,0,0","0,0,0,202"
2026-05-16T12:52:08.883,0103cc00000000000000000000000000000000000000000000000000000000000000000000000000000000000000000000000000000000000000000000000000,0103cc,dial,Dial 4,204,"1,0,0,0","0,0,0,204"
2026-05-16T12:52:08.883,0103ce00000000000000000000000000000000000000000000000000000000000000000000000000000000000000000000000000000000000000000000000000,0103ce,dial,Dial 4,206,"1,0,0,0","0,0,0,206"
2026-05-16T12:52:08.883,0103cf00000000000000000000000000000000000000000000000000000000000000000000000000000000000000000000000000000000000000000000000000,0103cf,dial,Dial 4,207,"1,0,0,0","0,0,0,207"
2026-05-16T12:52:08.883,0103d000000000000000000000000000000000000000000000000000000000000000000000000000000000000000000000000000000000000000000000000000,0103d0,dial,Dial 4,208,"1,0,0,0","0,0,0,208"
2026-05-16T12:52:08.883,0103d200000000000000000000000000000000000000000000000000000000000000000000000000000000000000000000000000000000000000000000000000,0103d2,dial,Dial 4,210,"1,0,0,0","0,0,0,210"
2026-05-16T12:52:08.883,0103d400000000000000000000000000000000000000000000000000000000000000000000000000000000000000000000000000000000000000000000000000,0103d4,dial,Dial 4,212,"1,0,0,0","0,0,0,212"
2026-05-16T12:52:08.883,0103d600000000000000000000000000000000000000000000000000000000000000000000000000000000000000000000000000000000000000000000000000,0103d6,dial,Dial 4,214,"1,0,0,0","0,0,0,214"
2026-05-16T12:52:08.883,0103d700000000000000000000000000000000000000000000000000000000000000000000000000000000000000000000000000000000000000000000000000,0103d7,dial,Dial 4,215,"1,0,0,0","0,0,0,215"
2026-05-16T12:52:08.883,0103d900000000000000000000000000000000000000000000000000000000000000000000000000000000000000000000000000000000000000000000000000,0103d9,dial,Dial 4,217,"1,0,0,0","0,0,0,217"
2026-05-16T12:52:08.883,0103da00000000000000000000000000000000000000000000000000000000000000000000000000000000000000000000000000000000000000000000000000,0103da,dial,Dial 4,218,"1,0,0,0","0,0,0,218"
2026-05-16T12:52:08.883,0103dc00000000000000000000000000000000000000000000000000000000000000000000000000000000000000000000000000000000000000000000000000,0103dc,dial,Dial 4,220,"1,0,0,0","0,0,0,220"
2026-05-16T12:52:08.883,0103dd00000000000000000000000000000000000000000000000000000000000000000000000000000000000000000000000000000000000000000000000000,0103dd,dial,Dial 4,221,"1,0,0,0","0,0,0,221"
2026-05-16T12:52:08.883,0103de00000000000000000000000000000000000000000000000000000000000000000000000000000000000000000000000000000000000000000000000000,0103de,dial,Dial 4,222,"1,0,0,0","0,0,0,222"
2026-05-16T12:52:08.883,0103df00000000000000000000000000000000000000000000000000000000000000000000000000000000000000000000000000000000000000000000000000,0103df,dial,Dial 4,223,"1,0,0,0","0,0,0,223"
2026-05-16T12:52:08.883,0103e100000000000000000000000000000000000000000000000000000000000000000000000000000000000000000000000000000000000000000000000000,0103e1,dial,Dial 4,225,"1,0,0,0","0,0,0,225"
2026-05-16T12:52:08.883,0103e200000000000000000000000000000000000000000000000000000000000000000000000000000000000000000000000000000000000000000000000000,0103e2,dial,Dial 4,226,"1,0,0,0","0,0,0,226"
2026-05-16T12:52:08.883,0103e300000000000000000000000000000000000000000000000000000000000000000000000000000000000000000000000000000000000000000000000000,0103e3,dial,Dial 4,227,"1,0,0,0","0,0,0,227"
2026-05-16T12:52:08.983,0103e400000000000000000000000000000000000000000000000000000000000000000000000000000000000000000000000000000000000000000000000000,0103e4,dial,Dial 4,228,"1,0,0,0","0,0,0,228"
2026-05-16T12:52:08.983,0103e500000000000000000000000000000000000000000000000000000000000000000000000000000000000000000000000000000000000000000000000000,0103e5,dial,Dial 4,229,"1,0,0,0","0,0,0,229"
2026-05-16T12:52:08.983,0103e600000000000000000000000000000000000000000000000000000000000000000000000000000000000000000000000000000000000000000000000000,0103e6,dial,Dial 4,230,"1,0,0,0","0,0,0,230"
2026-05-16T12:52:08.983,0103e700000000000000000000000000000000000000000000000000000000000000000000000000000000000000000000000000000000000000000000000000,0103e7,dial,Dial 4,231,"1,0,0,0","0,0,0,231"
2026-05-16T12:52:08.983,0103e800000000000000000000000000000000000000000000000000000000000000000000000000000000000000000000000000000000000000000000000000,0103e8,dial,Dial 4,232,"1,0,0,0","0,0,0,232"
2026-05-16T12:52:08.983,0103e900000000000000000000000000000000000000000000000000000000000000000000000000000000000000000000000000000000000000000000000000,0103e9,dial,Dial 4,233,"1,0,0,0","0,0,0,233"
2026-05-16T12:52:08.983,0103ea00000000000000000000000000000000000000000000000000000000000000000000000000000000000000000000000000000000000000000000000000,0103ea,dial,Dial 4,234,"1,0,0,0","0,0,0,234"
2026-05-16T12:52:08.983,0103eb00000000000000000000000000000000000000000000000000000000000000000000000000000000000000000000000000000000000000000000000000,0103eb,dial,Dial 4,235,"1,0,0,0","0,0,0,235"
2026-05-16T12:52:08.983,0103ec00000000000000000000000000000000000000000000000000000000000000000000000000000000000000000000000000000000000000000000000000,0103ec,dial,Dial 4,236,"1,0,0,0","0,0,0,236"
2026-05-16T12:52:08.984,0103ed00000000000000000000000000000000000000000000000000000000000000000000000000000000000000000000000000000000000000000000000000,0103ed,dial,Dial 4,237,"1,0,0,0","0,0,0,237"
2026-05-16T12:52:09.284,0103ee00000000000000000000000000000000000000000000000000000000000000000000000000000000000000000000000000000000000000000000000000,0103ee,dial,Dial 4,238,"1,0,0,0","0,0,0,238"
2026-05-16T12:52:09.284,0103ef00000000000000000000000000000000000000000000000000000000000000000000000000000000000000000000000000000000000000000000000000,0103ef,dial,Dial 4,239,"1,0,0,0","0,0,0,239"
2026-05-16T12:52:09.284,0103f000000000000000000000000000000000000000000000000000000000000000000000000000000000000000000000000000000000000000000000000000,0103f0,dial,Dial 4,240,"1,0,0,0","0,0,0,240"
2026-05-16T12:52:09.284,0103f100000000000000000000000000000000000000000000000000000000000000000000000000000000000000000000000000000000000000000000000000,0103f1,dial,Dial 4,241,"1,0,0,0","0,0,0,241"
2026-05-16T12:52:09.284,0103f200000000000000000000000000000000000000000000000000000000000000000000000000000000000000000000000000000000000000000000000000,0103f2,dial,Dial 4,242,"1,0,0,0","0,0,0,242"
2026-05-16T12:52:09.284,0103f300000000000000000000000000000000000000000000000000000000000000000000000000000000000000000000000000000000000000000000000000,0103f3,dial,Dial 4,243,"1,0,0,0","0,0,0,243"
2026-05-16T12:52:09.284,0103f400000000000000000000000000000000000000000000000000000000000000000000000000000000000000000000000000000000000000000000000000,0103f4,dial,Dial 4,244,"1,0,0,0","0,0,0,244"
2026-05-16T12:52:09.284,0103f500000000000000000000000000000000000000000000000000000000000000000000000000000000000000000000000000000000000000000000000000,0103f5,dial,Dial 4,245,"1,0,0,0","0,0,0,245"
2026-05-16T12:52:09.284,0103f600000000000000000000000000000000000000000000000000000000000000000000000000000000000000000000000000000000000000000000000000,0103f6,dial,Dial 4,246,"1,0,0,0","0,0,0,246"
2026-05-16T12:52:09.284,0103f700000000000000000000000000000000000000000000000000000000000000000000000000000000000000000000000000000000000000000000000000,0103f7,dial,Dial 4,247,"1,0,0,0","0,0,0,247"
2026-05-16T12:52:09.284,0103f800000000000000000000000000000000000000000000000000000000000000000000000000000000000000000000000000000000000000000000000000,0103f8,dial,Dial 4,248,"1,0,0,0","0,0,0,248"
2026-05-16T12:52:09.284,0103f900000000000000000000000000000000000000000000000000000000000000000000000000000000000000000000000000000000000000000000000000,0103f9,dial,Dial 4,249,"1,0,0,0","0,0,0,249"
2026-05-16T12:52:09.284,0103fa00000000000000000000000000000000000000000000000000000000000000000000000000000000000000000000000000000000000000000000000000,0103fa,dial,Dial 4,250,"1,0,0,0","0,0,0,250"
2026-05-16T12:52:09.284,0103fb00000000000000000000000000000000000000000000000000000000000000000000000000000000000000000000000000000000000000000000000000,0103fb,dial,Dial 4,251,"1,0,0,0","0,0,0,251"
2026-05-16T12:52:09.284,0103fc00000000000000000000000000000000000000000000000000000000000000000000000000000000000000000000000000000000000000000000000000,0103fc,dial,Dial 4,252,"1,0,0,0","0,0,0,252"
2026-05-16T12:52:09.284,0103fe00000000000000000000000000000000000000000000000000000000000000000000000000000000000000000000000000000000000000000000000000,0103fe,dial,Dial 4,254,"1,0,0,0","0,0,0,254"
2026-05-16T12:52:09.284,0103ff00000000000000000000000000000000000000000000000000000000000000000000000000000000000000000000000000000000000000000000000000,0103ff,dial,Dial 4,255,"1,0,0,0","0,0,0,255"
2026-05-16T12:52:09.885,0103fe00000000000000000000000000000000000000000000000000000000000000000000000000000000000000000000000000000000000000000000000000,0103fe,dial,Dial 4,254,"1,0,0,0","0,0,0,254"
2026-05-16T12:52:09.985,0103fd00000000000000000000000000000000000000000000000000000000000000000000000000000000000000000000000000000000000000000000000000,0103fd,dial,Dial 4,253,"1,0,0,0","0,0,0,253"
2026-05-16T12:52:09.985,0103fc00000000000000000000000000000000000000000000000000000000000000000000000000000000000000000000000000000000000000000000000000,0103fc,dial,Dial 4,252,"1,0,0,0","0,0,0,252"
2026-05-16T12:52:09.985,0103fb00000000000000000000000000000000000000000000000000000000000000000000000000000000000000000000000000000000000000000000000000,0103fb,dial,Dial 4,251,"1,0,0,0","0,0,0,251"
2026-05-16T12:52:09.985,0103fa00000000000000000000000000000000000000000000000000000000000000000000000000000000000000000000000000000000000000000000000000,0103fa,dial,Dial 4,250,"1,0,0,0","0,0,0,250"
2026-05-16T12:52:09.985,0103f900000000000000000000000000000000000000000000000000000000000000000000000000000000000000000000000000000000000000000000000000,0103f9,dial,Dial 4,249,"1,0,0,0","0,0,0,249"
2026-05-16T12:52:09.985,0103f700000000000000000000000000000000000000000000000000000000000000000000000000000000000000000000000000000000000000000000000000,0103f7,dial,Dial 4,247,"1,0,0,0","0,0,0,247"
2026-05-16T12:52:09.985,0103f600000000000000000000000000000000000000000000000000000000000000000000000000000000000000000000000000000000000000000000000000,0103f6,dial,Dial 4,246,"1,0,0,0","0,0,0,246"
2026-05-16T12:52:09.985,0103f400000000000000000000000000000000000000000000000000000000000000000000000000000000000000000000000000000000000000000000000000,0103f4,dial,Dial 4,244,"1,0,0,0","0,0,0,244"
2026-05-16T12:52:09.985,0103f200000000000000000000000000000000000000000000000000000000000000000000000000000000000000000000000000000000000000000000000000,0103f2,dial,Dial 4,242,"1,0,0,0","0,0,0,242"
2026-05-16T12:52:09.985,0103f100000000000000000000000000000000000000000000000000000000000000000000000000000000000000000000000000000000000000000000000000,0103f1,dial,Dial 4,241,"1,0,0,0","0,0,0,241"
2026-05-16T12:52:09.986,0103ef00000000000000000000000000000000000000000000000000000000000000000000000000000000000000000000000000000000000000000000000000,0103ef,dial,Dial 4,239,"1,0,0,0","0,0,0,239"
2026-05-16T12:52:09.986,0103ed00000000000000000000000000000000000000000000000000000000000000000000000000000000000000000000000000000000000000000000000000,0103ed,dial,Dial 4,237,"1,0,0,0","0,0,0,237"
2026-05-16T12:52:09.986,0103eb00000000000000000000000000000000000000000000000000000000000000000000000000000000000000000000000000000000000000000000000000,0103eb,dial,Dial 4,235,"1,0,0,0","0,0,0,235"
2026-05-16T12:52:09.986,0103e900000000000000000000000000000000000000000000000000000000000000000000000000000000000000000000000000000000000000000000000000,0103e9,dial,Dial 4,233,"1,0,0,0","0,0,0,233"
2026-05-16T12:52:09.986,0103e700000000000000000000000000000000000000000000000000000000000000000000000000000000000000000000000000000000000000000000000000,0103e7,dial,Dial 4,231,"1,0,0,0","0,0,0,231"
2026-05-16T12:52:09.986,0103e500000000000000000000000000000000000000000000000000000000000000000000000000000000000000000000000000000000000000000000000000,0103e5,dial,Dial 4,229,"1,0,0,0","0,0,0,229"
2026-05-16T12:52:09.986,0103e300000000000000000000000000000000000000000000000000000000000000000000000000000000000000000000000000000000000000000000000000,0103e3,dial,Dial 4,227,"1,0,0,0","0,0,0,227"
2026-05-16T12:52:09.986,0103e000000000000000000000000000000000000000000000000000000000000000000000000000000000000000000000000000000000000000000000000000,0103e0,dial,Dial 4,224,"1,0,0,0","0,0,0,224"
2026-05-16T12:52:09.986,0103de00000000000000000000000000000000000000000000000000000000000000000000000000000000000000000000000000000000000000000000000000,0103de,dial,Dial 4,222,"1,0,0,0","0,0,0,222"
2026-05-16T12:52:09.986,0103db00000000000000000000000000000000000000000000000000000000000000000000000000000000000000000000000000000000000000000000000000,0103db,dial,Dial 4,219,"1,0,0,0","0,0,0,219"
2026-05-16T12:52:09.986,0103d900000000000000000000000000000000000000000000000000000000000000000000000000000000000000000000000000000000000000000000000000,0103d9,dial,Dial 4,217,"1,0,0,0","0,0,0,217"
2026-05-16T12:52:09.986,0103d600000000000000000000000000000000000000000000000000000000000000000000000000000000000000000000000000000000000000000000000000,0103d6,dial,Dial 4,214,"1,0,0,0","0,0,0,214"
2026-05-16T12:52:09.986,0103d300000000000000000000000000000000000000000000000000000000000000000000000000000000000000000000000000000000000000000000000000,0103d3,dial,Dial 4,211,"1,0,0,0","0,0,0,211"
2026-05-16T12:52:09.986,0103d000000000000000000000000000000000000000000000000000000000000000000000000000000000000000000000000000000000000000000000000000,0103d0,dial,Dial 4,208,"1,0,0,0","0,0,0,208"
2026-05-16T12:52:09.986,0103ce00000000000000000000000000000000000000000000000000000000000000000000000000000000000000000000000000000000000000000000000000,0103ce,dial,Dial 4,206,"1,0,0,0","0,0,0,206"
2026-05-16T12:52:09.986,0103ca00000000000000000000000000000000000000000000000000000000000000000000000000000000000000000000000000000000000000000000000000,0103ca,dial,Dial 4,202,"1,0,0,0","0,0,0,202"
2026-05-16T12:52:09.986,0103c800000000000000000000000000000000000000000000000000000000000000000000000000000000000000000000000000000000000000000000000000,0103c8,dial,Dial 4,200,"1,0,0,0","0,0,0,200"
2026-05-16T12:52:09.986,0103c500000000000000000000000000000000000000000000000000000000000000000000000000000000000000000000000000000000000000000000000000,0103c5,dial,Dial 4,197,"1,0,0,0","0,0,0,197"
2026-05-16T12:52:09.986,0103c300000000000000000000000000000000000000000000000000000000000000000000000000000000000000000000000000000000000000000000000000,0103c3,dial,Dial 4,195,"1,0,0,0","0,0,0,195"
2026-05-16T12:52:09.986,0103c000000000000000000000000000000000000000000000000000000000000000000000000000000000000000000000000000000000000000000000000000,0103c0,dial,Dial 4,192,"1,0,0,0","0,0,0,192"
2026-05-16T12:52:09.986,0103be00000000000000000000000000000000000000000000000000000000000000000000000000000000000000000000000000000000000000000000000000,0103be,dial,Dial 4,190,"1,0,0,0","0,0,0,190"
2026-05-16T12:52:09.986,0103bc00000000000000000000000000000000000000000000000000000000000000000000000000000000000000000000000000000000000000000000000000,0103bc,dial,Dial 4,188,"1,0,0,0","0,0,0,188"
2026-05-16T12:52:09.986,0103b900000000000000000000000000000000000000000000000000000000000000000000000000000000000000000000000000000000000000000000000000,0103b9,dial,Dial 4,185,"1,0,0,0","0,0,0,185"
2026-05-16T12:52:09.986,0103b700000000000000000000000000000000000000000000000000000000000000000000000000000000000000000000000000000000000000000000000000,0103b7,dial,Dial 4,183,"1,0,0,0","0,0,0,183"
2026-05-16T12:52:09.986,0103b400000000000000000000000000000000000000000000000000000000000000000000000000000000000000000000000000000000000000000000000000,0103b4,dial,Dial 4,180,"1,0,0,0","0,0,0,180"
2026-05-16T12:52:09.986,0103b200000000000000000000000000000000000000000000000000000000000000000000000000000000000000000000000000000000000000000000000000,0103b2,dial,Dial 4,178,"1,0,0,0","0,0,0,178"
2026-05-16T12:52:09.986,0103af00000000000000000000000000000000000000000000000000000000000000000000000000000000000000000000000000000000000000000000000000,0103af,dial,Dial 4,175,"1,0,0,0","0,0,0,175"
2026-05-16T12:52:09.986,0103ae00000000000000000000000000000000000000000000000000000000000000000000000000000000000000000000000000000000000000000000000000,0103ae,dial,Dial 4,174,"1,0,0,0","0,0,0,174"
2026-05-16T12:52:09.986,0103ab00000000000000000000000000000000000000000000000000000000000000000000000000000000000000000000000000000000000000000000000000,0103ab,dial,Dial 4,171,"1,0,0,0","0,0,0,171"
2026-05-16T12:52:09.986,0103a900000000000000000000000000000000000000000000000000000000000000000000000000000000000000000000000000000000000000000000000000,0103a9,dial,Dial 4,169,"1,0,0,0","0,0,0,169"
2026-05-16T12:52:09.986,0103a700000000000000000000000000000000000000000000000000000000000000000000000000000000000000000000000000000000000000000000000000,0103a7,dial,Dial 4,167,"1,0,0,0","0,0,0,167"
2026-05-16T12:52:09.986,0103a500000000000000000000000000000000000000000000000000000000000000000000000000000000000000000000000000000000000000000000000000,0103a5,dial,Dial 4,165,"1,0,0,0","0,0,0,165"
2026-05-16T12:52:09.986,0103a400000000000000000000000000000000000000000000000000000000000000000000000000000000000000000000000000000000000000000000000000,0103a4,dial,Dial 4,164,"1,0,0,0","0,0,0,164"
2026-05-16T12:52:09.986,0103a200000000000000000000000000000000000000000000000000000000000000000000000000000000000000000000000000000000000000000000000000,0103a2,dial,Dial 4,162,"1,0,0,0","0,0,0,162"
2026-05-16T12:52:09.986,0103a100000000000000000000000000000000000000000000000000000000000000000000000000000000000000000000000000000000000000000000000000,0103a1,dial,Dial 4,161,"1,0,0,0","0,0,0,161"
2026-05-16T12:52:09.986,01039f00000000000000000000000000000000000000000000000000000000000000000000000000000000000000000000000000000000000000000000000000,01039f,dial,Dial 4,159,"1,0,0,0","0,0,0,159"
2026-05-16T12:52:09.986,01039e00000000000000000000000000000000000000000000000000000000000000000000000000000000000000000000000000000000000000000000000000,01039e,dial,Dial 4,158,"1,0,0,0","0,0,0,158"
2026-05-16T12:52:09.986,01039d00000000000000000000000000000000000000000000000000000000000000000000000000000000000000000000000000000000000000000000000000,01039d,dial,Dial 4,157,"1,0,0,0","0,0,0,157"
2026-05-16T12:52:09.986,01039c00000000000000000000000000000000000000000000000000000000000000000000000000000000000000000000000000000000000000000000000000,01039c,dial,Dial 4,156,"1,0,0,0","0,0,0,156"
2026-05-16T12:52:09.986,01039a00000000000000000000000000000000000000000000000000000000000000000000000000000000000000000000000000000000000000000000000000,01039a,dial,Dial 4,154,"1,0,0,0","0,0,0,154"
2026-05-16T12:52:09.986,01039900000000000000000000000000000000000000000000000000000000000000000000000000000000000000000000000000000000000000000000000000,010399,dial,Dial 4,153,"1,0,0,0","0,0,0,153"
2026-05-16T12:52:10.087,01039800000000000000000000000000000000000000000000000000000000000000000000000000000000000000000000000000000000000000000000000000,010398,dial,Dial 4,152,"1,0,0,0","0,0,0,152"
2026-05-16T12:52:10.087,01039700000000000000000000000000000000000000000000000000000000000000000000000000000000000000000000000000000000000000000000000000,010397,dial,Dial 4,151,"1,0,0,0","0,0,0,151"
2026-05-16T12:52:10.087,01039600000000000000000000000000000000000000000000000000000000000000000000000000000000000000000000000000000000000000000000000000,010396,dial,Dial 4,150,"1,0,0,0","0,0,0,150"
2026-05-16T12:52:10.087,01039500000000000000000000000000000000000000000000000000000000000000000000000000000000000000000000000000000000000000000000000000,010395,dial,Dial 4,149,"1,0,0,0","0,0,0,149"
2026-05-16T12:52:10.087,01039400000000000000000000000000000000000000000000000000000000000000000000000000000000000000000000000000000000000000000000000000,010394,dial,Dial 4,148,"1,0,0,0","0,0,0,148"
2026-05-16T12:52:10.087,01039300000000000000000000000000000000000000000000000000000000000000000000000000000000000000000000000000000000000000000000000000,010393,dial,Dial 4,147,"1,0,0,0","0,0,0,147"
2026-05-16T12:52:10.087,01039200000000000000000000000000000000000000000000000000000000000000000000000000000000000000000000000000000000000000000000000000,010392,dial,Dial 4,146,"1,0,0,0","0,0,0,146"
2026-05-16T12:52:10.087,01039100000000000000000000000000000000000000000000000000000000000000000000000000000000000000000000000000000000000000000000000000,010391,dial,Dial 4,145,"1,0,0,0","0,0,0,145"
2026-05-16T12:52:10.087,01039000000000000000000000000000000000000000000000000000000000000000000000000000000000000000000000000000000000000000000000000000,010390,dial,Dial 4,144,"1,0,0,0","0,0,0,144"
2026-05-16T12:52:10.087,01038f00000000000000000000000000000000000000000000000000000000000000000000000000000000000000000000000000000000000000000000000000,01038f,dial,Dial 4,143,"1,0,0,0","0,0,0,143"
2026-05-16T12:52:10.387,01038e00000000000000000000000000000000000000000000000000000000000000000000000000000000000000000000000000000000000000000000000000,01038e,dial,Dial 4,142,"1,0,0,0","0,0,0,142"
2026-05-16T12:52:10.387,01038d00000000000000000000000000000000000000000000000000000000000000000000000000000000000000000000000000000000000000000000000000,01038d,dial,Dial 4,141,"1,0,0,0","0,0,0,141"
2026-05-16T12:52:10.387,01038c00000000000000000000000000000000000000000000000000000000000000000000000000000000000000000000000000000000000000000000000000,01038c,dial,Dial 4,140,"1,0,0,0","0,0,0,140"
2026-05-16T12:52:10.387,01038b00000000000000000000000000000000000000000000000000000000000000000000000000000000000000000000000000000000000000000000000000,01038b,dial,Dial 4,139,"1,0,0,0","0,0,0,139"
2026-05-16T12:52:10.387,01038a00000000000000000000000000000000000000000000000000000000000000000000000000000000000000000000000000000000000000000000000000,01038a,dial,Dial 4,138,"1,0,0,0","0,0,0,138"
2026-05-16T12:52:10.387,01038900000000000000000000000000000000000000000000000000000000000000000000000000000000000000000000000000000000000000000000000000,010389,dial,Dial 4,137,"1,0,0,0","0,0,0,137"
2026-05-16T12:52:10.387,01038800000000000000000000000000000000000000000000000000000000000000000000000000000000000000000000000000000000000000000000000000,010388,dial,Dial 4,136,"1,0,0,0","0,0,0,136"
2026-05-16T12:52:10.387,01038700000000000000000000000000000000000000000000000000000000000000000000000000000000000000000000000000000000000000000000000000,010387,dial,Dial 4,135,"1,0,0,0","0,0,0,135"
2026-05-16T12:52:10.388,01038600000000000000000000000000000000000000000000000000000000000000000000000000000000000000000000000000000000000000000000000000,010386,dial,Dial 4,134,"1,0,0,0","0,0,0,134"
2026-05-16T12:52:10.388,01038500000000000000000000000000000000000000000000000000000000000000000000000000000000000000000000000000000000000000000000000000,010385,dial,Dial 4,133,"1,0,0,0","0,0,0,133"
2026-05-16T12:52:10.388,01038400000000000000000000000000000000000000000000000000000000000000000000000000000000000000000000000000000000000000000000000000,010384,dial,Dial 4,132,"1,0,0,0","0,0,0,132"
2026-05-16T12:52:10.388,01038300000000000000000000000000000000000000000000000000000000000000000000000000000000000000000000000000000000000000000000000000,010383,dial,Dial 4,131,"1,0,0,0","0,0,0,131"
2026-05-16T12:52:10.388,01038100000000000000000000000000000000000000000000000000000000000000000000000000000000000000000000000000000000000000000000000000,010381,dial,Dial 4,129,"1,0,0,0","0,0,0,129"
2026-05-16T12:52:10.388,01038000000000000000000000000000000000000000000000000000000000000000000000000000000000000000000000000000000000000000000000000000,010380,dial,Dial 4,128,"1,0,0,0","0,0,0,128"
2026-05-16T12:52:10.388,01037f00000000000000000000000000000000000000000000000000000000000000000000000000000000000000000000000000000000000000000000000000,01037f,dial,Dial 4,127,"1,0,0,0","0,0,0,127"
2026-05-16T12:52:10.388,01037e00000000000000000000000000000000000000000000000000000000000000000000000000000000000000000000000000000000000000000000000000,01037e,dial,Dial 4,126,"1,0,0,0","0,0,0,126"
2026-05-16T12:52:10.388,01037c00000000000000000000000000000000000000000000000000000000000000000000000000000000000000000000000000000000000000000000000000,01037c,dial,Dial 4,124,"1,0,0,0","0,0,0,124"
2026-05-16T12:52:10.388,01037a00000000000000000000000000000000000000000000000000000000000000000000000000000000000000000000000000000000000000000000000000,01037a,dial,Dial 4,122,"1,0,0,0","0,0,0,122"
2026-05-16T12:52:10.388,01037800000000000000000000000000000000000000000000000000000000000000000000000000000000000000000000000000000000000000000000000000,010378,dial,Dial 4,120,"1,0,0,0","0,0,0,120"
2026-05-16T12:52:10.388,01037700000000000000000000000000000000000000000000000000000000000000000000000000000000000000000000000000000000000000000000000000,010377,dial,Dial 4,119,"1,0,0,0","0,0,0,119"
2026-05-16T12:52:10.388,01037500000000000000000000000000000000000000000000000000000000000000000000000000000000000000000000000000000000000000000000000000,010375,dial,Dial 4,117,"1,0,0,0","0,0,0,117"
2026-05-16T12:52:10.388,01037400000000000000000000000000000000000000000000000000000000000000000000000000000000000000000000000000000000000000000000000000,010374,dial,Dial 4,116,"1,0,0,0","0,0,0,116"
2026-05-16T12:52:10.388,01037300000000000000000000000000000000000000000000000000000000000000000000000000000000000000000000000000000000000000000000000000,010373,dial,Dial 4,115,"1,0,0,0","0,0,0,115"
2026-05-16T12:52:10.388,01037100000000000000000000000000000000000000000000000000000000000000000000000000000000000000000000000000000000000000000000000000,010371,dial,Dial 4,113,"1,0,0,0","0,0,0,113"
2026-05-16T12:52:10.388,01037000000000000000000000000000000000000000000000000000000000000000000000000000000000000000000000000000000000000000000000000000,010370,dial,Dial 4,112,"1,0,0,0","0,0,0,112"
2026-05-16T12:52:10.388,01036e00000000000000000000000000000000000000000000000000000000000000000000000000000000000000000000000000000000000000000000000000,01036e,dial,Dial 4,110,"1,0,0,0","0,0,0,110"
2026-05-16T12:52:10.388,01036d00000000000000000000000000000000000000000000000000000000000000000000000000000000000000000000000000000000000000000000000000,01036d,dial,Dial 4,109,"1,0,0,0","0,0,0,109"
2026-05-16T12:52:10.388,01036b00000000000000000000000000000000000000000000000000000000000000000000000000000000000000000000000000000000000000000000000000,01036b,dial,Dial 4,107,"1,0,0,0","0,0,0,107"
2026-05-16T12:52:10.388,01036900000000000000000000000000000000000000000000000000000000000000000000000000000000000000000000000000000000000000000000000000,010369,dial,Dial 4,105,"1,0,0,0","0,0,0,105"
2026-05-16T12:52:10.388,01036800000000000000000000000000000000000000000000000000000000000000000000000000000000000000000000000000000000000000000000000000,010368,dial,Dial 4,104,"1,0,0,0","0,0,0,104"
2026-05-16T12:52:10.388,01036700000000000000000000000000000000000000000000000000000000000000000000000000000000000000000000000000000000000000000000000000,010367,dial,Dial 4,103,"1,0,0,0","0,0,0,103"
2026-05-16T12:52:10.388,01036600000000000000000000000000000000000000000000000000000000000000000000000000000000000000000000000000000000000000000000000000,010366,dial,Dial 4,102,"1,0,0,0","0,0,0,102"
2026-05-16T12:52:10.388,01036400000000000000000000000000000000000000000000000000000000000000000000000000000000000000000000000000000000000000000000000000,010364,dial,Dial 4,100,"1,0,0,0","0,0,0,100"
2026-05-16T12:52:10.388,01036200000000000000000000000000000000000000000000000000000000000000000000000000000000000000000000000000000000000000000000000000,010362,dial,Dial 4,98,"1,0,0,0","0,0,0,98"
2026-05-16T12:52:10.388,01036000000000000000000000000000000000000000000000000000000000000000000000000000000000000000000000000000000000000000000000000000,010360,dial,Dial 4,96,"1,0,0,0","0,0,0,96"
2026-05-16T12:52:10.388,01035e00000000000000000000000000000000000000000000000000000000000000000000000000000000000000000000000000000000000000000000000000,01035e,dial,Dial 4,94,"1,0,0,0","0,0,0,94"
2026-05-16T12:52:10.488,01035d00000000000000000000000000000000000000000000000000000000000000000000000000000000000000000000000000000000000000000000000000,01035d,dial,Dial 4,93,"1,0,0,0","0,0,0,93"
2026-05-16T12:52:10.488,01035c00000000000000000000000000000000000000000000000000000000000000000000000000000000000000000000000000000000000000000000000000,01035c,dial,Dial 4,92,"1,0,0,0","0,0,0,92"
2026-05-16T12:52:10.488,01035a00000000000000000000000000000000000000000000000000000000000000000000000000000000000000000000000000000000000000000000000000,01035a,dial,Dial 4,90,"1,0,0,0","0,0,0,90"
2026-05-16T12:52:10.488,01035800000000000000000000000000000000000000000000000000000000000000000000000000000000000000000000000000000000000000000000000000,010358,dial,Dial 4,88,"1,0,0,0","0,0,0,88"
2026-05-16T12:52:10.488,01035600000000000000000000000000000000000000000000000000000000000000000000000000000000000000000000000000000000000000000000000000,010356,dial,Dial 4,86,"1,0,0,0","0,0,0,86"
2026-05-16T12:52:10.488,01035400000000000000000000000000000000000000000000000000000000000000000000000000000000000000000000000000000000000000000000000000,010354,dial,Dial 4,84,"1,0,0,0","0,0,0,84"
2026-05-16T12:52:10.489,01035300000000000000000000000000000000000000000000000000000000000000000000000000000000000000000000000000000000000000000000000000,010353,dial,Dial 4,83,"1,0,0,0","0,0,0,83"
2026-05-16T12:52:10.489,01035100000000000000000000000000000000000000000000000000000000000000000000000000000000000000000000000000000000000000000000000000,010351,dial,Dial 4,81,"1,0,0,0","0,0,0,81"
2026-05-16T12:52:10.489,01034f00000000000000000000000000000000000000000000000000000000000000000000000000000000000000000000000000000000000000000000000000,01034f,dial,Dial 4,79,"1,0,0,0","0,0,0,79"
2026-05-16T12:52:10.489,01034e00000000000000000000000000000000000000000000000000000000000000000000000000000000000000000000000000000000000000000000000000,01034e,dial,Dial 4,78,"1,0,0,0","0,0,0,78"
2026-05-16T12:52:10.489,01034b00000000000000000000000000000000000000000000000000000000000000000000000000000000000000000000000000000000000000000000000000,01034b,dial,Dial 4,75,"1,0,0,0","0,0,0,75"
2026-05-16T12:52:10.489,01034a00000000000000000000000000000000000000000000000000000000000000000000000000000000000000000000000000000000000000000000000000,01034a,dial,Dial 4,74,"1,0,0,0","0,0,0,74"
2026-05-16T12:52:10.489,01034900000000000000000000000000000000000000000000000000000000000000000000000000000000000000000000000000000000000000000000000000,010349,dial,Dial 4,73,"1,0,0,0","0,0,0,73"
2026-05-16T12:52:10.489,01034700000000000000000000000000000000000000000000000000000000000000000000000000000000000000000000000000000000000000000000000000,010347,dial,Dial 4,71,"1,0,0,0","0,0,0,71"
2026-05-16T12:52:10.489,01034600000000000000000000000000000000000000000000000000000000000000000000000000000000000000000000000000000000000000000000000000,010346,dial,Dial 4,70,"1,0,0,0","0,0,0,70"
2026-05-16T12:52:10.489,01034500000000000000000000000000000000000000000000000000000000000000000000000000000000000000000000000000000000000000000000000000,010345,dial,Dial 4,69,"1,0,0,0","0,0,0,69"
2026-05-16T12:52:10.489,01034400000000000000000000000000000000000000000000000000000000000000000000000000000000000000000000000000000000000000000000000000,010344,dial,Dial 4,68,"1,0,0,0","0,0,0,68"
2026-05-16T12:52:10.489,01034300000000000000000000000000000000000000000000000000000000000000000000000000000000000000000000000000000000000000000000000000,010343,dial,Dial 4,67,"1,0,0,0","0,0,0,67"
2026-05-16T12:52:10.489,01034200000000000000000000000000000000000000000000000000000000000000000000000000000000000000000000000000000000000000000000000000,010342,dial,Dial 4,66,"1,0,0,0","0,0,0,66"
2026-05-16T12:52:10.489,01034100000000000000000000000000000000000000000000000000000000000000000000000000000000000000000000000000000000000000000000000000,010341,dial,Dial 4,65,"1,0,0,0","0,0,0,65"
2026-05-16T12:52:10.489,01034000000000000000000000000000000000000000000000000000000000000000000000000000000000000000000000000000000000000000000000000000,010340,dial,Dial 4,64,"1,0,0,0","0,0,0,64"
2026-05-16T12:52:10.489,01033f00000000000000000000000000000000000000000000000000000000000000000000000000000000000000000000000000000000000000000000000000,01033f,dial,Dial 4,63,"1,0,0,0","0,0,0,63"
2026-05-16T12:52:10.489,01033e00000000000000000000000000000000000000000000000000000000000000000000000000000000000000000000000000000000000000000000000000,01033e,dial,Dial 4,62,"1,0,0,0","0,0,0,62"
2026-05-16T12:52:10.489,01033d00000000000000000000000000000000000000000000000000000000000000000000000000000000000000000000000000000000000000000000000000,01033d,dial,Dial 4,61,"1,0,0,0","0,0,0,61"
2026-05-16T12:52:10.489,01033c00000000000000000000000000000000000000000000000000000000000000000000000000000000000000000000000000000000000000000000000000,01033c,dial,Dial 4,60,"1,0,0,0","0,0,0,60"
2026-05-16T12:52:10.489,01033b00000000000000000000000000000000000000000000000000000000000000000000000000000000000000000000000000000000000000000000000000,01033b,dial,Dial 4,59,"1,0,0,0","0,0,0,59"
2026-05-16T12:52:10.489,01033a00000000000000000000000000000000000000000000000000000000000000000000000000000000000000000000000000000000000000000000000000,01033a,dial,Dial 4,58,"1,0,0,0","0,0,0,58"
2026-05-16T12:52:10.489,01033900000000000000000000000000000000000000000000000000000000000000000000000000000000000000000000000000000000000000000000000000,010339,dial,Dial 4,57,"1,0,0,0","0,0,0,57"
2026-05-16T12:52:10.489,01033800000000000000000000000000000000000000000000000000000000000000000000000000000000000000000000000000000000000000000000000000,010338,dial,Dial 4,56,"1,0,0,0","0,0,0,56"
2026-05-16T12:52:10.489,01033700000000000000000000000000000000000000000000000000000000000000000000000000000000000000000000000000000000000000000000000000,010337,dial,Dial 4,55,"1,0,0,0","0,0,0,55"
2026-05-16T12:52:10.489,01033600000000000000000000000000000000000000000000000000000000000000000000000000000000000000000000000000000000000000000000000000,010336,dial,Dial 4,54,"1,0,0,0","0,0,0,54"
2026-05-16T12:52:10.489,01033500000000000000000000000000000000000000000000000000000000000000000000000000000000000000000000000000000000000000000000000000,010335,dial,Dial 4,53,"1,0,0,0","0,0,0,53"
2026-05-16T12:52:10.489,01033400000000000000000000000000000000000000000000000000000000000000000000000000000000000000000000000000000000000000000000000000,010334,dial,Dial 4,52,"1,0,0,0","0,0,0,52"
2026-05-16T12:52:10.489,01033200000000000000000000000000000000000000000000000000000000000000000000000000000000000000000000000000000000000000000000000000,010332,dial,Dial 4,50,"1,0,0,0","0,0,0,50"
2026-05-16T12:52:10.489,01033000000000000000000000000000000000000000000000000000000000000000000000000000000000000000000000000000000000000000000000000000,010330,dial,Dial 4,48,"1,0,0,0","0,0,0,48"
2026-05-16T12:52:10.489,01032f00000000000000000000000000000000000000000000000000000000000000000000000000000000000000000000000000000000000000000000000000,01032f,dial,Dial 4,47,"1,0,0,0","0,0,0,47"
2026-05-16T12:52:10.489,01032c00000000000000000000000000000000000000000000000000000000000000000000000000000000000000000000000000000000000000000000000000,01032c,dial,Dial 4,44,"1,0,0,0","0,0,0,44"
2026-05-16T12:52:10.489,01032a00000000000000000000000000000000000000000000000000000000000000000000000000000000000000000000000000000000000000000000000000,01032a,dial,Dial 4,42,"1,0,0,0","0,0,0,42"
2026-05-16T12:52:10.489,01032700000000000000000000000000000000000000000000000000000000000000000000000000000000000000000000000000000000000000000000000000,010327,dial,Dial 4,39,"1,0,0,0","0,0,0,39"
2026-05-16T12:52:10.489,01032600000000000000000000000000000000000000000000000000000000000000000000000000000000000000000000000000000000000000000000000000,010326,dial,Dial 4,38,"1,0,0,0","0,0,0,38"
2026-05-16T12:52:10.489,01032300000000000000000000000000000000000000000000000000000000000000000000000000000000000000000000000000000000000000000000000000,010323,dial,Dial 4,35,"1,0,0,0","0,0,0,35"
2026-05-16T12:52:10.489,01032100000000000000000000000000000000000000000000000000000000000000000000000000000000000000000000000000000000000000000000000000,010321,dial,Dial 4,33,"1,0,0,0","0,0,0,33"
2026-05-16T12:52:10.489,01031f00000000000000000000000000000000000000000000000000000000000000000000000000000000000000000000000000000000000000000000000000,01031f,dial,Dial 4,31,"1,0,0,0","0,0,0,31"
2026-05-16T12:52:10.489,01031d00000000000000000000000000000000000000000000000000000000000000000000000000000000000000000000000000000000000000000000000000,01031d,dial,Dial 4,29,"1,0,0,0","0,0,0,29"
2026-05-16T12:52:10.489,01031b00000000000000000000000000000000000000000000000000000000000000000000000000000000000000000000000000000000000000000000000000,01031b,dial,Dial 4,27,"1,0,0,0","0,0,0,27"
2026-05-16T12:52:10.489,01031a00000000000000000000000000000000000000000000000000000000000000000000000000000000000000000000000000000000000000000000000000,01031a,dial,Dial 4,26,"1,0,0,0","0,0,0,26"
2026-05-16T12:52:10.490,01031800000000000000000000000000000000000000000000000000000000000000000000000000000000000000000000000000000000000000000000000000,010318,dial,Dial 4,24,"1,0,0,0","0,0,0,24"
2026-05-16T12:52:10.490,01031700000000000000000000000000000000000000000000000000000000000000000000000000000000000000000000000000000000000000000000000000,010317,dial,Dial 4,23,"1,0,0,0","0,0,0,23"
2026-05-16T12:52:10.490,01031600000000000000000000000000000000000000000000000000000000000000000000000000000000000000000000000000000000000000000000000000,010316,dial,Dial 4,22,"1,0,0,0","0,0,0,22"
2026-05-16T12:52:10.490,01031400000000000000000000000000000000000000000000000000000000000000000000000000000000000000000000000000000000000000000000000000,010314,dial,Dial 4,20,"1,0,0,0","0,0,0,20"
2026-05-16T12:52:10.490,01031300000000000000000000000000000000000000000000000000000000000000000000000000000000000000000000000000000000000000000000000000,010313,dial,Dial 4,19,"1,0,0,0","0,0,0,19"
2026-05-16T12:52:10.590,01031200000000000000000000000000000000000000000000000000000000000000000000000000000000000000000000000000000000000000000000000000,010312,dial,Dial 4,18,"1,0,0,0","0,0,0,18"
2026-05-16T12:52:10.590,01031100000000000000000000000000000000000000000000000000000000000000000000000000000000000000000000000000000000000000000000000000,010311,dial,Dial 4,17,"1,0,0,0","0,0,0,17"
2026-05-16T12:52:10.790,01031000000000000000000000000000000000000000000000000000000000000000000000000000000000000000000000000000000000000000000000000000,010310,dial,Dial 4,16,"1,0,0,0","0,0,0,16"
2026-05-16T12:52:10.790,01030f00000000000000000000000000000000000000000000000000000000000000000000000000000000000000000000000000000000000000000000000000,01030f,dial,Dial 4,15,"1,0,0,0","0,0,0,15"
2026-05-16T12:52:10.790,01030e00000000000000000000000000000000000000000000000000000000000000000000000000000000000000000000000000000000000000000000000000,01030e,dial,Dial 4,14,"1,0,0,0","0,0,0,14"
2026-05-16T12:52:10.790,01030d00000000000000000000000000000000000000000000000000000000000000000000000000000000000000000000000000000000000000000000000000,01030d,dial,Dial 4,13,"1,0,0,0","0,0,0,13"
2026-05-16T12:52:10.790,01030c00000000000000000000000000000000000000000000000000000000000000000000000000000000000000000000000000000000000000000000000000,01030c,dial,Dial 4,12,"1,0,0,0","0,0,0,12"
2026-05-16T12:52:10.790,01030a00000000000000000000000000000000000000000000000000000000000000000000000000000000000000000000000000000000000000000000000000,01030a,dial,Dial 4,10,"1,0,0,0","0,0,0,10"
2026-05-16T12:52:10.790,01030900000000000000000000000000000000000000000000000000000000000000000000000000000000000000000000000000000000000000000000000000,010309,dial,Dial 4,9,"1,0,0,0","0,0,0,9"
2026-05-16T12:52:10.790,01030800000000000000000000000000000000000000000000000000000000000000000000000000000000000000000000000000000000000000000000000000,010308,dial,Dial 4,8,"1,0,0,0","0,0,0,8"
2026-05-16T12:52:10.790,01030600000000000000000000000000000000000000000000000000000000000000000000000000000000000000000000000000000000000000000000000000,010306,dial,Dial 4,6,"1,0,0,0","0,0,0,6"
2026-05-16T12:52:10.790,01030400000000000000000000000000000000000000000000000000000000000000000000000000000000000000000000000000000000000000000000000000,010304,dial,Dial 4,4,"1,0,0,0","0,0,0,4"
2026-05-16T12:52:10.790,01030200000000000000000000000000000000000000000000000000000000000000000000000000000000000000000000000000000000000000000000000000,010302,dial,Dial 4,2,"1,0,0,0","0,0,0,2"
2026-05-16T12:52:10.790,01030000000000000000000000000000000000000000000000000000000000000000000000000000000000000000000000000000000000000000000000000000,010300,dial,Dial 4,0,"1,0,0,0","0,0,0,0"
